filename,batch,idx,transliteration,runic,n_chars,source,split
syn_000000_igïggob_ᛁᚷᛇᚷᚷᛟᛒ.png,,0,igïggob,ᛁᚷᛇᚷᚷᛟᛒ,7,synth,train
syn_000000_jrgh_ᛃᚱᚷᚺ.png,,0,jrgh,ᛃᚱᚷᚺ,4,synth,train
syn_000000_srkmŋp_ᛊᚱᚲᛗᛜᛈ.png,,0,srkmŋp,ᛊᚱᚲᛗᛜᛈ,6,synth,val
syn_000001_fuþark_ᚠᚢᚦᚨᚱᚲ.png,,1,fuþark,ᚠᚢᚦᚨᚱᚲ,6,synth,train
syn_000001_laukáRo_ᛚᚨᚢᚲᚨᛉᛟ.png,,1,laukáRo,ᛚᚨᚢᚲᚨᛉᛟ,7,synth,train
syn_000001_tþeoa_ᛏᚦᛖᛟᚨ.png,,1,tþeoa,ᛏᚦᛖᛟᚨ,5,synth,train
syn_000002_fpu_ᚠᛈᚢ.png,,2,fpu,ᚠᛈᚢ,3,synth,train
syn_000002_sdogmksïjm_ᛊᛞᛟᚷᛗᚲᛊᛇᛃᛗ.png,,2,sdogmksïjm,ᛊᛞᛟᚷᛗᚲᛊᛇᛃᛗ,10,synth,train
syn_000002_ubmaþmerïo_ᚢᛒᛗᚨᚦᛗᛖᚱᛇᛟ.png,,2,ubmaþmerïo,ᚢᛒᛗᚨᚦᛗᛖᚱᛇᛟ,10,synth,train
syn_000003_sisghk_ᛊᛁᛊᚷᚺᚲ.png,,3,sisghk,ᛊᛁᛊᚷᚺᚲ,6,synth,train
syn_000003_stfdldRk_ᛊᛏᚠᛞᛚᛞᛉᚲ.png,,3,stfdldRk,ᛊᛏᚠᛞᛚᛞᛉᚲ,8,synth,train
syn_000004_fiwmtŋhdgl_ᚠᛁᚹᛗᛏᛜᚺᛞᚷᛚ.png,,4,fiwmtŋhdgl,ᚠᛁᚹᛗᛏᛜᚺᛞᚷᛚ,10,synth,train
syn_000004_ŋgknbem_ᛜᚷᚲᚾᛒᛖᛗ.png,,4,ŋgknbem,ᛜᚷᚲᚾᛒᛖᛗ,7,synth,train
syn_000005_ingwaRpmï_ᛁᚾᚷᚹᚨᛉᛈᛗᛇ.png,,5,ingwaRpmï,ᛁᚾᚷᚹᚨᛉᛈᛗᛇ,9,synth,train
syn_000005_koŋpwbldmR_ᚲᛟᛜᛈᚹᛒᛚᛞᛗᛉ.png,,5,koŋpwbldmR,ᚲᛟᛜᛈᚹᛒᛚᛞᛗᛉ,10,synth,train
syn_000005_nRmlngu_ᚾᛉᛗᛚᚾᚷᚢ.png,,5,nRmlngu,ᚾᛉᛗᛚᚾᚷᚢ,7,synth,train
syn_000006_laukáRl_ᛚᚨᚢᚲᚨᛉᛚ.png,,6,laukáRl,ᛚᚨᚢᚲᚨᛉᛚ,7,synth,train
syn_000006_wŋwhþs_ᚹᛜᚹᚺᚦᛊ.png,,6,wŋwhþs,ᚹᛜᚹᚺᚦᛊ,6,synth,train
syn_000007_bþtjŋï_ᛒᚦᛏᛃᛜᛇ.png,,7,bþtjŋï,ᛒᚦᛏᛃᛜᛇ,6,synth,train
syn_000007_mhoRþn_ᛗᚺᛟᛉᚦᚾ.png,,7,mhoRþn,ᛗᚺᛟᛉᚦᚾ,6,synth,train
syn_000007_msddnþ_ᛗᛊᛞᛞᚾᚦ.png,,7,msddnþ,ᛗᛊᛞᛞᚾᚦ,6,synth,val
syn_000008_ek_ᛖᚲ.png,,8,ek,ᛖᚲ,2,synth,train
syn_000008_ingwaR_ᛁᚾᚷᚹᚨᛉ.png,,8,ingwaR,ᛁᚾᚷᚹᚨᛉ,6,synth,train
syn_000008_mi_ᛗᛁ.png,,8,mi,ᛗᛁ,2,synth,train
syn_000009_hwj_ᚺᚹᛃ.png,,9,hwj,ᚺᚹᛃ,3,synth,train
syn_000009_ingwaR_ᛁᚾᚷᚹᚨᛉ.png,,9,ingwaR,ᛁᚾᚷᚹᚨᛉ,6,synth,train
syn_000009_lljgs_ᛚᛚᛃᚷᛊ.png,,9,lljgs,ᛚᛚᛃᚷᛊ,5,synth,train
syn_000010_htlþeït_ᚺᛏᛚᚦᛖᛇᛏ.png,,10,htlþeït,ᚺᛏᛚᚦᛖᛇᛏ,7,synth,train
syn_000010_jitdbapdi_ᛃᛁᛏᛞᛒᚨᛈᛞᛁ.png,,10,jitdbapdi,ᛃᛁᛏᛞᛒᚨᛈᛞᛁ,9,synth,train
syn_000010_tkpm_ᛏᚲᛈᛗ.png,,10,tkpm,ᛏᚲᛈᛗ,4,synth,train
syn_000011_alu_ᚨᛚᚢ.png,,11,alu,ᚨᛚᚢ,3,synth,test
syn_000011_hodgkiu_ᚺᛟᛞᚷᚲᛁᚢ.png,,11,hodgkiu,ᚺᛟᛞᚷᚲᛁᚢ,7,synth,train
syn_000011_ïmsuugw_ᛇᛗᛊᚢᚢᚷᚹ.png,,11,ïmsuugw,ᛇᛗᛊᚢᚢᚷᚹ,7,synth,train
syn_000012_fuþark_ᚠᚢᚦᚨᚱᚲ.png,,12,fuþark,ᚠᚢᚦᚨᚱᚲ,6,synth,train
syn_000012_fuþarkeun_ᚠᚢᚦᚨᚱᚲᛖᚢᚾ.png,,12,fuþarkeun,ᚠᚢᚦᚨᚱᚲᛖᚢᚾ,9,synth,train
syn_000012_ingwaR_ᛁᚾᚷᚹᚨᛉ.png,,12,ingwaR,ᛁᚾᚷᚹᚨᛉ,6,synth,train
syn_000013_rsReswl_ᚱᛊᛉᛖᛊᚹᛚ.png,,13,rsReswl,ᚱᛊᛉᛖᛊᚹᛚ,7,synth,train
syn_000013_þiþwk_ᚦᛁᚦᚹᚲ.png,,13,þiþwk,ᚦᛁᚦᚹᚲ,5,synth,train
syn_000014_laukáRþu_ᛚᚨᚢᚲᚨᛉᚦᚢ.png,,14,laukáRþu,ᛚᚨᚢᚲᚨᛉᚦᚢ,8,synth,train
syn_000015_bRujb_ᛒᛉᚢᛃᛒ.png,,15,bRujb,ᛒᛉᚢᛃᛒ,5,synth,train
syn_000015_egnjrkrm_ᛖᚷᚾᛃᚱᚲᚱᛗ.png,,15,egnjrkrm,ᛖᚷᚾᛃᚱᚲᚱᛗ,8,synth,train
syn_000015_hebs_ᚺᛖᛒᛊ.png,,15,hebs,ᚺᛖᛒᛊ,4,synth,train
syn_000016_fuþarkmji_ᚠᚢᚦᚨᚱᚲᛗᛃᛁ.png,,16,fuþarkmji,ᚠᚢᚦᚨᚱᚲᛗᛃᛁ,9,synth,train
syn_000016_laukáRmb_ᛚᚨᚢᚲᚨᛉᛗᛒ.png,,16,laukáRmb,ᛚᚨᚢᚲᚨᛉᛗᛒ,8,synth,train
syn_000016_oiRdr_ᛟᛁᛉᛞᚱ.png,,16,oiRdr,ᛟᛁᛉᛞᚱ,5,synth,train
syn_000017_fwkbïd_ᚠᚹᚲᛒᛇᛞ.png,,17,fwkbïd,ᚠᚹᚲᛒᛇᛞ,6,synth,train
syn_000017_kbRŋl_ᚲᛒᛉᛜᛚ.png,,17,kbRŋl,ᚲᛒᛉᛜᛚ,5,synth,train
syn_000017_poïRoee_ᛈᛟᛇᛉᛟᛖᛖ.png,,17,poïRoee,ᛈᛟᛇᛉᛟᛖᛖ,7,synth,train
syn_000018_fuþarkgk_ᚠᚢᚦᚨᚱᚲᚷᚲ.png,,18,fuþarkgk,ᚠᚢᚦᚨᚱᚲᚷᚲ,8,synth,train
syn_000018_kwŋ_ᚲᚹᛜ.png,,18,kwŋ,ᚲᚹᛜ,3,synth,train
syn_000018_sgasal_ᛊᚷᚨᛊᚨᛚ.png,,18,sgasal,ᛊᚷᚨᛊᚨᛚ,6,synth,train
syn_000019_fuþark_ᚠᚢᚦᚨᚱᚲ.png,,19,fuþark,ᚠᚢᚦᚨᚱᚲ,6,synth,train
syn_000019_þjŋŋþþwïm_ᚦᛃᛜᛜᚦᚦᚹᛇᛗ.png,,19,þjŋŋþþwïm,ᚦᛃᛜᛜᚦᚦᚹᛇᛗ,9,synth,train
syn_000019_þr_ᚦᚱ.png,,19,þr,ᚦᚱ,2,synth,val
syn_000020_Rjliuŋi_ᛉᛃᛚᛁᚢᛜᛁ.png,,20,Rjliuŋi,ᛉᛃᛚᛁᚢᛜᛁ,7,synth,train
syn_000020_ïeio_ᛇᛖᛁᛟ.png,,20,ïeio,ᛇᛖᛁᛟ,4,synth,train
syn_000020_ukbmpRjb_ᚢᚲᛒᛗᛈᛉᛃᛒ.png,,20,ukbmpRjb,ᚢᚲᛒᛗᛈᛉᛃᛒ,8,synth,train
syn_000021_alu_ᚨᛚᚢ.png,,21,alu,ᚨᛚᚢ,3,synth,test
syn_000021_duïdl_ᛞᚢᛇᛞᛚ.png,,21,duïdl,ᛞᚢᛇᛞᛚ,5,synth,train
syn_000021_tiwaR_ᛏᛁᚹᚨᛉ.png,,21,tiwaR,ᛏᛁᚹᚨᛉ,5,synth,test
syn_000022_duhimo_ᛞᚢᚺᛁᛗᛟ.png,,22,duhimo,ᛞᚢᚺᛁᛗᛟ,6,synth,train
syn_000022_nþwdow_ᚾᚦᚹᛞᛟᚹ.png,,22,nþwdow,ᚾᚦᚹᛞᛟᚹ,6,synth,train
syn_000022_udwaRi_ᚢᛞᚹᚨᛉᛁ.png,,22,udwaRi,ᚢᛞᚹᚨᛉᛁ,6,synth,train
syn_000023_alu_ᚨᛚᚢ.png,,23,alu,ᚨᛚᚢ,3,synth,test
syn_000023_nr_ᚾᚱ.png,,23,nr,ᚾᚱ,2,synth,train
syn_000023_wRgdj_ᚹᛉᚷᛞᛃ.png,,23,wRgdj,ᚹᛉᚷᛞᛃ,5,synth,train
syn_000024_iRikapr_ᛁᛉᛁᚲᚨᛈᚱ.png,,24,iRikapr,ᛁᛉᛁᚲᚨᛈᚱ,7,synth,train
syn_000024_raookfsep_ᚱᚨᛟᛟᚲᚠᛊᛖᛈ.png,,24,raookfsep,ᚱᚨᛟᛟᚲᚠᛊᛖᛈ,9,synth,train
syn_000024_ŋmgilssw_ᛜᛗᚷᛁᛚᛊᛊᚹ.png,,24,ŋmgilssw,ᛜᛗᚷᛁᛚᛊᛊᚹ,8,synth,train
syn_000025_ustwkka_ᚢᛊᛏᚹᚲᚲᚨ.png,,25,ustwkka,ᚢᛊᛏᚹᚲᚲᚨ,7,synth,train
syn_000025_wŋe_ᚹᛜᛖ.png,,25,wŋe,ᚹᛜᛖ,3,synth,train
syn_000025_ŋjŋs_ᛜᛃᛜᛊ.png,,25,ŋjŋs,ᛜᛃᛜᛊ,4,synth,train
syn_000026_Rbkïmka_ᛉᛒᚲᛇᛗᚲᚨ.png,,26,Rbkïmka,ᛉᛒᚲᛇᛗᚲᚨ,7,synth,train
syn_000026_ma_ᛗᚨ.png,,26,ma,ᛗᚨ,2,synth,train
syn_000026_þbiïglludl_ᚦᛒᛁᛇᚷᛚᛚᚢᛞᛚ.png,,26,þbiïglludl,ᚦᛒᛁᛇᚷᛚᛚᚢᛞᛚ,10,synth,train
syn_000027_dnfrnabtþp_ᛞᚾᚠᚱᚾᚨᛒᛏᚦᛈ.png,,27,dnfrnabtþp,ᛞᚾᚠᚱᚾᚨᛒᛏᚦᛈ,10,synth,train
syn_000027_eojkgh_ᛖᛟᛃᚲᚷᚺ.png,,27,eojkgh,ᛖᛟᛃᚲᚷᚺ,6,synth,test
syn_000027_þïhd_ᚦᛇᚺᛞ.png,,27,þïhd,ᚦᛇᚺᛞ,4,synth,train
syn_000028_fþwŋþnbRj_ᚠᚦᚹᛜᚦᚾᛒᛉᛃ.png,,28,fþwŋþnbRj,ᚠᚦᚹᛜᚦᚾᛒᛉᛃ,9,synth,train
syn_000028_hrg_ᚺᚱᚷ.png,,28,hrg,ᚺᚱᚷ,3,synth,train
syn_000028_uï_ᚢᛇ.png,,28,uï,ᚢᛇ,2,synth,train
syn_000029_gŋþptŋïiad_ᚷᛜᚦᛈᛏᛜᛇᛁᚨᛞ.png,,29,gŋþptŋïiad,ᚷᛜᚦᛈᛏᛜᛇᛁᚨᛞ,10,synth,train
syn_000029_olRs_ᛟᛚᛉᛊ.png,,29,olRs,ᛟᛚᛉᛊ,4,synth,train
syn_000029_pltn_ᛈᛚᛏᚾ.png,,29,pltn,ᛈᛚᛏᚾ,4,synth,train
syn_000030_agmoR_ᚨᚷᛗᛟᛉ.png,,30,agmoR,ᚨᚷᛗᛟᛉ,5,synth,test
syn_000030_mnoathons_ᛗᚾᛟᚨᛏᚺᛟᚾᛊ.png,,30,mnoathons,ᛗᚾᛟᚨᛏᚺᛟᚾᛊ,9,synth,train
syn_000030_ŋmlm_ᛜᛗᛚᛗ.png,,30,ŋmlm,ᛜᛗᛚᛗ,4,synth,train
syn_000031_bbelmbhdfj_ᛒᛒᛖᛚᛗᛒᚺᛞᚠᛃ.png,,31,bbelmbhdfj,ᛒᛒᛖᛚᛗᛒᚺᛞᚠᛃ,10,synth,train
syn_000031_bp_ᛒᛈ.png,,31,bp,ᛒᛈ,2,synth,train
syn_000031_tiwaR_ᛏᛁᚹᚨᛉ.png,,31,tiwaR,ᛏᛁᚹᚨᛉ,5,synth,test
syn_000032_ingwaR_ᛁᚾᚷᚹᚨᛉ.png,,32,ingwaR,ᛁᚾᚷᚹᚨᛉ,6,synth,train
syn_000032_jhïpou_ᛃᚺᛇᛈᛟᚢ.png,,32,jhïpou,ᛃᚺᛇᛈᛟᚢ,6,synth,train
syn_000032_mhïhfsowŋ_ᛗᚺᛇᚺᚠᛊᛟᚹᛜ.png,,32,mhïhfsowŋ,ᛗᚺᛇᚺᚠᛊᛟᚹᛜ,9,synth,train
syn_000033_RRiut_ᛉᛉᛁᚢᛏ.png,,33,RRiut,ᛉᛉᛁᚢᛏ,5,synth,train
syn_000033_lbfua_ᛚᛒᚠᚢᚨ.png,,33,lbfua,ᛚᛒᚠᚢᚨ,5,synth,val
syn_000033_lïbgŋeïe_ᛚᛇᛒᚷᛜᛖᛇᛖ.png,,33,lïbgŋeïe,ᛚᛇᛒᚷᛜᛖᛇᛖ,8,synth,train
syn_000034_ek_ᛖᚲ.png,,34,ek,ᛖᚲ,2,synth,train
syn_000034_np_ᚾᛈ.png,,34,np,ᚾᛈ,2,synth,train
syn_000034_pRdhlwŋkdþ_ᛈᛉᛞᚺᛚᚹᛜᚲᛞᚦ.png,,34,pRdhlwŋkdþ,ᛈᛉᛞᚺᛚᚹᛜᚲᛞᚦ,10,synth,train
syn_000035_aglŋþpob_ᚨᚷᛚᛜᚦᛈᛟᛒ.png,,35,aglŋþpob,ᚨᚷᛚᛜᚦᛈᛟᛒ,8,synth,val
syn_000035_laukáR_ᛚᚨᚢᚲᚨᛉ.png,,35,laukáR,ᛚᚨᚢᚲᚨᛉ,6,synth,train
syn_000035_rtdwuudïŋ_ᚱᛏᛞᚹᚢᚢᛞᛇᛜ.png,,35,rtdwuudïŋ,ᚱᛏᛞᚹᚢᚢᛞᛇᛜ,9,synth,train
syn_000036_ïRusfïh_ᛇᛉᚢᛊᚠᛇᚺ.png,,36,ïRusfïh,ᛇᛉᚢᛊᚠᛇᚺ,7,synth,test
syn_000036_nbRahnïïï_ᚾᛒᛉᚨᚺᚾᛇᛇᛇ.png,,36,nbRahnïïï,ᚾᛒᛉᚨᚺᚾᛇᛇᛇ,9,synth,train
syn_000036_þtk_ᚦᛏᚲ.png,,36,þtk,ᚦᛏᚲ,3,synth,train
syn_000037_Rtkþewg_ᛉᛏᚲᚦᛖᚹᚷ.png,,37,Rtkþewg,ᛉᛏᚲᚦᛖᚹᚷ,7,synth,train
syn_000037_oe_ᛟᛖ.png,,37,oe,ᛟᛖ,2,synth,train
syn_000038_laukáRj_ᛚᚨᚢᚲᚨᛉᛃ.png,,38,laukáRj,ᛚᚨᚢᚲᚨᛉᛃ,7,synth,train
syn_000039_lRiï_ᛚᛉᛁᛇ.png,,39,lRiï,ᛚᛉᛁᛇ,4,synth,train
syn_000040_ïfsþhij_ᛇᚠᛊᚦᚺᛁᛃ.png,,40,ïfsþhij,ᛇᚠᛊᚦᚺᛁᛃ,7,synth,train
syn_000040_ssm_ᛊᛊᛗ.png,,40,ssm,ᛊᛊᛗ,3,synth,train
syn_000040_tg_ᛏᚷ.png,,40,tg,ᛏᚷ,2,synth,train
syn_000041_alubjŋ_ᚨᛚᚢᛒᛃᛜ.png,,41,alubjŋ,ᚨᛚᚢᛒᛃᛜ,6,synth,train
syn_000041_laukáR_ᛚᚨᚢᚲᚨᛉ.png,,41,laukáR,ᛚᚨᚢᚲᚨᛉ,6,synth,train
syn_000041_okwgr_ᛟᚲᚹᚷᚱ.png,,41,okwgr,ᛟᚲᚹᚷᚱ,5,synth,train
syn_000042_ek_ᛖᚲ.png,,42,ek,ᛖᚲ,2,synth,train
syn_000042_mjs_ᛗᛃᛊ.png,,42,mjs,ᛗᛃᛊ,3,synth,train
syn_000042_tiwaRa_ᛏᛁᚹᚨᛉᚨ.png,,42,tiwaRa,ᛏᛁᚹᚨᛉᚨ,6,synth,train
syn_000043_laukáRut_ᛚᚨᚢᚲᚨᛉᚢᛏ.png,,43,laukáRut,ᛚᚨᚢᚲᚨᛉᚢᛏ,8,synth,test
syn_000043_pibljd_ᛈᛁᛒᛚᛃᛞ.png,,43,pibljd,ᛈᛁᛒᛚᛃᛞ,6,synth,train
syn_000043_pþhlp_ᛈᚦᚺᛚᛈ.png,,43,pþhlp,ᛈᚦᚺᛚᛈ,5,synth,train
syn_000044_auR_ᚨᚢᛉ.png,,44,auR,ᚨᚢᛉ,3,synth,train
syn_000044_fuþark_ᚠᚢᚦᚨᚱᚲ.png,,44,fuþark,ᚠᚢᚦᚨᚱᚲ,6,synth,train
syn_000044_grnhipo_ᚷᚱᚾᚺᛁᛈᛟ.png,,44,grnhipo,ᚷᚱᚾᚺᛁᛈᛟ,7,synth,test
syn_000045_htdeig_ᚺᛏᛞᛖᛁᚷ.png,,45,htdeig,ᚺᛏᛞᛖᛁᚷ,6,synth,train
syn_000045_laukáR_ᛚᚨᚢᚲᚨᛉ.png,,45,laukáR,ᛚᚨᚢᚲᚨᛉ,6,synth,train
syn_000045_lfkoþ_ᛚᚠᚲᛟᚦ.png,,45,lfkoþ,ᛚᚠᚲᛟᚦ,5,synth,train
syn_000046_eken_ᛖᚲᛖᚾ.png,,46,eken,ᛖᚲᛖᚾ,4,synth,test
syn_000046_ingwaR_ᛁᚾᚷᚹᚨᛉ.png,,46,ingwaR,ᛁᚾᚷᚹᚨᛉ,6,synth,train
syn_000046_pþŋ_ᛈᚦᛜ.png,,46,pþŋ,ᛈᚦᛜ,3,synth,train
syn_000047_boþeroþsbm_ᛒᛟᚦᛖᚱᛟᚦᛊᛒᛗ.png,,47,boþeroþsbm,ᛒᛟᚦᛖᚱᛟᚦᛊᛒᛗ,10,synth,train
syn_000047_tiwaRh_ᛏᛁᚹᚨᛉᚺ.png,,47,tiwaRh,ᛏᛁᚹᚨᛉᚺ,6,synth,train
syn_000047_tjgjŋko_ᛏᛃᚷᛃᛜᚲᛟ.png,,47,tjgjŋko,ᛏᛃᚷᛃᛜᚲᛟ,7,synth,train
syn_000048_alu_ᚨᛚᚢ.png,,48,alu,ᚨᛚᚢ,3,synth,test
syn_000048_djwRsn_ᛞᛃᚹᛉᛊᚾ.png,,48,djwRsn,ᛞᛃᚹᛉᛊᚾ,6,synth,train
syn_000048_mhhujwïofg_ᛗᚺᚺᚢᛃᚹᛇᛟᚠᚷ.png,,48,mhhujwïofg,ᛗᚺᚺᚢᛃᚹᛇᛟᚠᚷ,10,synth,train
syn_000049_efsolle_ᛖᚠᛊᛟᛚᛚᛖ.png,,49,efsolle,ᛖᚠᛊᛟᛚᛚᛖ,7,synth,train
syn_000049_pepnïiï_ᛈᛖᛈᚾᛇᛁᛇ.png,,49,pepnïiï,ᛈᛖᛈᚾᛇᛁᛇ,7,synth,train
syn_000049_trhefRlnl_ᛏᚱᚺᛖᚠᛉᛚᚾᛚ.png,,49,trhefRlnl,ᛏᚱᚺᛖᚠᛉᛚᚾᛚ,9,synth,train
syn_000050_iïhd_ᛁᛇᚺᛞ.png,,50,iïhd,ᛁᛇᚺᛞ,4,synth,train
syn_000050_nRsoŋjftþ_ᚾᛉᛊᛟᛜᛃᚠᛏᚦ.png,,50,nRsoŋjftþ,ᚾᛉᛊᛟᛜᛃᚠᛏᚦ,9,synth,train
syn_000051_plgeþ_ᛈᛚᚷᛖᚦ.png,,51,plgeþ,ᛈᛚᚷᛖᚦ,5,synth,train
syn_000051_tgojhsjRek_ᛏᚷᛟᛃᚺᛊᛃᛉᛖᚲ.png,,51,tgojhsjRek,ᛏᚷᛟᛃᚺᛊᛃᛉᛖᚲ,10,synth,train
syn_000051_wkuhmïlwRj_ᚹᚲᚢᚺᛗᛇᛚᚹᛉᛃ.png,,51,wkuhmïlwRj,ᚹᚲᚢᚺᛗᛇᛚᚹᛉᛃ,10,synth,train
syn_000052_ulfgg_ᚢᛚᚠᚷᚷ.png,,52,ulfgg,ᚢᛚᚠᚷᚷ,5,synth,test
syn_000052_umoo_ᚢᛗᛟᛟ.png,,52,umoo,ᚢᛗᛟᛟ,4,synth,train
syn_000053_ek_ᛖᚲ.png,,53,ek,ᛖᚲ,2,synth,train
syn_000053_mgoslmkjl_ᛗᚷᛟᛊᛚᛗᚲᛃᛚ.png,,53,mgoslmkjl,ᛗᚷᛟᛊᛚᛗᚲᛃᛚ,9,synth,train
syn_000053_tiwaRh_ᛏᛁᚹᚨᛉᚺ.png,,53,tiwaRh,ᛏᛁᚹᚨᛉᚺ,6,synth,train
syn_000054_ingwaRrn_ᛁᚾᚷᚹᚨᛉᚱᚾ.png,,54,ingwaRrn,ᛁᚾᚷᚹᚨᛉᚱᚾ,8,synth,train
syn_000054_sŋrrpdjth_ᛊᛜᚱᚱᛈᛞᛃᛏᚺ.png,,54,sŋrrpdjth,ᛊᛜᚱᚱᛈᛞᛃᛏᚺ,9,synth,train
syn_000054_uhbes_ᚢᚺᛒᛖᛊ.png,,54,uhbes,ᚢᚺᛒᛖᛊ,5,synth,train
syn_000055_hbnŋtp_ᚺᛒᚾᛜᛏᛈ.png,,55,hbnŋtp,ᚺᛒᚾᛜᛏᛈ,6,synth,test
syn_000055_psuapuud_ᛈᛊᚢᚨᛈᚢᚢᛞ.png,,55,psuapuud,ᛈᛊᚢᚨᛈᚢᚢᛞ,8,synth,train
syn_000055_wa_ᚹᚨ.png,,55,wa,ᚹᚨ,2,synth,train
syn_000056_fuþark_ᚠᚢᚦᚨᚱᚲ.png,,56,fuþark,ᚠᚢᚦᚨᚱᚲ,6,synth,train
syn_000056_lhwtkihsrŋ_ᛚᚺᚹᛏᚲᛁᚺᛊᚱᛜ.png,,56,lhwtkihsrŋ,ᛚᚺᚹᛏᚲᛁᚺᛊᚱᛜ,10,synth,train
syn_000056_ntijjp_ᚾᛏᛁᛃᛃᛈ.png,,56,ntijjp,ᚾᛏᛁᛃᛃᛈ,6,synth,train
syn_000057_ekoan_ᛖᚲᛟᚨᚾ.png,,57,ekoan,ᛖᚲᛟᚨᚾ,5,synth,train
syn_000057_fdaŋbodpu_ᚠᛞᚨᛜᛒᛟᛞᛈᚢ.png,,57,fdaŋbodpu,ᚠᛞᚨᛜᛒᛟᛞᛈᚢ,9,synth,train
syn_000057_wRdegummen_ᚹᛉᛞᛖᚷᚢᛗᛗᛖᚾ.png,,57,wRdegummen,ᚹᛉᛞᛖᚷᚢᛗᛗᛖᚾ,10,synth,train
syn_000058_ek_ᛖᚲ.png,,58,ek,ᛖᚲ,2,synth,train
syn_000058_tiwaR_ᛏᛁᚹᚨᛉ.png,,58,tiwaR,ᛏᛁᚹᚨᛉ,5,synth,test
syn_000058_tjdnuo_ᛏᛃᛞᚾᚢᛟ.png,,58,tjdnuo,ᛏᛃᛞᚾᚢᛟ,6,synth,train
syn_000059_bof_ᛒᛟᚠ.png,,59,bof,ᛒᛟᚠ,3,synth,train
syn_000059_rfaRþlh_ᚱᚠᚨᛉᚦᛚᚺ.png,,59,rfaRþlh,ᚱᚠᚨᛉᚦᛚᚺ,7,synth,train
syn_000059_tiwaR_ᛏᛁᚹᚨᛉ.png,,59,tiwaR,ᛏᛁᚹᚨᛉ,5,synth,test
syn_000060_alu_ᚨᛚᚢ.png,,60,alu,ᚨᛚᚢ,3,synth,test
syn_000060_deïbw_ᛞᛖᛇᛒᚹ.png,,60,deïbw,ᛞᛖᛇᛒᚹ,5,synth,train
syn_000060_rnphgsþgoo_ᚱᚾᛈᚺᚷᛊᚦᚷᛟᛟ.png,,60,rnphgsþgoo,ᚱᚾᛈᚺᚷᛊᚦᚷᛟᛟ,10,synth,train
syn_000061_gwtkffa_ᚷᚹᛏᚲᚠᚠᚨ.png,,61,gwtkffa,ᚷᚹᛏᚲᚠᚠᚨ,7,synth,train
syn_000061_inldbg_ᛁᚾᛚᛞᛒᚷ.png,,61,inldbg,ᛁᚾᛚᛞᛒᚷ,6,synth,train
syn_000061_ttorþ_ᛏᛏᛟᚱᚦ.png,,61,ttorþ,ᛏᛏᛟᚱᚦ,5,synth,train
syn_000062_ekï_ᛖᚲᛇ.png,,62,ekï,ᛖᚲᛇ,3,synth,test
syn_000062_esoadgri_ᛖᛊᛟᚨᛞᚷᚱᛁ.png,,62,esoadgri,ᛖᛊᛟᚨᛞᚷᚱᛁ,8,synth,train
syn_000062_orogbumkt_ᛟᚱᛟᚷᛒᚢᛗᚲᛏ.png,,62,orogbumkt,ᛟᚱᛟᚷᛒᚢᛗᚲᛏ,9,synth,train
syn_000063_alu_ᚨᛚᚢ.png,,63,alu,ᚨᛚᚢ,3,synth,test
syn_000063_fltŋ_ᚠᛚᛏᛜ.png,,63,fltŋ,ᚠᛚᛏᛜ,4,synth,train
syn_000063_ulkïtm_ᚢᛚᚲᛇᛏᛗ.png,,63,ulkïtm,ᚢᛚᚲᛇᛏᛗ,6,synth,train
syn_000064_alu_ᚨᛚᚢ.png,,64,alu,ᚨᛚᚢ,3,synth,test
syn_000064_ïlwbn_ᛇᛚᚹᛒᚾ.png,,64,ïlwbn,ᛇᛚᚹᛒᚾ,5,synth,train
syn_000064_tiwaR_ᛏᛁᚹᚨᛉ.png,,64,tiwaR,ᛏᛁᚹᚨᛉ,5,synth,test
syn_000065_dmfŋmwbþ_ᛞᛗᚠᛜᛗᚹᛒᚦ.png,,65,dmfŋmwbþ,ᛞᛗᚠᛜᛗᚹᛒᚦ,8,synth,train
syn_000065_fuþarkp_ᚠᚢᚦᚨᚱᚲᛈ.png,,65,fuþarkp,ᚠᚢᚦᚨᚱᚲᛈ,7,synth,train
syn_000065_laukáRklf_ᛚᚨᚢᚲᚨᛉᚲᛚᚠ.png,,65,laukáRklf,ᛚᚨᚢᚲᚨᛉᚲᛚᚠ,9,synth,train
syn_000066_fuþarkpþu_ᚠᚢᚦᚨᚱᚲᛈᚦᚢ.png,,66,fuþarkpþu,ᚠᚢᚦᚨᚱᚲᛈᚦᚢ,9,synth,train
syn_000066_gglbt_ᚷᚷᛚᛒᛏ.png,,66,gglbt,ᚷᚷᛚᛒᛏ,5,synth,train
syn_000066_odþ_ᛟᛞᚦ.png,,66,odþ,ᛟᛞᚦ,3,synth,test
syn_000067_fuþarktŋg_ᚠᚢᚦᚨᚱᚲᛏᛜᚷ.png,,67,fuþarktŋg,ᚠᚢᚦᚨᚱᚲᛏᛜᚷ,9,synth,train
syn_000067_gdho_ᚷᛞᚺᛟ.png,,67,gdho,ᚷᛞᚺᛟ,4,synth,train
syn_000067_ŋtg_ᛜᛏᚷ.png,,67,ŋtg,ᛜᛏᚷ,3,synth,train
syn_000068_dg_ᛞᚷ.png,,68,dg,ᛞᚷ,2,synth,train
syn_000068_iþduon_ᛁᚦᛞᚢᛟᚾ.png,,68,iþduon,ᛁᚦᛞᚢᛟᚾ,6,synth,val
syn_000068_ŋofpu_ᛜᛟᚠᛈᚢ.png,,68,ŋofpu,ᛜᛟᚠᛈᚢ,5,synth,train
syn_000069_aubjsrbijn_ᚨᚢᛒᛃᛊᚱᛒᛁᛃᚾ.png,,69,aubjsrbijn,ᚨᚢᛒᛃᛊᚱᛒᛁᛃᚾ,10,synth,train
syn_000069_pRewdk_ᛈᛉᛖᚹᛞᚲ.png,,69,pRewdk,ᛈᛉᛖᚹᛞᚲ,6,synth,val
syn_000069_ŋoou_ᛜᛟᛟᚢ.png,,69,ŋoou,ᛜᛟᛟᚢ,4,synth,train
syn_000070_glgdaogu_ᚷᛚᚷᛞᚨᛟᚷᚢ.png,,70,glgdaogu,ᚷᛚᚷᛞᚨᛟᚷᚢ,8,synth,train
syn_000070_laukáR_ᛚᚨᚢᚲᚨᛉ.png,,70,laukáR,ᛚᚨᚢᚲᚨᛉ,6,synth,train
syn_000070_orlŋoŋt_ᛟᚱᛚᛜᛟᛜᛏ.png,,70,orlŋoŋt,ᛟᚱᛚᛜᛟᛜᛏ,7,synth,train
syn_000071_fuþarko_ᚠᚢᚦᚨᚱᚲᛟ.png,,71,fuþarko,ᚠᚢᚦᚨᚱᚲᛟ,7,synth,train
syn_000071_fuþarkoki_ᚠᚢᚦᚨᚱᚲᛟᚲᛁ.png,,71,fuþarkoki,ᚠᚢᚦᚨᚱᚲᛟᚲᛁ,9,synth,train
syn_000071_wiïuwwRo_ᚹᛁᛇᚢᚹᚹᛉᛟ.png,,71,wiïuwwRo,ᚹᛁᛇᚢᚹᚹᛉᛟ,8,synth,train
syn_000072_fuþark_ᚠᚢᚦᚨᚱᚲ.png,,72,fuþark,ᚠᚢᚦᚨᚱᚲ,6,synth,train
syn_000072_ingwaRi_ᛁᚾᚷᚹᚨᛉᛁ.png,,72,ingwaRi,ᛁᚾᚷᚹᚨᛉᛁ,7,synth,train
syn_000072_nalnlgg_ᚾᚨᛚᚾᛚᚷᚷ.png,,72,nalnlgg,ᚾᚨᛚᚾᛚᚷᚷ,7,synth,train
syn_000073_jrhþlrþlpd_ᛃᚱᚺᚦᛚᚱᚦᛚᛈᛞ.png,,73,jrhþlrþlpd,ᛃᚱᚺᚦᛚᚱᚦᛚᛈᛞ,10,synth,train
syn_000073_kglþs_ᚲᚷᛚᚦᛊ.png,,73,kglþs,ᚲᚷᛚᚦᛊ,5,synth,train
syn_000073_slwnpo_ᛊᛚᚹᚾᛈᛟ.png,,73,slwnpo,ᛊᛚᚹᚾᛈᛟ,6,synth,train
syn_000074_ingwaRdn_ᛁᚾᚷᚹᚨᛉᛞᚾ.png,,74,ingwaRdn,ᛁᚾᚷᚹᚨᛉᛞᚾ,8,synth,train
syn_000074_nht_ᚾᚺᛏ.png,,74,nht,ᚾᚺᛏ,3,synth,train
syn_000074_ospehdt_ᛟᛊᛈᛖᚺᛞᛏ.png,,74,ospehdt,ᛟᛊᛈᛖᚺᛞᛏ,7,synth,train
syn_000075_aluag_ᚨᛚᚢᚨᚷ.png,,75,aluag,ᚨᛚᚢᚨᚷ,5,synth,train
syn_000075_fuþark_ᚠᚢᚦᚨᚱᚲ.png,,75,fuþark,ᚠᚢᚦᚨᚱᚲ,6,synth,train
syn_000075_ingwaRghw_ᛁᚾᚷᚹᚨᛉᚷᚺᚹ.png,,75,ingwaRghw,ᛁᚾᚷᚹᚨᛉᚷᚺᚹ,9,synth,train
syn_000075_wasfŋiaffo_ᚹᚨᛊᚠᛜᛁᚨᚠᚠᛟ.png,,75,wasfŋiaffo,ᚹᚨᛊᚠᛜᛁᚨᚠᚠᛟ,10,synth,train
syn_000076_dbsïruk_ᛞᛒᛊᛇᚱᚢᚲ.png,,76,dbsïruk,ᛞᛒᛊᛇᚱᚢᚲ,7,synth,train
syn_000076_laukáR_ᛚᚨᚢᚲᚨᛉ.png,,76,laukáR,ᛚᚨᚢᚲᚨᛉ,6,synth,train
syn_000076_ofþmmn_ᛟᚠᚦᛗᛗᚾ.png,,76,ofþmmn,ᛟᚠᚦᛗᛗᚾ,6,synth,train
syn_000076_tesglRw_ᛏᛖᛊᚷᛚᛉᚹ.png,,76,tesglRw,ᛏᛖᛊᚷᛚᛉᚹ,7,synth,train
syn_000077_fpïnp_ᚠᛈᛇᚾᛈ.png,,77,fpïnp,ᚠᛈᛇᚾᛈ,5,synth,train
syn_000077_fuþarkŋ_ᚠᚢᚦᚨᚱᚲᛜ.png,,77,fuþarkŋ,ᚠᚢᚦᚨᚱᚲᛜ,7,synth,train
syn_000077_kg_ᚲᚷ.png,,77,kg,ᚲᚷ,2,synth,train
syn_000077_mnjtoeei_ᛗᚾᛃᛏᛟᛖᛖᛁ.png,,77,mnjtoeei,ᛗᚾᛃᛏᛟᛖᛖᛁ,8,synth,train
syn_000078_iejh_ᛁᛖᛃᚺ.png,,78,iejh,ᛁᛖᛃᚺ,4,synth,train
syn_000078_ingwaR_ᛁᚾᚷᚹᚨᛉ.png,,78,ingwaR,ᛁᚾᚷᚹᚨᛉ,6,synth,train
syn_000078_jsupfw_ᛃᛊᚢᛈᚠᚹ.png,,78,jsupfw,ᛃᛊᚢᛈᚠᚹ,6,synth,train
syn_000078_þeR_ᚦᛖᛉ.png,,78,þeR,ᚦᛖᛉ,3,synth,train
syn_000079_mwr_ᛗᚹᚱ.png,,79,mwr,ᛗᚹᚱ,3,synth,train
syn_000079_nRffatw_ᚾᛉᚠᚠᚨᛏᚹ.png,,79,nRffatw,ᚾᛉᚠᚠᚨᛏᚹ,7,synth,train
syn_000079_ph_ᛈᚺ.png,,79,ph,ᛈᚺ,2,synth,train
syn_000079_sŋurjohd_ᛊᛜᚢᚱᛃᛟᚺᛞ.png,,79,sŋurjohd,ᛊᛜᚢᚱᛃᛟᚺᛞ,8,synth,train
syn_000080_as_ᚨᛊ.png,,80,as,ᚨᛊ,2,synth,val
syn_000080_gfkpRtRhf_ᚷᚠᚲᛈᛉᛏᛉᚺᚠ.png,,80,gfkpRtRhf,ᚷᚠᚲᛈᛉᛏᛉᚺᚠ,9,synth,train
syn_000080_hŋddkŋw_ᚺᛜᛞᛞᚲᛜᚹ.png,,80,hŋddkŋw,ᚺᛜᛞᛞᚲᛜᚹ,7,synth,train
syn_000080_ingwaRpfk_ᛁᚾᚷᚹᚨᛉᛈᚠᚲ.png,,80,ingwaRpfk,ᛁᚾᚷᚹᚨᛉᛈᚠᚲ,9,synth,train
syn_000081_alu_ᚨᛚᚢ.png,,81,alu,ᚨᛚᚢ,3,synth,test
syn_000081_aŋgpmrtk_ᚨᛜᚷᛈᛗᚱᛏᚲ.png,,81,aŋgpmrtk,ᚨᛜᚷᛈᛗᚱᛏᚲ,8,synth,train
syn_000081_nï_ᚾᛇ.png,,81,nï,ᚾᛇ,2,synth,train
syn_000081_sfïk_ᛊᚠᛇᚲ.png,,81,sfïk,ᛊᚠᛇᚲ,4,synth,train
syn_000082_ingwaRR_ᛁᚾᚷᚹᚨᛉᛉ.png,,82,ingwaRR,ᛁᚾᚷᚹᚨᛉᛉ,7,synth,train
syn_000082_ingwaR_ᛁᚾᚷᚹᚨᛉ.png,,82,ingwaR,ᛁᚾᚷᚹᚨᛉ,6,synth,train
syn_000082_wnasltŋkak_ᚹᚾᚨᛊᛚᛏᛜᚲᚨᚲ.png,,82,wnasltŋkak,ᚹᚾᚨᛊᛚᛏᛜᚲᚨᚲ,10,synth,train
syn_000082_ŋkpm_ᛜᚲᛈᛗ.png,,82,ŋkpm,ᛜᚲᛈᛗ,4,synth,train
syn_000083_lr_ᛚᚱ.png,,83,lr,ᛚᚱ,2,synth,train
syn_000083_rf_ᚱᚠ.png,,83,rf,ᚱᚠ,2,synth,train
syn_000083_rfk_ᚱᚠᚲ.png,,83,rfk,ᚱᚠᚲ,3,synth,train
syn_000083_rjbgguluu_ᚱᛃᛒᚷᚷᚢᛚᚢᚢ.png,,83,rjbgguluu,ᚱᛃᛒᚷᚷᚢᛚᚢᚢ,9,synth,train
syn_000084_ek_ᛖᚲ.png,,84,ek,ᛖᚲ,2,synth,train
syn_000084_ingwaR_ᛁᚾᚷᚹᚨᛉ.png,,84,ingwaR,ᛁᚾᚷᚹᚨᛉ,6,synth,train
syn_000084_npl_ᚾᛈᛚ.png,,84,npl,ᚾᛈᛚ,3,synth,train
syn_000084_wlgib_ᚹᛚᚷᛁᛒ.png,,84,wlgib,ᚹᛚᚷᛁᛒ,5,synth,train
syn_000085_etml_ᛖᛏᛗᛚ.png,,85,etml,ᛖᛏᛗᛚ,4,synth,train
syn_000085_na_ᚾᚨ.png,,85,na,ᚾᚨ,2,synth,train
syn_000085_ojh_ᛟᛃᚺ.png,,85,ojh,ᛟᛃᚺ,3,synth,train
syn_000085_ŋfŋk_ᛜᚠᛜᚲ.png,,85,ŋfŋk,ᛜᚠᛜᚲ,4,synth,train
syn_000086_irbmaRs_ᛁᚱᛒᛗᚨᛉᛊ.png,,86,irbmaRs,ᛁᚱᛒᛗᚨᛉᛊ,7,synth,train
syn_000086_jf_ᛃᚠ.png,,86,jf,ᛃᚠ,2,synth,train
syn_000086_laukáRrns_ᛚᚨᚢᚲᚨᛉᚱᚾᛊ.png,,86,laukáRrns,ᛚᚨᚢᚲᚨᛉᚱᚾᛊ,9,synth,train
syn_000086_uonst_ᚢᛟᚾᛊᛏ.png,,86,uonst,ᚢᛟᚾᛊᛏ,5,synth,train
syn_000087_fþbifgtïe_ᚠᚦᛒᛁᚠᚷᛏᛇᛖ.png,,87,fþbifgtïe,ᚠᚦᛒᛁᚠᚷᛏᛇᛖ,9,synth,train
syn_000087_mïþþdroþf_ᛗᛇᚦᚦᛞᚱᛟᚦᚠ.png,,87,mïþþdroþf,ᛗᛇᚦᚦᛞᚱᛟᚦᚠ,9,synth,train
syn_000087_ngptbjn_ᚾᚷᛈᛏᛒᛃᚾ.png,,87,ngptbjn,ᚾᚷᛈᛏᛒᛃᚾ,7,synth,train
syn_000087_ŋm_ᛜᛗ.png,,87,ŋm,ᛜᛗ,2,synth,train
syn_000088_dfiRelwr_ᛞᚠᛁᛉᛖᛚᚹᚱ.png,,88,dfiRelwr,ᛞᚠᛁᛉᛖᛚᚹᚱ,8,synth,train
syn_000088_ew_ᛖᚹ.png,,88,ew,ᛖᚹ,2,synth,train
syn_000088_ntï_ᚾᛏᛇ.png,,88,ntï,ᚾᛏᛇ,3,synth,train
syn_000089_aluw_ᚨᛚᚢᚹ.png,,89,aluw,ᚨᛚᚢᚹ,4,synth,train
syn_000089_dïjfaþb_ᛞᛇᛃᚠᚨᚦᛒ.png,,89,dïjfaþb,ᛞᛇᛃᚠᚨᚦᛒ,7,synth,val
syn_000089_wlw_ᚹᛚᚹ.png,,89,wlw,ᚹᛚᚹ,3,synth,train
syn_000090_ek_ᛖᚲ.png,,90,ek,ᛖᚲ,2,synth,train
syn_000090_ingwaRoþu_ᛁᚾᚷᚹᚨᛉᛟᚦᚢ.png,,90,ingwaRoþu,ᛁᚾᚷᚹᚨᛉᛟᚦᚢ,9,synth,train
syn_000090_ŋpgsw_ᛜᛈᚷᛊᚹ.png,,90,ŋpgsw,ᛜᛈᚷᛊᚹ,5,synth,train
syn_000091_jjïdhanb_ᛃᛃᛇᛞᚺᚨᚾᛒ.png,,91,jjïdhanb,ᛃᛃᛇᛞᚺᚨᚾᛒ,8,synth,train
syn_000091_jþmfi_ᛃᚦᛗᚠᛁ.png,,91,jþmfi,ᛃᚦᛗᚠᛁ,5,synth,train
syn_000091_mrefg_ᛗᚱᛖᚠᚷ.png,,91,mrefg,ᛗᚱᛖᚠᚷ,5,synth,train
syn_000092_Rgifjþ_ᛉᚷᛁᚠᛃᚦ.png,,92,Rgifjþ,ᛉᚷᛁᚠᛃᚦ,6,synth,test
syn_000092_do_ᛞᛟ.png,,92,do,ᛞᛟ,2,synth,train
syn_000092_ku_ᚲᚢ.png,,92,ku,ᚲᚢ,2,synth,train
syn_000093_ingwaR_ᛁᚾᚷᚹᚨᛉ.png,,93,ingwaR,ᛁᚾᚷᚹᚨᛉ,6,synth,train
syn_000093_pgmd_ᛈᚷᛗᛞ.png,,93,pgmd,ᛈᚷᛗᛞ,4,synth,train
syn_000093_tiwaR_ᛏᛁᚹᚨᛉ.png,,93,tiwaR,ᛏᛁᚹᚨᛉ,5,synth,test
syn_000094_fuþark_ᚠᚢᚦᚨᚱᚲ.png,,94,fuþark,ᚠᚢᚦᚨᚱᚲ,6,synth,train
syn_000094_ingwaRde_ᛁᚾᚷᚹᚨᛉᛞᛖ.png,,94,ingwaRde,ᛁᚾᚷᚹᚨᛉᛞᛖ,8,synth,train
syn_000094_objp_ᛟᛒᛃᛈ.png,,94,objp,ᛟᛒᛃᛈ,4,synth,train
syn_000095_ingwaRtfl_ᛁᚾᚷᚹᚨᛉᛏᚠᛚ.png,,95,ingwaRtfl,ᛁᚾᚷᚹᚨᛉᛏᚠᛚ,9,synth,train
syn_000095_nsn_ᚾᛊᚾ.png,,95,nsn,ᚾᛊᚾ,3,synth,train
syn_000095_tiwaR_ᛏᛁᚹᚨᛉ.png,,95,tiwaR,ᛏᛁᚹᚨᛉ,5,synth,test
syn_000096_bphihu_ᛒᛈᚺᛁᚺᚢ.png,,96,bphihu,ᛒᛈᚺᛁᚺᚢ,6,synth,train
syn_000096_faeRp_ᚠᚨᛖᛉᛈ.png,,96,faeRp,ᚠᚨᛖᛉᛈ,5,synth,train
syn_000096_mit_ᛗᛁᛏ.png,,96,mit,ᛗᛁᛏ,3,synth,train
syn_000097_ingwaR_ᛁᚾᚷᚹᚨᛉ.png,,97,ingwaR,ᛁᚾᚷᚹᚨᛉ,6,synth,train
syn_000097_sdaarbjl_ᛊᛞᚨᚨᚱᛒᛃᛚ.png,,97,sdaarbjl,ᛊᛞᚨᚨᚱᛒᛃᛚ,8,synth,train
syn_000097_tiwaR_ᛏᛁᚹᚨᛉ.png,,97,tiwaR,ᛏᛁᚹᚨᛉ,5,synth,test
syn_000098_alu_ᚨᛚᚢ.png,,98,alu,ᚨᛚᚢ,3,synth,test
syn_000098_fuþarksïg_ᚠᚢᚦᚨᚱᚲᛊᛇᚷ.png,,98,fuþarksïg,ᚠᚢᚦᚨᚱᚲᛊᛇᚷ,9,synth,train
syn_000098_huhst_ᚺᚢᚺᛊᛏ.png,,98,huhst,ᚺᚢᚺᛊᛏ,5,synth,train
syn_000099_epaŋ_ᛖᛈᚨᛜ.png,,99,epaŋ,ᛖᛈᚨᛜ,4,synth,train
syn_000099_fimr_ᚠᛁᛗᚱ.png,,99,fimr,ᚠᛁᛗᚱ,4,synth,train
syn_000099_mfh_ᛗᚠᚺ.png,,99,mfh,ᛗᚠᚺ,3,synth,train
syn_000100_kaþïlfkŋ_ᚲᚨᚦᛇᛚᚠᚲᛜ.png,,100,kaþïlfkŋ,ᚲᚨᚦᛇᛚᚠᚲᛜ,8,synth,train
syn_000100_ngnjaonjRk_ᚾᚷᚾᛃᚨᛟᚾᛃᛉᚲ.png,,100,ngnjaonjRk,ᚾᚷᚾᛃᚨᛟᚾᛃᛉᚲ,10,synth,train
syn_000100_nowsfïb_ᚾᛟᚹᛊᚠᛇᛒ.png,,100,nowsfïb,ᚾᛟᚹᛊᚠᛇᛒ,7,synth,train
syn_000101_iwmipgk_ᛁᚹᛗᛁᛈᚷᚲ.png,,101,iwmipgk,ᛁᚹᛗᛁᛈᚷᚲ,7,synth,train
syn_000101_jd_ᛃᛞ.png,,101,jd,ᛃᛞ,2,synth,train
syn_000101_tiwaRjmd_ᛏᛁᚹᚨᛉᛃᛗᛞ.png,,101,tiwaRjmd,ᛏᛁᚹᚨᛉᛃᛗᛞ,8,synth,train
syn_000102_bunujlfuar_ᛒᚢᚾᚢᛃᛚᚠᚢᚨᚱ.png,,102,bunujlfuar,ᛒᚢᚾᚢᛃᛚᚠᚢᚨᚱ,10,synth,train
syn_000102_dgd_ᛞᚷᛞ.png,,102,dgd,ᛞᚷᛞ,3,synth,train
syn_000102_komps_ᚲᛟᛗᛈᛊ.png,,102,komps,ᚲᛟᛗᛈᛊ,5,synth,train
syn_000103_ek_ᛖᚲ.png,,103,ek,ᛖᚲ,2,synth,train
syn_000103_fllngfehdu_ᚠᛚᛚᚾᚷᚠᛖᚺᛞᚢ.png,,103,fllngfehdu,ᚠᛚᛚᚾᚷᚠᛖᚺᛞᚢ,10,synth,train
syn_000103_laukáR_ᛚᚨᚢᚲᚨᛉ.png,,103,laukáR,ᛚᚨᚢᚲᚨᛉ,6,synth,train
syn_000104_lkojfrdfju_ᛚᚲᛟᛃᚠᚱᛞᚠᛃᚢ.png,,104,lkojfrdfju,ᛚᚲᛟᛃᚠᚱᛞᚠᛃᚢ,10,synth,train
syn_000104_te_ᛏᛖ.png,,104,te,ᛏᛖ,2,synth,test
syn_000104_tlgegdŋrio_ᛏᛚᚷᛖᚷᛞᛜᚱᛁᛟ.png,,104,tlgegdŋrio,ᛏᛚᚷᛖᚷᛞᛜᚱᛁᛟ,10,synth,train
syn_000105_jig_ᛃᛁᚷ.png,,105,jig,ᛃᛁᚷ,3,synth,train
syn_000105_lrŋnbndhït_ᛚᚱᛜᚾᛒᚾᛞᚺᛇᛏ.png,,105,lrŋnbndhït,ᛚᚱᛜᚾᛒᚾᛞᚺᛇᛏ,10,synth,train
syn_000105_lŋtlma_ᛚᛜᛏᛚᛗᚨ.png,,105,lŋtlma,ᛚᛜᛏᛚᛗᚨ,6,synth,train
syn_000106_rþwmfgshn_ᚱᚦᚹᛗᚠᚷᛊᚺᚾ.png,,106,rþwmfgshn,ᚱᚦᚹᛗᚠᚷᛊᚺᚾ,9,synth,train
syn_000106_ttuib_ᛏᛏᚢᛁᛒ.png,,106,ttuib,ᛏᛏᚢᛁᛒ,5,synth,train
syn_000106_ŋŋluRgjus_ᛜᛜᛚᚢᛉᚷᛃᚢᛊ.png,,106,ŋŋluRgjus,ᛜᛜᛚᚢᛉᚷᛃᚢᛊ,9,synth,train
syn_000107_hbguk_ᚺᛒᚷᚢᚲ.png,,107,hbguk,ᚺᛒᚷᚢᚲ,5,synth,train
syn_000107_lnmdolwpah_ᛚᚾᛗᛞᛟᛚᚹᛈᚨᚺ.png,,107,lnmdolwpah,ᛚᚾᛗᛞᛟᛚᚹᛈᚨᚺ,10,synth,train
syn_000107_nlkwg_ᚾᛚᚲᚹᚷ.png,,107,nlkwg,ᚾᛚᚲᚹᚷ,5,synth,val
syn_000108_aaeokk_ᚨᚨᛖᛟᚲᚲ.png,,108,aaeokk,ᚨᚨᛖᛟᚲᚲ,6,synth,train
syn_000108_hoiropŋu_ᚺᛟᛁᚱᛟᛈᛜᚢ.png,,108,hoiropŋu,ᚺᛟᛁᚱᛟᛈᛜᚢ,8,synth,train
syn_000108_nr_ᚾᚱ.png,,108,nr,ᚾᚱ,2,synth,train
syn_000109_Rfsþrrŋobþ_ᛉᚠᛊᚦᚱᚱᛜᛟᛒᚦ.png,,109,Rfsþrrŋobþ,ᛉᚠᛊᚦᚱᚱᛜᛟᛒᚦ,10,synth,train
syn_000109_hŋgssenr_ᚺᛜᚷᛊᛊᛖᚾᚱ.png,,109,hŋgssenr,ᚺᛜᚷᛊᛊᛖᚾᚱ,8,synth,train
syn_000109_wuwinRowïi_ᚹᚢᚹᛁᚾᛉᛟᚹᛇᛁ.png,,109,wuwinRowïi,ᚹᚢᚹᛁᚾᛉᛟᚹᛇᛁ,10,synth,train
syn_000110_ektsk_ᛖᚲᛏᛊᚲ.png,,110,ektsk,ᛖᚲᛏᛊᚲ,5,synth,train
syn_000110_laukáR_ᛚᚨᚢᚲᚨᛉ.png,,110,laukáR,ᛚᚨᚢᚲᚨᛉ,6,synth,train
syn_000110_ŋpþutRnb_ᛜᛈᚦᚢᛏᛉᚾᛒ.png,,110,ŋpþutRnb,ᛜᛈᚦᚢᛏᛉᚾᛒ,8,synth,train
syn_000111_ingwaR_ᛁᚾᚷᚹᚨᛉ.png,,111,ingwaR,ᛁᚾᚷᚹᚨᛉ,6,synth,train
syn_000111_laukáR_ᛚᚨᚢᚲᚨᛉ.png,,111,laukáR,ᛚᚨᚢᚲᚨᛉ,6,synth,train
syn_000111_rRkg_ᚱᛉᚲᚷ.png,,111,rRkg,ᚱᛉᚲᚷ,4,synth,val
syn_000112_alulr_ᚨᛚᚢᛚᚱ.png,,112,alulr,ᚨᛚᚢᛚᚱ,5,synth,train
syn_000112_tiwaR_ᛏᛁᚹᚨᛉ.png,,112,tiwaR,ᛏᛁᚹᚨᛉ,5,synth,test
syn_000112_ŋu_ᛜᚢ.png,,112,ŋu,ᛜᚢ,2,synth,train
syn_000113_pŋŋmlo_ᛈᛜᛜᛗᛚᛟ.png,,113,pŋŋmlo,ᛈᛜᛜᛗᛚᛟ,6,synth,train
syn_000113_rŋ_ᚱᛜ.png,,113,rŋ,ᚱᛜ,2,synth,train
syn_000113_sehpþijura_ᛊᛖᚺᛈᚦᛁᛃᚢᚱᚨ.png,,113,sehpþijura,ᛊᛖᚺᛈᚦᛁᛃᚢᚱᚨ,10,synth,train
syn_000114_ingwaR_ᛁᚾᚷᚹᚨᛉ.png,,114,ingwaR,ᛁᚾᚷᚹᚨᛉ,6,synth,train
syn_000114_jtswhgbŋ_ᛃᛏᛊᚹᚺᚷᛒᛜ.png,,114,jtswhgbŋ,ᛃᛏᛊᚹᚺᚷᛒᛜ,8,synth,train
syn_000114_rau_ᚱᚨᚢ.png,,114,rau,ᚱᚨᚢ,3,synth,train
syn_000115_jnr_ᛃᚾᚱ.png,,115,jnr,ᛃᚾᚱ,3,synth,val
syn_000115_ohiïi_ᛟᚺᛁᛇᛁ.png,,115,ohiïi,ᛟᚺᛁᛇᛁ,5,synth,train
syn_000115_rr_ᚱᚱ.png,,115,rr,ᚱᚱ,2,synth,train
syn_000116_ekk_ᛖᚲᚲ.png,,116,ekk,ᛖᚲᚲ,3,synth,train
syn_000116_tgw_ᛏᚷᚹ.png,,116,tgw,ᛏᚷᚹ,3,synth,train
syn_000116_ŋgmrhwo_ᛜᚷᛗᚱᚺᚹᛟ.png,,116,ŋgmrhwo,ᛜᚷᛗᚱᚺᚹᛟ,7,synth,train
syn_000117_alur_ᚨᛚᚢᚱ.png,,117,alur,ᚨᛚᚢᚱ,4,synth,train
syn_000117_pro_ᛈᚱᛟ.png,,117,pro,ᛈᚱᛟ,3,synth,train
syn_000117_tiwaR_ᛏᛁᚹᚨᛉ.png,,117,tiwaR,ᛏᛁᚹᚨᛉ,5,synth,test
syn_000118_laukáR_ᛚᚨᚢᚲᚨᛉ.png,,118,laukáR,ᛚᚨᚢᚲᚨᛉ,6,synth,train
syn_000118_mn_ᛗᚾ.png,,118,mn,ᛗᚾ,2,synth,train
syn_000118_tpujtaïuþr_ᛏᛈᚢᛃᛏᚨᛇᚢᚦᚱ.png,,118,tpujtaïuþr,ᛏᛈᚢᛃᛏᚨᛇᚢᚦᚱ,10,synth,train
syn_000119_ekk_ᛖᚲᚲ.png,,119,ekk,ᛖᚲᚲ,3,synth,train
syn_000119_laukáRŋR_ᛚᚨᚢᚲᚨᛉᛜᛉ.png,,119,laukáRŋR,ᛚᚨᚢᚲᚨᛉᛜᛉ,8,synth,train
syn_000119_þfkwk_ᚦᚠᚲᚹᚲ.png,,119,þfkwk,ᚦᚠᚲᚹᚲ,5,synth,train
syn_000120_kdwnbbm_ᚲᛞᚹᚾᛒᛒᛗ.png,,120,kdwnbbm,ᚲᛞᚹᚾᛒᛒᛗ,7,synth,test
syn_000120_tiwaR_ᛏᛁᚹᚨᛉ.png,,120,tiwaR,ᛏᛁᚹᚨᛉ,5,synth,test
syn_000120_wfa_ᚹᚠᚨ.png,,120,wfa,ᚹᚠᚨ,3,synth,train
syn_000121_ksŋþfr_ᚲᛊᛜᚦᚠᚱ.png,,121,ksŋþfr,ᚲᛊᛜᚦᚠᚱ,6,synth,train
syn_000121_mj_ᛗᛃ.png,,121,mj,ᛗᛃ,2,synth,train
syn_000121_tiwaR_ᛏᛁᚹᚨᛉ.png,,121,tiwaR,ᛏᛁᚹᚨᛉ,5,synth,test
syn_000122_bRitwaikis_ᛒᛉᛁᛏᚹᚨᛁᚲᛁᛊ.png,,122,bRitwaikis,ᛒᛉᛁᛏᚹᚨᛁᚲᛁᛊ,10,synth,train
syn_000122_uŋïitk_ᚢᛜᛇᛁᛏᚲ.png,,122,uŋïitk,ᚢᛜᛇᛁᛏᚲ,6,synth,train
syn_000122_ŋak_ᛜᚨᚲ.png,,122,ŋak,ᛜᚨᚲ,3,synth,train
syn_000123_fuþark_ᚠᚢᚦᚨᚱᚲ.png,,123,fuþark,ᚠᚢᚦᚨᚱᚲ,6,synth,train
syn_000123_ip_ᛁᛈ.png,,123,ip,ᛁᛈ,2,synth,train
syn_000123_wŋ_ᚹᛜ.png,,123,wŋ,ᚹᛜ,2,synth,train
syn_000124_dagpawen_ᛞᚨᚷᛈᚨᚹᛖᚾ.png,,124,dagpawen,ᛞᚨᚷᛈᚨᚹᛖᚾ,8,synth,train
syn_000124_gdnwllpf_ᚷᛞᚾᚹᛚᛚᛈᚠ.png,,124,gdnwllpf,ᚷᛞᚾᚹᛚᛚᛈᚠ,8,synth,train
syn_000124_warka_ᚹᚨᚱᚲᚨ.png,,124,warka,ᚹᚨᚱᚲᚨ,5,synth,train
syn_000125_bRdwstrïþd_ᛒᛉᛞᚹᛊᛏᚱᛇᚦᛞ.png,,125,bRdwstrïþd,ᛒᛉᛞᚹᛊᛏᚱᛇᚦᛞ,10,synth,test
syn_000125_hau_ᚺᚨᚢ.png,,125,hau,ᚺᚨᚢ,3,synth,train
syn_000125_laukáRkŋþ_ᛚᚨᚢᚲᚨᛉᚲᛜᚦ.png,,125,laukáRkŋþ,ᛚᚨᚢᚲᚨᛉᚲᛜᚦ,9,synth,train
syn_000126_alu_ᚨᛚᚢ.png,,126,alu,ᚨᛚᚢ,3,synth,test
syn_000126_fuþark_ᚠᚢᚦᚨᚱᚲ.png,,126,fuþark,ᚠᚢᚦᚨᚱᚲ,6,synth,train
syn_000126_jldkowur_ᛃᛚᛞᚲᛟᚹᚢᚱ.png,,126,jldkowur,ᛃᛚᛞᚲᛟᚹᚢᚱ,8,synth,train
syn_000127_laukáRrl_ᛚᚨᚢᚲᚨᛉᚱᛚ.png,,127,laukáRrl,ᛚᚨᚢᚲᚨᛉᚱᛚ,8,synth,train
syn_000127_mohtafbb_ᛗᛟᚺᛏᚨᚠᛒᛒ.png,,127,mohtafbb,ᛗᛟᚺᛏᚨᚠᛒᛒ,8,synth,train
syn_000127_tiwaR_ᛏᛁᚹᚨᛉ.png,,127,tiwaR,ᛏᛁᚹᚨᛉ,5,synth,test
syn_000128_ingwaRhdp_ᛁᚾᚷᚹᚨᛉᚺᛞᛈ.png,,128,ingwaRhdp,ᛁᚾᚷᚹᚨᛉᚺᛞᛈ,9,synth,train
syn_000128_tiwaRta_ᛏᛁᚹᚨᛉᛏᚨ.png,,128,tiwaRta,ᛏᛁᚹᚨᛉᛏᚨ,7,synth,train
syn_000128_þþdmggŋlþh_ᚦᚦᛞᛗᚷᚷᛜᛚᚦᚺ.png,,128,þþdmggŋlþh,ᚦᚦᛞᛗᚷᚷᛜᛚᚦᚺ,10,synth,val
syn_000129_epw_ᛖᛈᚹ.png,,129,epw,ᛖᛈᚹ,3,synth,train
syn_000129_ingwaR_ᛁᚾᚷᚹᚨᛉ.png,,129,ingwaR,ᛁᚾᚷᚹᚨᛉ,6,synth,train
syn_000129_ingwaRksj_ᛁᚾᚷᚹᚨᛉᚲᛊᛃ.png,,129,ingwaRksj,ᛁᚾᚷᚹᚨᛉᚲᛊᛃ,9,synth,train
syn_000130_ek_ᛖᚲ.png,,130,ek,ᛖᚲ,2,synth,train
syn_000130_ïhaþaïŋn_ᛇᚺᚨᚦᚨᛇᛜᚾ.png,,130,ïhaþaïŋn,ᛇᚺᚨᚦᚨᛇᛜᚾ,8,synth,train
syn_000130_lojkesjro_ᛚᛟᛃᚲᛖᛊᛃᚱᛟ.png,,130,lojkesjro,ᛚᛟᛃᚲᛖᛊᛃᚱᛟ,9,synth,test
syn_000131_euthtasti_ᛖᚢᛏᚺᛏᚨᛊᛏᛁ.png,,131,euthtasti,ᛖᚢᛏᚺᛏᚨᛊᛏᛁ,9,synth,train
syn_000131_kpïaoskr_ᚲᛈᛇᚨᛟᛊᚲᚱ.png,,131,kpïaoskr,ᚲᛈᛇᚨᛟᛊᚲᚱ,8,synth,train
syn_000131_ŋdwþjRj_ᛜᛞᚹᚦᛃᛉᛃ.png,,131,ŋdwþjRj,ᛜᛞᚹᚦᛃᛉᛃ,7,synth,train
syn_000132_ek_ᛖᚲ.png,,132,ek,ᛖᚲ,2,synth,train
syn_000132_fuþarkt_ᚠᚢᚦᚨᚱᚲᛏ.png,,132,fuþarkt,ᚠᚢᚦᚨᚱᚲᛏ,7,synth,train
syn_000132_jhpdh_ᛃᚺᛈᛞᚺ.png,,132,jhpdh,ᛃᚺᛈᛞᚺ,5,synth,train
syn_000133_alui_ᚨᛚᚢᛁ.png,,133,alui,ᚨᛚᚢᛁ,4,synth,train
syn_000133_rolk_ᚱᛟᛚᚲ.png,,133,rolk,ᚱᛟᛚᚲ,4,synth,train
syn_000133_tiwaRn_ᛏᛁᚹᚨᛉᚾ.png,,133,tiwaRn,ᛏᛁᚹᚨᛉᚾ,6,synth,train
syn_000134_jjw_ᛃᛃᚹ.png,,134,jjw,ᛃᛃᚹ,3,synth,train
syn_000134_lg_ᛚᚷ.png,,134,lg,ᛚᚷ,2,synth,train
syn_000134_rdddnuu_ᚱᛞᛞᛞᚾᚢᚢ.png,,134,rdddnuu,ᚱᛞᛞᛞᚾᚢᚢ,7,synth,train
syn_000135_alu_ᚨᛚᚢ.png,,135,alu,ᚨᛚᚢ,3,synth,test
syn_000135_ingwaR_ᛁᚾᚷᚹᚨᛉ.png,,135,ingwaR,ᛁᚾᚷᚹᚨᛉ,6,synth,train
syn_000135_oj_ᛟᛃ.png,,135,oj,ᛟᛃ,2,synth,train
syn_000136_pjtemþlR_ᛈᛃᛏᛖᛗᚦᛚᛉ.png,,136,pjtemþlR,ᛈᛃᛏᛖᛗᚦᛚᛉ,8,synth,train
syn_000136_uoas_ᚢᛟᚨᛊ.png,,136,uoas,ᚢᛟᚨᛊ,4,synth,train
syn_000136_þþkRgw_ᚦᚦᚲᛉᚷᚹ.png,,136,þþkRgw,ᚦᚦᚲᛉᚷᚹ,6,synth,train
syn_000137_aoeuþme_ᚨᛟᛖᚢᚦᛗᛖ.png,,137,aoeuþme,ᚨᛟᛖᚢᚦᛗᛖ,7,synth,train
syn_000137_rs_ᚱᛊ.png,,137,rs,ᚱᛊ,2,synth,train
syn_000137_wg_ᚹᚷ.png,,137,wg,ᚹᚷ,2,synth,test
syn_000138_eu_ᛖᚢ.png,,138,eu,ᛖᚢ,2,synth,train
syn_000138_fuþark_ᚠᚢᚦᚨᚱᚲ.png,,138,fuþark,ᚠᚢᚦᚨᚱᚲ,6,synth,train
syn_000138_ŋlr_ᛜᛚᚱ.png,,138,ŋlr,ᛜᛚᚱ,3,synth,val
syn_000139_ajdþkkgeR_ᚨᛃᛞᚦᚲᚲᚷᛖᛉ.png,,139,ajdþkkgeR,ᚨᛃᛞᚦᚲᚲᚷᛖᛉ,9,synth,train
syn_000139_ïha_ᛇᚺᚨ.png,,139,ïha,ᛇᚺᚨ,3,synth,train
syn_000139_rRŋïgil_ᚱᛉᛜᛇᚷᛁᛚ.png,,139,rRŋïgil,ᚱᛉᛜᛇᚷᛁᛚ,7,synth,train
syn_000140_iwkjdur_ᛁᚹᚲᛃᛞᚢᚱ.png,,140,iwkjdur,ᛁᚹᚲᛃᛞᚢᚱ,7,synth,train
syn_000140_shnjïfŋdïï_ᛊᚺᚾᛃᛇᚠᛜᛞᛇᛇ.png,,140,shnjïfŋdïï,ᛊᚺᚾᛃᛇᚠᛜᛞᛇᛇ,10,synth,train
syn_000140_ŋrŋïþljb_ᛜᚱᛜᛇᚦᛚᛃᛒ.png,,140,ŋrŋïþljb,ᛜᚱᛜᛇᚦᛚᛃᛒ,8,synth,train
syn_000141_auþhpkŋuaï_ᚨᚢᚦᚺᛈᚲᛜᚢᚨᛇ.png,,141,auþhpkŋuaï,ᚨᚢᚦᚺᛈᚲᛜᚢᚨᛇ,10,synth,train
syn_000141_nddhom_ᚾᛞᛞᚺᛟᛗ.png,,141,nddhom,ᚾᛞᛞᚺᛟᛗ,6,synth,train
syn_000141_umjseg_ᚢᛗᛃᛊᛖᚷ.png,,141,umjseg,ᚢᛗᛃᛊᛖᚷ,6,synth,train
syn_000142_eþni_ᛖᚦᚾᛁ.png,,142,eþni,ᛖᚦᚾᛁ,4,synth,train
syn_000142_pïtdŋh_ᛈᛇᛏᛞᛜᚺ.png,,142,pïtdŋh,ᛈᛇᛏᛞᛜᚺ,6,synth,train
syn_000142_tiwaRu_ᛏᛁᚹᚨᛉᚢ.png,,142,tiwaRu,ᛏᛁᚹᚨᛉᚢ,6,synth,train
syn_000143_hoiw_ᚺᛟᛁᚹ.png,,143,hoiw,ᚺᛟᛁᚹ,4,synth,train
syn_000143_rŋnRlo_ᚱᛜᚾᛉᛚᛟ.png,,143,rŋnRlo,ᚱᛜᚾᛉᛚᛟ,6,synth,train
syn_000143_tiwaR_ᛏᛁᚹᚨᛉ.png,,143,tiwaR,ᛏᛁᚹᚨᛉ,5,synth,test
syn_000144_ek_ᛖᚲ.png,,144,ek,ᛖᚲ,2,synth,train
syn_000144_mlnwoïstþl_ᛗᛚᚾᚹᛟᛇᛊᛏᚦᛚ.png,,144,mlnwoïstþl,ᛗᛚᚾᚹᛟᛇᛊᛏᚦᛚ,10,synth,train
syn_000144_ordŋ_ᛟᚱᛞᛜ.png,,144,ordŋ,ᛟᚱᛞᛜ,4,synth,train
syn_000145_gk_ᚷᚲ.png,,145,gk,ᚷᚲ,2,synth,train
syn_000145_iihgihwjmï_ᛁᛁᚺᚷᛁᚺᚹᛃᛗᛇ.png,,145,iihgihwjmï,ᛁᛁᚺᚷᛁᚺᚹᛃᛗᛇ,10,synth,train
syn_000145_wswf_ᚹᛊᚹᚠ.png,,145,wswf,ᚹᛊᚹᚠ,4,synth,train
syn_000146_dbŋekmïl_ᛞᛒᛜᛖᚲᛗᛇᛚ.png,,146,dbŋekmïl,ᛞᛒᛜᛖᚲᛗᛇᛚ,8,synth,train
syn_000146_ingwaR_ᛁᚾᚷᚹᚨᛉ.png,,146,ingwaR,ᛁᚾᚷᚹᚨᛉ,6,synth,train
syn_000146_tbujïaha_ᛏᛒᚢᛃᛇᚨᚺᚨ.png,,146,tbujïaha,ᛏᛒᚢᛃᛇᚨᚺᚨ,8,synth,val
syn_000147_hoŋwieag_ᚺᛟᛜᚹᛁᛖᚨᚷ.png,,147,hoŋwieag,ᚺᛟᛜᚹᛁᛖᚨᚷ,8,synth,train
syn_000147_rjuknbp_ᚱᛃᚢᚲᚾᛒᛈ.png,,147,rjuknbp,ᚱᛃᚢᚲᚾᛒᛈ,7,synth,train
syn_000147_uþlrtnutR_ᚢᚦᛚᚱᛏᚾᚢᛏᛉ.png,,147,uþlrtnutR,ᚢᚦᛚᚱᛏᚾᚢᛏᛉ,9,synth,train
syn_000148_Rrþaigïm_ᛉᚱᚦᚨᛁᚷᛇᛗ.png,,148,Rrþaigïm,ᛉᚱᚦᚨᛁᚷᛇᛗ,8,synth,train
syn_000148_diarwohm_ᛞᛁᚨᚱᚹᛟᚺᛗ.png,,148,diarwohm,ᛞᛁᚨᚱᚹᛟᚺᛗ,8,synth,train
syn_000148_jþRpnoew_ᛃᚦᛉᛈᚾᛟᛖᚹ.png,,148,jþRpnoew,ᛃᚦᛉᛈᚾᛟᛖᚹ,8,synth,train
syn_000149_bbïg_ᛒᛒᛇᚷ.png,,149,bbïg,ᛒᛒᛇᚷ,4,synth,train
syn_000149_ltdïkpk_ᛚᛏᛞᛇᚲᛈᚲ.png,,149,ltdïkpk,ᛚᛏᛞᛇᚲᛈᚲ,7,synth,train
syn_000149_uheitpl_ᚢᚺᛖᛁᛏᛈᛚ.png,,149,uheitpl,ᚢᚺᛖᛁᛏᛈᛚ,7,synth,train
syn_000150_alu_ᚨᛚᚢ.png,,150,alu,ᚨᛚᚢ,3,synth,test
syn_000150_durrrphjkd_ᛞᚢᚱᚱᚱᛈᚺᛃᚲᛞ.png,,150,durrrphjkd,ᛞᚢᚱᚱᚱᛈᚺᛃᚲᛞ,10,synth,val
syn_000150_ngfwb_ᚾᚷᚠᚹᛒ.png,,150,ngfwb,ᚾᚷᚠᚹᛒ,5,synth,train
syn_000150_pggwb_ᛈᚷᚷᚹᛒ.png,,150,pggwb,ᛈᚷᚷᚹᛒ,5,synth,train
syn_000151_laukáR_ᛚᚨᚢᚲᚨᛉ.png,,151,laukáR,ᛚᚨᚢᚲᚨᛉ,6,synth,train
syn_000151_lefj_ᛚᛖᚠᛃ.png,,151,lefj,ᛚᛖᚠᛃ,4,synth,train
syn_000151_suïhŋliŋmï_ᛊᚢᛇᚺᛜᛚᛁᛜᛗᛇ.png,,151,suïhŋliŋmï,ᛊᚢᛇᚺᛜᛚᛁᛜᛗᛇ,10,synth,train
syn_000152_ibllhnjtj_ᛁᛒᛚᛚᚺᚾᛃᛏᛃ.png,,152,ibllhnjtj,ᛁᛒᛚᛚᚺᚾᛃᛏᛃ,9,synth,test
syn_000152_iwilj_ᛁᚹᛁᛚᛃ.png,,152,iwilj,ᛁᚹᛁᛚᛃ,5,synth,train
syn_000152_laukáR_ᛚᚨᚢᚲᚨᛉ.png,,152,laukáR,ᛚᚨᚢᚲᚨᛉ,6,synth,train
syn_000152_pdŋdþda_ᛈᛞᛜᛞᚦᛞᚨ.png,,152,pdŋdþda,ᛈᛞᛜᛞᚦᛞᚨ,7,synth,train
syn_000153_alu_ᚨᛚᚢ.png,,153,alu,ᚨᛚᚢ,3,synth,test
syn_000153_mkunfbka_ᛗᚲᚢᚾᚠᛒᚲᚨ.png,,153,mkunfbka,ᛗᚲᚢᚾᚠᛒᚲᚨ,8,synth,train
syn_000153_utbt_ᚢᛏᛒᛏ.png,,153,utbt,ᚢᛏᛒᛏ,4,synth,train
syn_000153_ŋrwwlŋog_ᛜᚱᚹᚹᛚᛜᛟᚷ.png,,153,ŋrwwlŋog,ᛜᚱᚹᚹᛚᛜᛟᚷ,8,synth,test
syn_000154_jmwþmfsobt_ᛃᛗᚹᚦᛗᚠᛊᛟᛒᛏ.png,,154,jmwþmfsobt,ᛃᛗᚹᚦᛗᚠᛊᛟᛒᛏ,10,synth,train
syn_000154_nro_ᚾᚱᛟ.png,,154,nro,ᚾᚱᛟ,3,synth,test
syn_000154_rbrþiï_ᚱᛒᚱᚦᛁᛇ.png,,154,rbrþiï,ᚱᛒᚱᚦᛁᛇ,6,synth,train
syn_000154_wuldwsrlln_ᚹᚢᛚᛞᚹᛊᚱᛚᛚᚾ.png,,154,wuldwsrlln,ᚹᚢᛚᛞᚹᛊᚱᛚᛚᚾ,10,synth,train
syn_000155_biuþbg_ᛒᛁᚢᚦᛒᚷ.png,,155,biuþbg,ᛒᛁᚢᚦᛒᚷ,6,synth,train
syn_000155_hkblsn_ᚺᚲᛒᛚᛊᚾ.png,,155,hkblsn,ᚺᚲᛒᛚᛊᚾ,6,synth,train
syn_000155_ingwaRgr_ᛁᚾᚷᚹᚨᛉᚷᚱ.png,,155,ingwaRgr,ᛁᚾᚷᚹᚨᛉᚷᚱ,8,synth,train
syn_000155_uebrlanee_ᚢᛖᛒᚱᛚᚨᚾᛖᛖ.png,,155,uebrlanee,ᚢᛖᛒᚱᛚᚨᚾᛖᛖ,9,synth,train
syn_000156_ghagŋ_ᚷᚺᚨᚷᛜ.png,,156,ghagŋ,ᚷᚺᚨᚷᛜ,5,synth,val
syn_000156_ingwaR_ᛁᚾᚷᚹᚨᛉ.png,,156,ingwaR,ᛁᚾᚷᚹᚨᛉ,6,synth,train
syn_000156_laukáR_ᛚᚨᚢᚲᚨᛉ.png,,156,laukáR,ᛚᚨᚢᚲᚨᛉ,6,synth,train
syn_000156_þg_ᚦᚷ.png,,156,þg,ᚦᚷ,2,synth,train
syn_000157_aluŋtl_ᚨᛚᚢᛜᛏᛚ.png,,157,aluŋtl,ᚨᛚᚢᛜᛏᛚ,6,synth,train
syn_000157_ek_ᛖᚲ.png,,157,ek,ᛖᚲ,2,synth,train
syn_000157_hfjkjhwi_ᚺᚠᛃᚲᛃᚺᚹᛁ.png,,157,hfjkjhwi,ᚺᚠᛃᚲᛃᚺᚹᛁ,8,synth,train
syn_000157_sis_ᛊᛁᛊ.png,,157,sis,ᛊᛁᛊ,3,synth,train
syn_000158_alutb_ᚨᛚᚢᛏᛒ.png,,158,alutb,ᚨᛚᚢᛏᛒ,5,synth,train
syn_000158_bbïïpb_ᛒᛒᛇᛇᛈᛒ.png,,158,bbïïpb,ᛒᛒᛇᛇᛈᛒ,6,synth,train
syn_000158_ïsiism_ᛇᛊᛁᛁᛊᛗ.png,,158,ïsiism,ᛇᛊᛁᛁᛊᛗ,6,synth,train
syn_000158_pjþguoe_ᛈᛃᚦᚷᚢᛟᛖ.png,,158,pjþguoe,ᛈᛃᚦᚷᚢᛟᛖ,7,synth,train
syn_000159_nitŋ_ᚾᛁᛏᛜ.png,,159,nitŋ,ᚾᛁᛏᛜ,4,synth,train
syn_000159_tiwaR_ᛏᛁᚹᚨᛉ.png,,159,tiwaR,ᛏᛁᚹᚨᛉ,5,synth,test
syn_000159_tjl_ᛏᛃᛚ.png,,159,tjl,ᛏᛃᛚ,3,synth,train
syn_000159_udïebnþwrp_ᚢᛞᛇᛖᛒᚾᚦᚹᚱᛈ.png,,159,udïebnþwrp,ᚢᛞᛇᛖᛒᚾᚦᚹᚱᛈ,10,synth,train
syn_000160_bpdhuoŋtï_ᛒᛈᛞᚺᚢᛟᛜᛏᛇ.png,,160,bpdhuoŋtï,ᛒᛈᛞᚺᚢᛟᛜᛏᛇ,9,synth,train
syn_000160_rghRoŋtd_ᚱᚷᚺᛉᛟᛜᛏᛞ.png,,160,rghRoŋtd,ᚱᚷᚺᛉᛟᛜᛏᛞ,8,synth,train
syn_000160_sa_ᛊᚨ.png,,160,sa,ᛊᚨ,2,synth,val
syn_000160_ŋmtkmu_ᛜᛗᛏᚲᛗᚢ.png,,160,ŋmtkmu,ᛜᛗᛏᚲᛗᚢ,6,synth,train
syn_000161_eïpsgot_ᛖᛇᛈᛊᚷᛟᛏ.png,,161,eïpsgot,ᛖᛇᛈᛊᚷᛟᛏ,7,synth,train
syn_000161_mï_ᛗᛇ.png,,161,mï,ᛗᛇ,2,synth,train
syn_000161_rume_ᚱᚢᛗᛖ.png,,161,rume,ᚱᚢᛗᛖ,4,synth,train
syn_000161_wiRgadmm_ᚹᛁᛉᚷᚨᛞᛗᛗ.png,,161,wiRgadmm,ᚹᛁᛉᚷᚨᛞᛗᛗ,8,synth,train
syn_000162_hŋRoa_ᚺᛜᛉᛟᚨ.png,,162,hŋRoa,ᚺᛜᛉᛟᚨ,5,synth,train
syn_000162_laukáRpþa_ᛚᚨᚢᚲᚨᛉᛈᚦᚨ.png,,162,laukáRpþa,ᛚᚨᚢᚲᚨᛉᛈᚦᚨ,9,synth,train
syn_000162_lwbmrþmef_ᛚᚹᛒᛗᚱᚦᛗᛖᚠ.png,,162,lwbmrþmef,ᛚᚹᛒᛗᚱᚦᛗᛖᚠ,9,synth,train
syn_000162_whbR_ᚹᚺᛒᛉ.png,,162,whbR,ᚹᚺᛒᛉ,4,synth,val
syn_000163_brhsïdpg_ᛒᚱᚺᛊᛇᛞᛈᚷ.png,,163,brhsïdpg,ᛒᚱᚺᛊᛇᛞᛈᚷ,8,synth,train
syn_000163_fuþarks_ᚠᚢᚦᚨᚱᚲᛊ.png,,163,fuþarks,ᚠᚢᚦᚨᚱᚲᛊ,7,synth,train
syn_000163_swjgwkm_ᛊᚹᛃᚷᚹᚲᛗ.png,,163,swjgwkm,ᛊᚹᛃᚷᚹᚲᛗ,7,synth,train
syn_000163_umkfrruntt_ᚢᛗᚲᚠᚱᚱᚢᚾᛏᛏ.png,,163,umkfrruntt,ᚢᛗᚲᚠᚱᚱᚢᚾᛏᛏ,10,synth,train
syn_000164_ingwaR_ᛁᚾᚷᚹᚨᛉ.png,,164,ingwaR,ᛁᚾᚷᚹᚨᛉ,6,synth,train
syn_000164_itudskljph_ᛁᛏᚢᛞᛊᚲᛚᛃᛈᚺ.png,,164,itudskljph,ᛁᛏᚢᛞᛊᚲᛚᛃᛈᚺ,10,synth,test
syn_000164_sb_ᛊᛒ.png,,164,sb,ᛊᛒ,2,synth,train
syn_000164_tiwaR_ᛏᛁᚹᚨᛉ.png,,164,tiwaR,ᛏᛁᚹᚨᛉ,5,synth,test
syn_000165_ibrr_ᛁᛒᚱᚱ.png,,165,ibrr,ᛁᛒᚱᚱ,4,synth,train
syn_000165_ktl_ᚲᛏᛚ.png,,165,ktl,ᚲᛏᛚ,3,synth,train
syn_000165_rnïuRwmrgp_ᚱᚾᛇᚢᛉᚹᛗᚱᚷᛈ.png,,165,rnïuRwmrgp,ᚱᚾᛇᚢᛉᚹᛗᚱᚷᛈ,10,synth,train
syn_000165_rp_ᚱᛈ.png,,165,rp,ᚱᛈ,2,synth,train
syn_000166_ek_ᛖᚲ.png,,166,ek,ᛖᚲ,2,synth,train
syn_000166_emisgkR_ᛖᛗᛁᛊᚷᚲᛉ.png,,166,emisgkR,ᛖᛗᛁᛊᚷᚲᛉ,7,synth,train
syn_000166_upþm_ᚢᛈᚦᛗ.png,,166,upþm,ᚢᛈᚦᛗ,4,synth,train
syn_000166_þiþRt_ᚦᛁᚦᛉᛏ.png,,166,þiþRt,ᚦᛁᚦᛉᛏ,5,synth,val
syn_000167_laukáRïsn_ᛚᚨᚢᚲᚨᛉᛇᛊᚾ.png,,167,laukáRïsn,ᛚᚨᚢᚲᚨᛉᛇᛊᚾ,9,synth,test
syn_000167_mþþŋ_ᛗᚦᚦᛜ.png,,167,mþþŋ,ᛗᚦᚦᛜ,4,synth,train
syn_000167_rliïge_ᚱᛚᛁᛇᚷᛖ.png,,167,rliïge,ᚱᛚᛁᛇᚷᛖ,6,synth,train
syn_000167_wRdj_ᚹᛉᛞᛃ.png,,167,wRdj,ᚹᛉᛞᛃ,4,synth,train
syn_000168_fuþarkut_ᚠᚢᚦᚨᚱᚲᚢᛏ.png,,168,fuþarkut,ᚠᚢᚦᚨᚱᚲᚢᛏ,8,synth,train
syn_000168_hnŋr_ᚺᚾᛜᚱ.png,,168,hnŋr,ᚺᚾᛜᚱ,4,synth,train
syn_000168_pŋŋjþlm_ᛈᛜᛜᛃᚦᛚᛗ.png,,168,pŋŋjþlm,ᛈᛜᛜᛃᚦᛚᛗ,7,synth,train
syn_000169_fuþark_ᚠᚢᚦᚨᚱᚲ.png,,169,fuþark,ᚠᚢᚦᚨᚱᚲ,6,synth,train
syn_000169_pïghslpot_ᛈᛇᚷᚺᛊᛚᛈᛟᛏ.png,,169,pïghslpot,ᛈᛇᚷᚺᛊᛚᛈᛟᛏ,9,synth,train
syn_000169_þRlhofeoŋt_ᚦᛉᛚᚺᛟᚠᛖᛟᛜᛏ.png,,169,þRlhofeoŋt,ᚦᛉᛚᚺᛟᚠᛖᛟᛜᛏ,10,synth,train
syn_000170_ekea_ᛖᚲᛖᚨ.png,,170,ekea,ᛖᚲᛖᚨ,4,synth,train
syn_000170_jut_ᛃᚢᛏ.png,,170,jut,ᛃᚢᛏ,3,synth,train
syn_000170_þejfurbo_ᚦᛖᛃᚠᚢᚱᛒᛟ.png,,170,þejfurbo,ᚦᛖᛃᚠᚢᚱᛒᛟ,8,synth,train
syn_000171_ingwaRd_ᛁᚾᚷᚹᚨᛉᛞ.png,,171,ingwaRd,ᛁᚾᚷᚹᚨᛉᛞ,7,synth,train
syn_000171_pbb_ᛈᛒᛒ.png,,171,pbb,ᛈᛒᛒ,3,synth,train
syn_000171_tmnasf_ᛏᛗᚾᚨᛊᚠ.png,,171,tmnasf,ᛏᛗᚾᚨᛊᚠ,6,synth,train
syn_000172_alu_ᚨᛚᚢ.png,,172,alu,ᚨᛚᚢ,3,synth,test
syn_000172_aluþi_ᚨᛚᚢᚦᛁ.png,,172,aluþi,ᚨᛚᚢᚦᛁ,5,synth,train
syn_000172_kjhppo_ᚲᛃᚺᛈᛈᛟ.png,,172,kjhppo,ᚲᛃᚺᛈᛈᛟ,6,synth,train
syn_000173_fmmï_ᚠᛗᛗᛇ.png,,173,fmmï,ᚠᛗᛗᛇ,4,synth,train
syn_000173_hdmeklnkb_ᚺᛞᛗᛖᚲᛚᚾᚲᛒ.png,,173,hdmeklnkb,ᚺᛞᛗᛖᚲᛚᚾᚲᛒ,9,synth,train
syn_000173_þuRn_ᚦᚢᛉᚾ.png,,173,þuRn,ᚦᚢᛉᚾ,4,synth,train
syn_000174_ïþegofkrn_ᛇᚦᛖᚷᛟᚠᚲᚱᚾ.png,,174,ïþegofkrn,ᛇᚦᛖᚷᛟᚠᚲᚱᚾ,9,synth,train
syn_000174_uourepkh_ᚢᛟᚢᚱᛖᛈᚲᚺ.png,,174,uourepkh,ᚢᛟᚢᚱᛖᛈᚲᚺ,8,synth,train
syn_000175_ghmkjh_ᚷᚺᛗᚲᛃᚺ.png,,175,ghmkjh,ᚷᚺᛗᚲᛃᚺ,6,synth,train
syn_000175_mnj_ᛗᚾᛃ.png,,175,mnj,ᛗᚾᛃ,3,synth,train
syn_000175_wgjjþ_ᚹᚷᛃᛃᚦ.png,,175,wgjjþ,ᚹᚷᛃᛃᚦ,5,synth,train
syn_000176_lpeaoese_ᛚᛈᛖᚨᛟᛖᛊᛖ.png,,176,lpeaoese,ᛚᛈᛖᚨᛟᛖᛊᛖ,8,synth,train
syn_000176_sjn_ᛊᛃᚾ.png,,176,sjn,ᛊᛃᚾ,3,synth,train
syn_000176_ŋbi_ᛜᛒᛁ.png,,176,ŋbi,ᛜᛒᛁ,3,synth,train
syn_000177_fuþarkggr_ᚠᚢᚦᚨᚱᚲᚷᚷᚱ.png,,177,fuþarkggr,ᚠᚢᚦᚨᚱᚲᚷᚷᚱ,9,synth,test
syn_000177_ïŋwwp_ᛇᛜᚹᚹᛈ.png,,177,ïŋwwp,ᛇᛜᚹᚹᛈ,5,synth,train
syn_000177_ntŋrkddw_ᚾᛏᛜᚱᚲᛞᛞᚹ.png,,177,ntŋrkddw,ᚾᛏᛜᚱᚲᛞᛞᚹ,8,synth,train
syn_000178_alup_ᚨᛚᚢᛈ.png,,178,alup,ᚨᛚᚢᛈ,4,synth,test
syn_000178_dfm_ᛞᚠᛗ.png,,178,dfm,ᛞᚠᛗ,3,synth,train
syn_000178_ïohoogflŋi_ᛇᛟᚺᛟᛟᚷᚠᛚᛜᛁ.png,,178,ïohoogflŋi,ᛇᛟᚺᛟᛟᚷᚠᛚᛜᛁ,10,synth,train
syn_000179_ghbawa_ᚷᚺᛒᚨᚹᚨ.png,,179,ghbawa,ᚷᚺᛒᚨᚹᚨ,6,synth,train
syn_000179_hgiŋ_ᚺᚷᛁᛜ.png,,179,hgiŋ,ᚺᚷᛁᛜ,4,synth,train
syn_000179_tiwaR_ᛏᛁᚹᚨᛉ.png,,179,tiwaR,ᛏᛁᚹᚨᛉ,5,synth,test
syn_000180_blaa_ᛒᛚᚨᚨ.png,,180,blaa,ᛒᛚᚨᚨ,4,synth,train
syn_000180_ek_ᛖᚲ.png,,180,ek,ᛖᚲ,2,synth,train
syn_000180_fos_ᚠᛟᛊ.png,,180,fos,ᚠᛟᛊ,3,synth,train
syn_000181_ari_ᚨᚱᛁ.png,,181,ari,ᚨᚱᛁ,3,synth,train
syn_000181_awmea_ᚨᚹᛗᛖᚨ.png,,181,awmea,ᚨᚹᛗᛖᚨ,5,synth,train
syn_000181_egŋlw_ᛖᚷᛜᛚᚹ.png,,181,egŋlw,ᛖᚷᛜᛚᚹ,5,synth,val
syn_000182_ek_ᛖᚲ.png,,182,ek,ᛖᚲ,2,synth,train
syn_000182_ingwaRt_ᛁᚾᚷᚹᚨᛉᛏ.png,,182,ingwaRt,ᛁᚾᚷᚹᚨᛉᛏ,7,synth,val
syn_000182_tiwaR_ᛏᛁᚹᚨᛉ.png,,182,tiwaR,ᛏᛁᚹᚨᛉ,5,synth,test
syn_000183_fuþarkg_ᚠᚢᚦᚨᚱᚲᚷ.png,,183,fuþarkg,ᚠᚢᚦᚨᚱᚲᚷ,7,synth,train
syn_000183_jjpdognu_ᛃᛃᛈᛞᛟᚷᚾᚢ.png,,183,jjpdognu,ᛃᛃᛈᛞᛟᚷᚾᚢ,8,synth,train
syn_000183_ŋkeelujþ_ᛜᚲᛖᛖᛚᚢᛃᚦ.png,,183,ŋkeelujþ,ᛜᚲᛖᛖᛚᚢᛃᚦ,8,synth,train
syn_000184_ek_ᛖᚲ.png,,184,ek,ᛖᚲ,2,synth,train
syn_000184_eklk_ᛖᚲᛚᚲ.png,,184,eklk,ᛖᚲᛚᚲ,4,synth,test
syn_000184_wþp_ᚹᚦᛈ.png,,184,wþp,ᚹᚦᛈ,3,synth,train
syn_000185_alu_ᚨᛚᚢ.png,,185,alu,ᚨᛚᚢ,3,synth,test
syn_000185_dj_ᛞᛃ.png,,185,dj,ᛞᛃ,2,synth,train
syn_000185_mki_ᛗᚲᛁ.png,,185,mki,ᛗᚲᛁ,3,synth,train
syn_000186_bþeriebp_ᛒᚦᛖᚱᛁᛖᛒᛈ.png,,186,bþeriebp,ᛒᚦᛖᚱᛁᛖᛒᛈ,8,synth,train
syn_000186_laukáR_ᛚᚨᚢᚲᚨᛉ.png,,186,laukáR,ᛚᚨᚢᚲᚨᛉ,6,synth,train
syn_000186_osr_ᛟᛊᚱ.png,,186,osr,ᛟᛊᚱ,3,synth,train
syn_000187_aludïj_ᚨᛚᚢᛞᛇᛃ.png,,187,aludïj,ᚨᛚᚢᛞᛇᛃ,6,synth,train
syn_000187_gpweiif_ᚷᛈᚹᛖᛁᛁᚠ.png,,187,gpweiif,ᚷᛈᚹᛖᛁᛁᚠ,7,synth,train
syn_000187_þgeþplw_ᚦᚷᛖᚦᛈᛚᚹ.png,,187,þgeþplw,ᚦᚷᛖᚦᛈᛚᚹ,7,synth,train
syn_000188_laukáR_ᛚᚨᚢᚲᚨᛉ.png,,188,laukáR,ᛚᚨᚢᚲᚨᛉ,6,synth,train
syn_000188_pwŋk_ᛈᚹᛜᚲ.png,,188,pwŋk,ᛈᚹᛜᚲ,4,synth,train
syn_000188_pŋmfuowtk_ᛈᛜᛗᚠᚢᛟᚹᛏᚲ.png,,188,pŋmfuowtk,ᛈᛜᛗᚠᚢᛟᚹᛏᚲ,9,synth,train
syn_000189_aþdjpeg_ᚨᚦᛞᛃᛈᛖᚷ.png,,189,aþdjpeg,ᚨᚦᛞᛃᛈᛖᚷ,7,synth,train
syn_000189_wpkgpdpï_ᚹᛈᚲᚷᛈᛞᛈᛇ.png,,189,wpkgpdpï,ᚹᛈᚲᚷᛈᛞᛈᛇ,8,synth,val
syn_000189_ŋwswae_ᛜᚹᛊᚹᚨᛖ.png,,189,ŋwswae,ᛜᚹᛊᚹᚨᛖ,6,synth,train
syn_000190_guwþmRŋ_ᚷᚢᚹᚦᛗᛉᛜ.png,,190,guwþmRŋ,ᚷᚢᚹᚦᛗᛉᛜ,7,synth,train
syn_000190_ïhoRkotng_ᛇᚺᛟᛉᚲᛟᛏᚾᚷ.png,,190,ïhoRkotng,ᛇᚺᛟᛉᚲᛟᛏᚾᚷ,9,synth,train
syn_000190_wþdïbu_ᚹᚦᛞᛇᛒᚢ.png,,190,wþdïbu,ᚹᚦᛞᛇᛒᚢ,6,synth,train
syn_000191_iþhmsi_ᛁᚦᚺᛗᛊᛁ.png,,191,iþhmsi,ᛁᚦᚺᛗᛊᛁ,6,synth,train
syn_000191_ïathueu_ᛇᚨᛏᚺᚢᛖᚢ.png,,191,ïathueu,ᛇᚨᛏᚺᚢᛖᚢ,7,synth,train
syn_000191_þŋwtiit_ᚦᛜᚹᛏᛁᛁᛏ.png,,191,þŋwtiit,ᚦᛜᚹᛏᛁᛁᛏ,7,synth,train
syn_000192_dsŋlŋgee_ᛞᛊᛜᛚᛜᚷᛖᛖ.png,,192,dsŋlŋgee,ᛞᛊᛜᛚᛜᚷᛖᛖ,8,synth,train
syn_000192_ingwaRkhh_ᛁᚾᚷᚹᚨᛉᚲᚺᚺ.png,,192,ingwaRkhh,ᛁᚾᚷᚹᚨᛉᚲᚺᚺ,9,synth,train
syn_000192_kalŋbtu_ᚲᚨᛚᛜᛒᛏᚢ.png,,192,kalŋbtu,ᚲᚨᛚᛜᛒᛏᚢ,7,synth,train
syn_000193_hïbom_ᚺᛇᛒᛟᛗ.png,,193,hïbom,ᚺᛇᛒᛟᛗ,5,synth,train
syn_000193_kfŋripiþwu_ᚲᚠᛜᚱᛁᛈᛁᚦᚹᚢ.png,,193,kfŋripiþwu,ᚲᚠᛜᚱᛁᛈᛁᚦᚹᚢ,10,synth,train
syn_000193_pjnþgdsïdg_ᛈᛃᚾᚦᚷᛞᛊᛇᛞᚷ.png,,193,pjnþgdsïdg,ᛈᛃᚾᚦᚷᛞᛊᛇᛞᚷ,10,synth,train
syn_000194_badpdtrua_ᛒᚨᛞᛈᛞᛏᚱᚢᚨ.png,,194,badpdtrua,ᛒᚨᛞᛈᛞᛏᚱᚢᚨ,9,synth,train
syn_000194_bþudjgog_ᛒᚦᚢᛞᛃᚷᛟᚷ.png,,194,bþudjgog,ᛒᚦᚢᛞᛃᚷᛟᚷ,8,synth,train
syn_000194_ek_ᛖᚲ.png,,194,ek,ᛖᚲ,2,synth,train
syn_000195_jjekmngw_ᛃᛃᛖᚲᛗᚾᚷᚹ.png,,195,jjekmngw,ᛃᛃᛖᚲᛗᚾᚷᚹ,8,synth,train
syn_000195_jwgŋers_ᛃᚹᚷᛜᛖᚱᛊ.png,,195,jwgŋers,ᛃᚹᚷᛜᛖᚱᛊ,7,synth,train
syn_000195_nfufaa_ᚾᚠᚢᚠᚨᚨ.png,,195,nfufaa,ᚾᚠᚢᚠᚨᚨ,6,synth,train
syn_000196_Rŋŋfs_ᛉᛜᛜᚠᛊ.png,,196,Rŋŋfs,ᛉᛜᛜᚠᛊ,5,synth,train
syn_000196_nt_ᚾᛏ.png,,196,nt,ᚾᛏ,2,synth,val
syn_000196_wrf_ᚹᚱᚠ.png,,196,wrf,ᚹᚱᚠ,3,synth,train
syn_000197_mïftïRŋjoi_ᛗᛇᚠᛏᛇᛉᛜᛃᛟᛁ.png,,197,mïftïRŋjoi,ᛗᛇᚠᛏᛇᛉᛜᛃᛟᛁ,10,synth,train
syn_000197_mtlltno_ᛗᛏᛚᛚᛏᚾᛟ.png,,197,mtlltno,ᛗᛏᛚᛚᛏᚾᛟ,7,synth,train
syn_000197_okstmabïR_ᛟᚲᛊᛏᛗᚨᛒᛇᛉ.png,,197,okstmabïR,ᛟᚲᛊᛏᛗᚨᛒᛇᛉ,9,synth,test
syn_000198_fjdŋmdŋnRh_ᚠᛃᛞᛜᛗᛞᛜᚾᛉᚺ.png,,198,fjdŋmdŋnRh,ᚠᛃᛞᛜᛗᛞᛜᚾᛉᚺ,10,synth,train
syn_000198_hkfkaoiuj_ᚺᚲᚠᚲᚨᛟᛁᚢᛃ.png,,198,hkfkaoiuj,ᚺᚲᚠᚲᚨᛟᛁᚢᛃ,9,synth,train
syn_000198_wupouepþb_ᚹᚢᛈᛟᚢᛖᛈᚦᛒ.png,,198,wupouepþb,ᚹᚢᛈᛟᚢᛖᛈᚦᛒ,9,synth,train
syn_000199_nmttoa_ᚾᛗᛏᛏᛟᚨ.png,,199,nmttoa,ᚾᛗᛏᛏᛟᚨ,6,synth,train
syn_000199_wtïbak_ᚹᛏᛇᛒᚨᚲ.png,,199,wtïbak,ᚹᛏᛇᛒᚨᚲ,6,synth,train
syn_000199_ŋepn_ᛜᛖᛈᚾ.png,,199,ŋepn,ᛜᛖᛈᚾ,4,synth,train
syn_000200_ingwaRifa_ᛁᚾᚷᚹᚨᛉᛁᚠᚨ.png,,200,ingwaRifa,ᛁᚾᚷᚹᚨᛉᛁᚠᚨ,9,synth,train
syn_000200_paŋsŋbŋiR_ᛈᚨᛜᛊᛜᛒᛜᛁᛉ.png,,200,paŋsŋbŋiR,ᛈᚨᛜᛊᛜᛒᛜᛁᛉ,9,synth,train
syn_000200_wg_ᚹᚷ.png,,200,wg,ᚹᚷ,2,synth,test
syn_000201_ingwaR_ᛁᚾᚷᚹᚨᛉ.png,,201,ingwaR,ᛁᚾᚷᚹᚨᛉ,6,synth,train
syn_000201_jjtnroï_ᛃᛃᛏᚾᚱᛟᛇ.png,,201,jjtnroï,ᛃᛃᛏᚾᚱᛟᛇ,7,synth,train
syn_000201_mï_ᛗᛇ.png,,201,mï,ᛗᛇ,2,synth,train
syn_000202_fuþark_ᚠᚢᚦᚨᚱᚲ.png,,202,fuþark,ᚠᚢᚦᚨᚱᚲ,6,synth,train
syn_000202_pes_ᛈᛖᛊ.png,,202,pes,ᛈᛖᛊ,3,synth,train
syn_000202_slR_ᛊᛚᛉ.png,,202,slR,ᛊᛚᛉ,3,synth,train
syn_000203_Rïnhfsjtso_ᛉᛇᚾᚺᚠᛊᛃᛏᛊᛟ.png,,203,Rïnhfsjtso,ᛉᛇᚾᚺᚠᛊᛃᛏᛊᛟ,10,synth,train
syn_000203_alua_ᚨᛚᚢᚨ.png,,203,alua,ᚨᛚᚢᚨ,4,synth,train
syn_000203_hdrh_ᚺᛞᚱᚺ.png,,203,hdrh,ᚺᛞᚱᚺ,4,synth,val
syn_000204_fjnRRjn_ᚠᛃᚾᛉᛉᛃᚾ.png,,204,fjnRRjn,ᚠᛃᚾᛉᛉᛃᚾ,7,synth,train
syn_000204_lubeŋjb_ᛚᚢᛒᛖᛜᛃᛒ.png,,204,lubeŋjb,ᛚᚢᛒᛖᛜᛃᛒ,7,synth,test
syn_000204_pupïdlad_ᛈᚢᛈᛇᛞᛚᚨᛞ.png,,204,pupïdlad,ᛈᚢᛈᛇᛞᛚᚨᛞ,8,synth,train
syn_000205_ekabe_ᛖᚲᚨᛒᛖ.png,,205,ekabe,ᛖᚲᚨᛒᛖ,5,synth,train
syn_000205_fhuŋ_ᚠᚺᚢᛜ.png,,205,fhuŋ,ᚠᚺᚢᛜ,4,synth,val
syn_000205_þfip_ᚦᚠᛁᛈ.png,,205,þfip,ᚦᚠᛁᛈ,4,synth,train
syn_000206_Rptïmul_ᛉᛈᛏᛇᛗᚢᛚ.png,,206,Rptïmul,ᛉᛈᛏᛇᛗᚢᛚ,7,synth,train
syn_000206_dpwweniai_ᛞᛈᚹᚹᛖᚾᛁᚨᛁ.png,,206,dpwweniai,ᛞᛈᚹᚹᛖᚾᛁᚨᛁ,9,synth,train
syn_000206_ek_ᛖᚲ.png,,206,ek,ᛖᚲ,2,synth,train
syn_000207_ek_ᛖᚲ.png,,207,ek,ᛖᚲ,2,synth,train
syn_000207_fuþark_ᚠᚢᚦᚨᚱᚲ.png,,207,fuþark,ᚠᚢᚦᚨᚱᚲ,6,synth,train
syn_000207_jsl_ᛃᛊᛚ.png,,207,jsl,ᛃᛊᛚ,3,synth,train
syn_000208_Rdw_ᛉᛞᚹ.png,,208,Rdw,ᛉᛞᚹ,3,synth,test
syn_000208_alufR_ᚨᛚᚢᚠᛉ.png,,208,alufR,ᚨᛚᚢᚠᛉ,5,synth,train
syn_000208_hhoutmpbr_ᚺᚺᛟᚢᛏᛗᛈᛒᚱ.png,,208,hhoutmpbr,ᚺᚺᛟᚢᛏᛗᛈᛒᚱ,9,synth,train
syn_000209_baskngeþ_ᛒᚨᛊᚲᚾᚷᛖᚦ.png,,209,baskngeþ,ᛒᚨᛊᚲᚾᚷᛖᚦ,8,synth,train
syn_000209_laukáRl_ᛚᚨᚢᚲᚨᛉᛚ.png,,209,laukáRl,ᛚᚨᚢᚲᚨᛉᛚ,7,synth,train
syn_000209_odpbguþhŋ_ᛟᛞᛈᛒᚷᚢᚦᚺᛜ.png,,209,odpbguþhŋ,ᛟᛞᛈᛒᚷᚢᚦᚺᛜ,9,synth,train
syn_000210_gguehiego_ᚷᚷᚢᛖᚺᛁᛖᚷᛟ.png,,210,gguehiego,ᚷᚷᚢᛖᚺᛁᛖᚷᛟ,9,synth,train
syn_000210_nhhs_ᚾᚺᚺᛊ.png,,210,nhhs,ᚾᚺᚺᛊ,4,synth,train
syn_000210_oseuuŋsþad_ᛟᛊᛖᚢᚢᛜᛊᚦᚨᛞ.png,,210,oseuuŋsþad,ᛟᛊᛖᚢᚢᛜᛊᚦᚨᛞ,10,synth,test
syn_000211_ekehp_ᛖᚲᛖᚺᛈ.png,,211,ekehp,ᛖᚲᛖᚺᛈ,5,synth,train
syn_000211_ojj_ᛟᛃᛃ.png,,211,ojj,ᛟᛃᛃ,3,synth,train
syn_000211_þudnkpRþ_ᚦᚢᛞᚾᚲᛈᛉᚦ.png,,211,þudnkpRþ,ᚦᚢᛞᚾᚲᛈᛉᚦ,8,synth,train
syn_000212_df_ᛞᚠ.png,,212,df,ᛞᚠ,2,synth,test
syn_000212_gr_ᚷᚱ.png,,212,gr,ᚷᚱ,2,synth,train
syn_000212_mlþihsl_ᛗᛚᚦᛁᚺᛊᛚ.png,,212,mlþihsl,ᛗᛚᚦᛁᚺᛊᛚ,7,synth,train
syn_000213_aswslkt_ᚨᛊᚹᛊᛚᚲᛏ.png,,213,aswslkt,ᚨᛊᚹᛊᛚᚲᛏ,7,synth,train
syn_000213_fuþark_ᚠᚢᚦᚨᚱᚲ.png,,213,fuþark,ᚠᚢᚦᚨᚱᚲ,6,synth,train
syn_000213_jg_ᛃᚷ.png,,213,jg,ᛃᚷ,2,synth,train
syn_000214_Raïgïehr_ᛉᚨᛇᚷᛇᛖᚺᚱ.png,,214,Raïgïehr,ᛉᚨᛇᚷᛇᛖᚺᚱ,8,synth,train
syn_000214_alu_ᚨᛚᚢ.png,,214,alu,ᚨᛚᚢ,3,synth,test
syn_000214_iow_ᛁᛟᚹ.png,,214,iow,ᛁᛟᚹ,3,synth,val
syn_000215_alum_ᚨᛚᚢᛗ.png,,215,alum,ᚨᛚᚢᛗ,4,synth,train
syn_000215_koulmtmrul_ᚲᛟᚢᛚᛗᛏᛗᚱᚢᛚ.png,,215,koulmtmrul,ᚲᛟᚢᛚᛗᛏᛗᚱᚢᛚ,10,synth,train
syn_000215_uïwtwwfŋ_ᚢᛇᚹᛏᚹᚹᚠᛜ.png,,215,uïwtwwfŋ,ᚢᛇᚹᛏᚹᚹᚠᛜ,8,synth,train
syn_000216_dsnjfR_ᛞᛊᚾᛃᚠᛉ.png,,216,dsnjfR,ᛞᛊᚾᛃᚠᛉ,6,synth,train
syn_000216_fuþarks_ᚠᚢᚦᚨᚱᚲᛊ.png,,216,fuþarks,ᚠᚢᚦᚨᚱᚲᛊ,7,synth,train
syn_000216_ugujsRþwg_ᚢᚷᚢᛃᛊᛉᚦᚹᚷ.png,,216,ugujsRþwg,ᚢᚷᚢᛃᛊᛉᚦᚹᚷ,9,synth,train
syn_000217_dmggik_ᛞᛗᚷᚷᛁᚲ.png,,217,dmggik,ᛞᛗᚷᚷᛁᚲ,6,synth,train
syn_000217_ki_ᚲᛁ.png,,217,ki,ᚲᛁ,2,synth,train
syn_000217_laukáRnj_ᛚᚨᚢᚲᚨᛉᚾᛃ.png,,217,laukáRnj,ᛚᚨᚢᚲᚨᛉᚾᛃ,8,synth,train
syn_000218_dgrmïnhlew_ᛞᚷᚱᛗᛇᚾᚺᛚᛖᚹ.png,,218,dgrmïnhlew,ᛞᚷᚱᛗᛇᚾᚺᛚᛖᚹ,10,synth,train
syn_000218_eïþ_ᛖᛇᚦ.png,,218,eïþ,ᛖᛇᚦ,3,synth,train
syn_000218_ïŋroaþŋl_ᛇᛜᚱᛟᚨᚦᛜᛚ.png,,218,ïŋroaþŋl,ᛇᛜᚱᛟᚨᚦᛜᛚ,8,synth,train
syn_000219_gpŋb_ᚷᛈᛜᛒ.png,,219,gpŋb,ᚷᛈᛜᛒ,4,synth,train
syn_000219_plopopfkRþ_ᛈᛚᛟᛈᛟᛈᚠᚲᛉᚦ.png,,219,plopopfkRþ,ᛈᛚᛟᛈᛟᛈᚠᚲᛉᚦ,10,synth,train
syn_000219_ŋpgŋR_ᛜᛈᚷᛜᛉ.png,,219,ŋpgŋR,ᛜᛈᚷᛜᛉ,5,synth,train
syn_000220_dhR_ᛞᚺᛉ.png,,220,dhR,ᛞᚺᛉ,3,synth,train
syn_000220_fuþark_ᚠᚢᚦᚨᚱᚲ.png,,220,fuþark,ᚠᚢᚦᚨᚱᚲ,6,synth,train
syn_000220_ŋunauhrf_ᛜᚢᚾᚨᚢᚺᚱᚠ.png,,220,ŋunauhrf,ᛜᚢᚾᚨᚢᚺᚱᚠ,8,synth,train
syn_000221_bïdrguþ_ᛒᛇᛞᚱᚷᚢᚦ.png,,221,bïdrguþ,ᛒᛇᛞᚱᚷᚢᚦ,7,synth,train
syn_000221_fuþark_ᚠᚢᚦᚨᚱᚲ.png,,221,fuþark,ᚠᚢᚦᚨᚱᚲ,6,synth,train
syn_000221_wïŋsbmfjþe_ᚹᛇᛜᛊᛒᛗᚠᛃᚦᛖ.png,,221,wïŋsbmfjþe,ᚹᛇᛜᛊᛒᛗᚠᛃᚦᛖ,10,synth,train
syn_000222_gomkoe_ᚷᛟᛗᚲᛟᛖ.png,,222,gomkoe,ᚷᛟᛗᚲᛟᛖ,6,synth,train
syn_000222_kmujiil_ᚲᛗᚢᛃᛁᛁᛚ.png,,222,kmujiil,ᚲᛗᚢᛃᛁᛁᛚ,7,synth,train
syn_000222_wdpkþ_ᚹᛞᛈᚲᚦ.png,,222,wdpkþ,ᚹᛞᛈᚲᚦ,5,synth,val
syn_000223_bhbpbhþap_ᛒᚺᛒᛈᛒᚺᚦᚨᛈ.png,,223,bhbpbhþap,ᛒᚺᛒᛈᛒᚺᚦᚨᛈ,9,synth,train
syn_000223_gdjrtþw_ᚷᛞᛃᚱᛏᚦᚹ.png,,223,gdjrtþw,ᚷᛞᛃᚱᛏᚦᚹ,7,synth,train
syn_000223_laukáR_ᛚᚨᚢᚲᚨᛉ.png,,223,laukáR,ᛚᚨᚢᚲᚨᛉ,6,synth,train
syn_000224_aluhmþ_ᚨᛚᚢᚺᛗᚦ.png,,224,aluhmþ,ᚨᛚᚢᚺᛗᚦ,6,synth,train
syn_000224_ekf_ᛖᚲᚠ.png,,224,ekf,ᛖᚲᚠ,3,synth,val
syn_000224_þbgŋmpmh_ᚦᛒᚷᛜᛗᛈᛗᚺ.png,,224,þbgŋmpmh,ᚦᛒᚷᛜᛗᛈᛗᚺ,8,synth,train
syn_000225_dimeitmŋn_ᛞᛁᛗᛖᛁᛏᛗᛜᚾ.png,,225,dimeitmŋn,ᛞᛁᛗᛖᛁᛏᛗᛜᚾ,9,synth,train
syn_000225_fïrelruir_ᚠᛇᚱᛖᛚᚱᚢᛁᚱ.png,,225,fïrelruir,ᚠᛇᚱᛖᛚᚱᚢᛁᚱ,9,synth,train
syn_000225_hŋbRnehuphrlþm_ᚺᛜᛒᛉᚾᛖᚺᚢᛈᚺᚱᛚᚦᛗ.png,,225,hŋbRnehuphrlþm,ᚺᛜᛒᛉᚾᛖᚺᚢᛈᚺᚱᛚᚦᛗ,14,synth,train
syn_000225_jifnl_ᛃᛁᚠᚾᛚ.png,,225,jifnl,ᛃᛁᚠᚾᛚ,5,synth,train
syn_000225_nibm_ᚾᛁᛒᛗ.png,,225,nibm,ᚾᛁᛒᛗ,4,synth,train
syn_000226_ae_ᚨᛖ.png,,226,ae,ᚨᛖ,2,synth,train
syn_000226_eko_ᛖᚲᛟ.png,,226,eko,ᛖᚲᛟ,3,synth,train
syn_000226_fuþarkamo_ᚠᚢᚦᚨᚱᚲᚨᛗᛟ.png,,226,fuþarkamo,ᚠᚢᚦᚨᚱᚲᚨᛗᛟ,9,synth,train
syn_000226_hŋhpojg_ᚺᛜᚺᛈᛟᛃᚷ.png,,226,hŋhpojg,ᚺᛜᚺᛈᛟᛃᚷ,7,synth,train
syn_000226_ingwaRwg_ᛁᚾᚷᚹᚨᛉᚹᚷ.png,,226,ingwaRwg,ᛁᚾᚷᚹᚨᛉᚹᚷ,8,synth,train
syn_000227_easahg_ᛖᚨᛊᚨᚺᚷ.png,,227,easahg,ᛖᚨᛊᚨᚺᚷ,6,synth,train
syn_000227_laukáR_ᛚᚨᚢᚲᚨᛉ.png,,227,laukáR,ᛚᚨᚢᚲᚨᛉ,6,synth,train
syn_000227_ofuajm_ᛟᚠᚢᚨᛃᛗ.png,,227,ofuajm,ᛟᚠᚢᚨᛃᛗ,6,synth,train
syn_000227_okgh_ᛟᚲᚷᚺ.png,,227,okgh,ᛟᚲᚷᚺ,4,synth,train
syn_000227_sbfph_ᛊᛒᚠᛈᚺ.png,,227,sbfph,ᛊᛒᚠᛈᚺ,5,synth,train
syn_000228_aluRj_ᚨᛚᚢᛉᛃ.png,,228,aluRj,ᚨᛚᚢᛉᛃ,5,synth,train
syn_000228_ek_ᛖᚲ.png,,228,ek,ᛖᚲ,2,synth,train
syn_000228_fuþark_ᚠᚢᚦᚨᚱᚲ.png,,228,fuþark,ᚠᚢᚦᚨᚱᚲ,6,synth,train
syn_000228_fuþarkdoe_ᚠᚢᚦᚨᚱᚲᛞᛟᛖ.png,,228,fuþarkdoe,ᚠᚢᚦᚨᚱᚲᛞᛟᛖ,9,synth,train
syn_000228_ïeaïrut_ᛇᛖᚨᛇᚱᚢᛏ.png,,228,ïeaïrut,ᛇᛖᚨᛇᚱᚢᛏ,7,synth,train
syn_000229_iilhd_ᛁᛁᛚᚺᛞ.png,,229,iilhd,ᛁᛁᛚᚺᛞ,5,synth,train
syn_000229_laukáR_ᛚᚨᚢᚲᚨᛉ.png,,229,laukáR,ᛚᚨᚢᚲᚨᛉ,6,synth,train
syn_000229_uwpuþheoin_ᚢᚹᛈᚢᚦᚺᛖᛟᛁᚾ.png,,229,uwpuþheoin,ᚢᚹᛈᚢᚦᚺᛖᛟᛁᚾ,10,synth,val
syn_000229_ŋntŋnsntþe_ᛜᚾᛏᛜᚾᛊᚾᛏᚦᛖ.png,,229,ŋntŋnsntþe,ᛜᚾᛏᛜᚾᛊᚾᛏᚦᛖ,10,synth,train
syn_000230_alu_ᚨᛚᚢ.png,,230,alu,ᚨᛚᚢ,3,synth,test
syn_000230_dalntujg_ᛞᚨᛚᚾᛏᚢᛃᚷ.png,,230,dalntujg,ᛞᚨᛚᚾᛏᚢᛃᚷ,8,synth,train
syn_000230_dŋï_ᛞᛜᛇ.png,,230,dŋï,ᛞᛜᛇ,3,synth,train
syn_000230_laukáRþ_ᛚᚨᚢᚲᚨᛉᚦ.png,,230,laukáRþ,ᛚᚨᚢᚲᚨᛉᚦ,7,synth,train
syn_000231_aoaŋpofen_ᚨᛟᚨᛜᛈᛟᚠᛖᚾ.png,,231,aoaŋpofen,ᚨᛟᚨᛜᛈᛟᚠᛖᚾ,9,synth,train
syn_000231_bdnþhjpïjïlïttjs_ᛒᛞᚾᚦᚺᛃᛈᛇᛃᛇᛚᛇᛏᛏᛃᛊ.png,,231,bdnþhjpïjïlïttjs,ᛒᛞᚾᚦᚺᛃᛈᛇᛃᛇᛚᛇᛏᛏᛃᛊ,16,synth,val
syn_000231_mbþr_ᛗᛒᚦᚱ.png,,231,mbþr,ᛗᛒᚦᚱ,4,synth,train
syn_000231_wb_ᚹᛒ.png,,231,wb,ᚹᛒ,2,synth,train
syn_000232_gïifohtbu_ᚷᛇᛁᚠᛟᚺᛏᛒᚢ.png,,232,gïifohtbu,ᚷᛇᛁᚠᛟᚺᛏᛒᚢ,9,synth,train
syn_000232_gnfuafs_ᚷᚾᚠᚢᚨᚠᛊ.png,,232,gnfuafs,ᚷᚾᚠᚢᚨᚠᛊ,7,synth,train
syn_000232_uïmm_ᚢᛇᛗᛗ.png,,232,uïmm,ᚢᛇᛗᛗ,4,synth,val
syn_000232_ŋjhhwwwrs_ᛜᛃᚺᚺᚹᚹᚹᚱᛊ.png,,232,ŋjhhwwwrs,ᛜᛃᚺᚺᚹᚹᚹᚱᛊ,9,synth,train
syn_000233_gudrkanuw_ᚷᚢᛞᚱᚲᚨᚾᚢᚹ.png,,233,gudrkanuw,ᚷᚢᛞᚱᚲᚨᚾᚢᚹ,9,synth,val
syn_000233_hnkRiþpiR_ᚺᚾᚲᛉᛁᚦᛈᛁᛉ.png,,233,hnkRiþpiR,ᚺᚾᚲᛉᛁᚦᛈᛁᛉ,9,synth,train
syn_000233_ingwaR_ᛁᚾᚷᚹᚨᛉ.png,,233,ingwaR,ᛁᚾᚷᚹᚨᛉ,6,synth,train
syn_000233_iwad_ᛁᚹᚨᛞ.png,,233,iwad,ᛁᚹᚨᛞ,4,synth,train
syn_000234_laukáR_ᛚᚨᚢᚲᚨᛉ.png,,234,laukáR,ᛚᚨᚢᚲᚨᛉ,6,synth,train
syn_000234_oïŋrR_ᛟᛇᛜᚱᛉ.png,,234,oïŋrR,ᛟᛇᛜᚱᛉ,5,synth,train
syn_000234_omfalrdewrer_ᛟᛗᚠᚨᛚᚱᛞᛖᚹᚱᛖᚱ.png,,234,omfalrdewrer,ᛟᛗᚠᚨᛚᚱᛞᛖᚹᚱᛖᚱ,12,synth,test
syn_000234_tpnïoRbd_ᛏᛈᚾᛇᛟᛉᛒᛞ.png,,234,tpnïoRbd,ᛏᛈᚾᛇᛟᛉᛒᛞ,8,synth,train
syn_000235_esiþwlngl_ᛖᛊᛁᚦᚹᛚᚾᚷᛚ.png,,235,esiþwlngl,ᛖᛊᛁᚦᚹᛚᚾᚷᛚ,9,synth,train
syn_000235_fi_ᚠᛁ.png,,235,fi,ᚠᛁ,2,synth,train
syn_000235_ïþhlpw_ᛇᚦᚺᛚᛈᚹ.png,,235,ïþhlpw,ᛇᚦᚺᛚᛈᚹ,6,synth,train
syn_000235_srpfhfaw_ᛊᚱᛈᚠᚺᚠᚨᚹ.png,,235,srpfhfaw,ᛊᚱᛈᚠᚺᚠᚨᚹ,8,synth,train
syn_000236_mïwRp_ᛗᛇᚹᛉᛈ.png,,236,mïwRp,ᛗᛇᚹᛉᛈ,5,synth,train
syn_000236_otu_ᛟᛏᚢ.png,,236,otu,ᛟᛏᚢ,3,synth,test
syn_000236_rïebuþ_ᚱᛇᛖᛒᚢᚦ.png,,236,rïebuþ,ᚱᛇᛖᛒᚢᚦ,6,synth,train
syn_000236_ttuomtmmfl_ᛏᛏᚢᛟᛗᛏᛗᛗᚠᛚ.png,,236,ttuomtmmfl,ᛏᛏᚢᛟᛗᛏᛗᛗᚠᛚ,10,synth,train
syn_000237_ag_ᚨᚷ.png,,237,ag,ᚨᚷ,2,synth,train
syn_000237_ingwaR_ᛁᚾᚷᚹᚨᛉ.png,,237,ingwaR,ᛁᚾᚷᚹᚨᛉ,6,synth,train
syn_000237_tiwaRud_ᛏᛁᚹᚨᛉᚢᛞ.png,,237,tiwaRud,ᛏᛁᚹᚨᛉᚢᛞ,7,synth,train
syn_000237_uR_ᚢᛉ.png,,237,uR,ᚢᛉ,2,synth,train
syn_000238_egjsi_ᛖᚷᛃᛊᛁ.png,,238,egjsi,ᛖᚷᛃᛊᛁ,5,synth,train
syn_000238_ingwaR_ᛁᚾᚷᚹᚨᛉ.png,,238,ingwaR,ᛁᚾᚷᚹᚨᛉ,6,synth,train
syn_000238_sïRþrïoshi_ᛊᛇᛉᚦᚱᛇᛟᛊᚺᛁ.png,,238,sïRþrïoshi,ᛊᛇᛉᚦᚱᛇᛟᛊᚺᛁ,10,synth,train
syn_000238_tiwaR_ᛏᛁᚹᚨᛉ.png,,238,tiwaR,ᛏᛁᚹᚨᛉ,5,synth,test
syn_000239_alu_ᚨᛚᚢ.png,,239,alu,ᚨᛚᚢ,3,synth,test
syn_000239_lmï_ᛚᛗᛇ.png,,239,lmï,ᛚᛗᛇ,3,synth,train
syn_000239_pe_ᛈᛖ.png,,239,pe,ᛈᛖ,2,synth,train
syn_000239_shahŋþaþ_ᛊᚺᚨᚺᛜᚦᚨᚦ.png,,239,shahŋþaþ,ᛊᚺᚨᚺᛜᚦᚨᚦ,8,synth,train
syn_000240_hoiþjaRu_ᚺᛟᛁᚦᛃᚨᛉᚢ.png,,240,hoiþjaRu,ᚺᛟᛁᚦᛃᚨᛉᚢ,8,synth,train
syn_000240_ifm_ᛁᚠᛗ.png,,240,ifm,ᛁᚠᛗ,3,synth,train
syn_000240_ingwaRbRt_ᛁᚾᚷᚹᚨᛉᛒᛉᛏ.png,,240,ingwaRbRt,ᛁᚾᚷᚹᚨᛉᛒᛉᛏ,9,synth,train
syn_000241_glmgRïj_ᚷᛚᛗᚷᛉᛇᛃ.png,,241,glmgRïj,ᚷᛚᛗᚷᛉᛇᛃ,7,synth,train
syn_000241_mmrfhgRm_ᛗᛗᚱᚠᚺᚷᛉᛗ.png,,241,mmrfhgRm,ᛗᛗᚱᚠᚺᚷᛉᛗ,8,synth,train
syn_000241_smfiujfwepþkopr_ᛊᛗᚠᛁᚢᛃᚠᚹᛖᛈᚦᚲᛟᛈᚱ.png,,241,smfiujfwepþkopr,ᛊᛗᚠᛁᚢᛃᚠᚹᛖᛈᚦᚲᛟᛈᚱ,15,synth,train
syn_000242_aknui_ᚨᚲᚾᚢᛁ.png,,242,aknui,ᚨᚲᚾᚢᛁ,5,synth,train
syn_000242_gnswmfïwh_ᚷᚾᛊᚹᛗᚠᛇᚹᚺ.png,,242,gnswmfïwh,ᚷᚾᛊᚹᛗᚠᛇᚹᚺ,9,synth,train
syn_000242_keeþ_ᚲᛖᛖᚦ.png,,242,keeþ,ᚲᛖᛖᚦ,4,synth,train
syn_000243_ïtuRRellfoege_ᛇᛏᚢᛉᛉᛖᛚᛚᚠᛟᛖᚷᛖ.png,,243,ïtuRRellfoege,ᛇᛏᚢᛉᛉᛖᛚᛚᚠᛟᛖᚷᛖ,13,synth,train
syn_000243_llþpagfa_ᛚᛚᚦᛈᚨᚷᚠᚨ.png,,243,llþpagfa,ᛚᛚᚦᛈᚨᚷᚠᚨ,8,synth,train
syn_000243_rge_ᚱᚷᛖ.png,,243,rge,ᚱᚷᛖ,3,synth,test
syn_000244_fuþarkbŋw_ᚠᚢᚦᚨᚱᚲᛒᛜᚹ.png,,244,fuþarkbŋw,ᚠᚢᚦᚨᚱᚲᛒᛜᚹ,9,synth,train
syn_000244_hŋþR_ᚺᛜᚦᛉ.png,,244,hŋþR,ᚺᛜᚦᛉ,4,synth,train
syn_000244_jawidw_ᛃᚨᚹᛁᛞᚹ.png,,244,jawidw,ᛃᚨᚹᛁᛞᚹ,6,synth,train
syn_000245_bggpwuïmReorþtŋn_ᛒᚷᚷᛈᚹᚢᛇᛗᛉᛖᛟᚱᚦᛏᛜᚾ.png,,245,bggpwuïmReorþtŋn,ᛒᚷᚷᛈᚹᚢᛇᛗᛉᛖᛟᚱᚦᛏᛜᚾ,16,synth,train
syn_000245_hm_ᚺᛗ.png,,245,hm,ᚺᛗ,2,synth,test
syn_000245_hmlosloï_ᚺᛗᛚᛟᛊᛚᛟᛇ.png,,245,hmlosloï,ᚺᛗᛚᛟᛊᛚᛟᛇ,8,synth,train
syn_000246_hrdŋk_ᚺᚱᛞᛜᚲ.png,,246,hrdŋk,ᚺᚱᛞᛜᚲ,5,synth,train
syn_000246_wRRumRŋoïþRamow_ᚹᛉᛉᚢᛗᛉᛜᛟᛇᚦᛉᚨᛗᛟᚹ.png,,246,wRRumRŋoïþRamow,ᚹᛉᛉᚢᛗᛉᛜᛟᛇᚦᛉᚨᛗᛟᚹ,15,synth,train
syn_000246_ŋmbïrwk_ᛜᛗᛒᛇᚱᚹᚲ.png,,246,ŋmbïrwk,ᛜᛗᛒᛇᚱᚹᚲ,7,synth,train
syn_000247_alu_ᚨᛚᚢ.png,,247,alu,ᚨᛚᚢ,3,synth,test
syn_000247_nï_ᚾᛇ.png,,247,nï,ᚾᛇ,2,synth,train
syn_000247_unfr_ᚢᚾᚠᚱ.png,,247,unfr,ᚢᚾᚠᚱ,4,synth,train
syn_000248_akiþŋee_ᚨᚲᛁᚦᛜᛖᛖ.png,,248,akiþŋee,ᚨᚲᛁᚦᛜᛖᛖ,7,synth,train
syn_000248_eblsRokdkmdek_ᛖᛒᛚᛊᛉᛟᚲᛞᚲᛗᛞᛖᚲ.png,,248,eblsRokdkmdek,ᛖᛒᛚᛊᛉᛟᚲᛞᚲᛗᛞᛖᚲ,13,synth,train
syn_000248_hefpodpn_ᚺᛖᚠᛈᛟᛞᛈᚾ.png,,248,hefpodpn,ᚺᛖᚠᛈᛟᛞᛈᚾ,8,synth,train
syn_000249_eelsreRngfgþRta_ᛖᛖᛚᛊᚱᛖᛉᚾᚷᚠᚷᚦᛉᛏᚨ.png,,249,eelsreRngfgþRta,ᛖᛖᛚᛊᚱᛖᛉᚾᚷᚠᚷᚦᛉᛏᚨ,15,synth,test
syn_000249_iknlmfŋ_ᛁᚲᚾᛚᛗᚠᛜ.png,,249,iknlmfŋ,ᛁᚲᚾᛚᛗᚠᛜ,7,synth,train
syn_000249_pþhoïdugR_ᛈᚦᚺᛟᛇᛞᚢᚷᛉ.png,,249,pþhoïdugR,ᛈᚦᚺᛟᛇᛞᚢᚷᛉ,9,synth,train
syn_000250_igïggob_ᛁᚷᛇᚷᚷᛟᛒ.png,,250,igïggob,ᛁᚷᛇᚷᚷᛟᛒ,7,synth,train
syn_000250_smggrw_ᛊᛗᚷᚷᚱᚹ.png,,250,smggrw,ᛊᛗᚷᚷᚱᚹ,6,synth,train
syn_000250_uujŋopraRþpmRR_ᚢᚢᛃᛜᛟᛈᚱᚨᛉᚦᛈᛗᛉᛉ.png,,250,uujŋopraRþpmRR,ᚢᚢᛃᛜᛟᛈᚱᚨᛉᚦᛈᛗᛉᛉ,14,synth,train
syn_000250_ŋpstïuŋwr_ᛜᛈᛊᛏᛇᚢᛜᚹᚱ.png,,250,ŋpstïuŋwr,ᛜᛈᛊᛏᛇᚢᛜᚹᚱ,9,synth,val
syn_000251_fuþark_ᚠᚢᚦᚨᚱᚲ.png,,251,fuþark,ᚠᚢᚦᚨᚱᚲ,6,synth,train
syn_000251_sjrnRnkwolgip_ᛊᛃᚱᚾᛉᚾᚲᚹᛟᛚᚷᛁᛈ.png,,251,sjrnRnkwolgip,ᛊᛃᚱᚾᛉᚾᚲᚹᛟᛚᚷᛁᛈ,13,synth,train
syn_000251_tiwaR_ᛏᛁᚹᚨᛉ.png,,251,tiwaR,ᛏᛁᚹᚨᛉ,5,synth,test
syn_000251_tþeoa_ᛏᚦᛖᛟᚨ.png,,251,tþeoa,ᛏᚦᛖᛟᚨ,5,synth,train
syn_000252_bïsRbm_ᛒᛇᛊᛉᛒᛗ.png,,252,bïsRbm,ᛒᛇᛊᛉᛒᛗ,6,synth,train
syn_000252_bþnjRtmŋþstŋp_ᛒᚦᚾᛃᛉᛏᛗᛜᚦᛊᛏᛜᛈ.png,,252,bþnjRtmŋþstŋp,ᛒᚦᚾᛃᛉᛏᛗᛜᚦᛊᛏᛜᛈ,13,synth,train
syn_000252_fpu_ᚠᛈᚢ.png,,252,fpu,ᚠᛈᚢ,3,synth,train
syn_000252_iïotgwïR_ᛁᛇᛟᛏᚷᚹᛇᛉ.png,,252,iïotgwïR,ᛁᛇᛟᛏᚷᚹᛇᛉ,8,synth,train
syn_000253_banRfRe_ᛒᚨᚾᛉᚠᛉᛖ.png,,253,banRfRe,ᛒᚨᚾᛉᚠᛉᛖ,7,synth,test
syn_000253_giritg_ᚷᛁᚱᛁᛏᚷ.png,,253,giritg,ᚷᛁᚱᛁᛏᚷ,6,synth,train
syn_000253_stfdldRk_ᛊᛏᚠᛞᛚᛞᛉᚲ.png,,253,stfdldRk,ᛊᛏᚠᛞᛚᛞᛉᚲ,8,synth,train
syn_000253_tiwaRtoj_ᛏᛁᚹᚨᛉᛏᛟᛃ.png,,253,tiwaRtoj,ᛏᛁᚹᚨᛉᛏᛟᛃ,8,synth,train
syn_000254_dwbrŋfssdrþhŋhbb_ᛞᚹᛒᚱᛜᚠᛊᛊᛞᚱᚦᚺᛜᚺᛒᛒ.png,,254,dwbrŋfssdrþhŋhbb,ᛞᚹᛒᚱᛜᚠᛊᛊᛞᚱᚦᚺᛜᚺᛒᛒ,16,synth,train
syn_000254_iroimdftl_ᛁᚱᛟᛁᛗᛞᚠᛏᛚ.png,,254,iroimdftl,ᛁᚱᛟᛁᛗᛞᚠᛏᛚ,9,synth,train
syn_000254_nlorsihl_ᚾᛚᛟᚱᛊᛁᚺᛚ.png,,254,nlorsihl,ᚾᛚᛟᚱᛊᛁᚺᛚ,8,synth,train
syn_000254_ŋgknbem_ᛜᚷᚲᚾᛒᛖᛗ.png,,254,ŋgknbem,ᛜᚷᚲᚾᛒᛖᛗ,7,synth,train
syn_000255_degsdtbuudlm_ᛞᛖᚷᛊᛞᛏᛒᚢᚢᛞᛚᛗ.png,,255,degsdtbuudlm,ᛞᛖᚷᛊᛞᛏᛒᚢᚢᛞᛚᛗ,12,synth,train
syn_000255_ingwaR_ᛁᚾᚷᚹᚨᛉ.png,,255,ingwaR,ᛁᚾᚷᚹᚨᛉ,6,synth,train
syn_000255_laukáR_ᛚᚨᚢᚲᚨᛉ.png,,255,laukáR,ᛚᚨᚢᚲᚨᛉ,6,synth,train
syn_000255_nRmlngu_ᚾᛉᛗᛚᚾᚷᚢ.png,,255,nRmlngu,ᚾᛉᛗᛚᚾᚷᚢ,7,synth,train
syn_000256_bdobþŋopf_ᛒᛞᛟᛒᚦᛜᛟᛈᚠ.png,,256,bdobþŋopf,ᛒᛞᛟᛒᚦᛜᛟᛈᚠ,9,synth,train
syn_000256_ingwaR_ᛁᚾᚷᚹᚨᛉ.png,,256,ingwaR,ᛁᚾᚷᚹᚨᛉ,6,synth,train
syn_000256_laukáRl_ᛚᚨᚢᚲᚨᛉᛚ.png,,256,laukáRl,ᛚᚨᚢᚲᚨᛉᛚ,7,synth,train
syn_000256_tpooiiRbbswbp_ᛏᛈᛟᛟᛁᛁᛉᛒᛒᛊᚹᛒᛈ.png,,256,tpooiiRbbswbp,ᛏᛈᛟᛟᛁᛁᛉᛒᛒᛊᚹᛒᛈ,13,synth,train
syn_000257_dibkdgjsgb_ᛞᛁᛒᚲᛞᚷᛃᛊᚷᛒ.png,,257,dibkdgjsgb,ᛞᛁᛒᚲᛞᚷᛃᛊᚷᛒ,10,synth,train
syn_000257_ekd_ᛖᚲᛞ.png,,257,ekd,ᛖᚲᛞ,3,synth,train
syn_000257_laukáR_ᛚᚨᚢᚲᚨᛉ.png,,257,laukáR,ᛚᚨᚢᚲᚨᛉ,6,synth,train
syn_000257_msddnþ_ᛗᛊᛞᛞᚾᚦ.png,,257,msddnþ,ᛗᛊᛞᛞᚾᚦ,6,synth,val
syn_000258_Rkewbŋtbgpejgwt_ᛉᚲᛖᚹᛒᛜᛏᛒᚷᛈᛖᛃᚷᚹᛏ.png,,258,Rkewbŋtbgpejgwt,ᛉᚲᛖᚹᛒᛜᛏᛒᚷᛈᛖᛃᚷᚹᛏ,15,synth,train
syn_000258_ek_ᛖᚲ.png,,258,ek,ᛖᚲ,2,synth,train
syn_000258_gŋfhRt_ᚷᛜᚠᚺᛉᛏ.png,,258,gŋfhRt,ᚷᛜᚠᚺᛉᛏ,6,synth,val
syn_000258_uobisierr_ᚢᛟᛒᛁᛊᛁᛖᚱᚱ.png,,258,uobisierr,ᚢᛟᛒᛁᛊᛁᛖᚱᚱ,9,synth,train
syn_000259_hwj_ᚺᚹᛃ.png,,259,hwj,ᚺᚹᛃ,3,synth,train
syn_000259_thpbhbek_ᛏᚺᛈᛒᚺᛒᛖᚲ.png,,259,thpbhbek,ᛏᚺᛈᛒᚺᛒᛖᚲ,8,synth,train
syn_000259_wfdtrh_ᚹᚠᛞᛏᚱᚺ.png,,259,wfdtrh,ᚹᚠᛞᛏᚱᚺ,6,synth,train
syn_000259_ŋïuþsgeow_ᛜᛇᚢᚦᛊᚷᛖᛟᚹ.png,,259,ŋïuþsgeow,ᛜᛇᚢᚦᛊᚷᛖᛟᚹ,9,synth,train
syn_000260_fk_ᚠᚲ.png,,260,fk,ᚠᚲ,2,synth,train
syn_000260_jitdbapdi_ᛃᛁᛏᛞᛒᚨᛈᛞᛁ.png,,260,jitdbapdi,ᛃᛁᛏᛞᛒᚨᛈᛞᛁ,9,synth,train
syn_000260_sufkwekŋurbw_ᛊᚢᚠᚲᚹᛖᚲᛜᚢᚱᛒᚹ.png,,260,sufkwekŋurbw,ᛊᚢᚠᚲᚹᛖᚲᛜᚢᚱᛒᚹ,12,synth,train
syn_000260_tþþ_ᛏᚦᚦ.png,,260,tþþ,ᛏᚦᚦ,3,synth,train
syn_000261_aR_ᚨᛉ.png,,261,aR,ᚨᛉ,2,synth,train
syn_000261_alu_ᚨᛚᚢ.png,,261,alu,ᚨᛚᚢ,3,synth,test
syn_000261_aluna_ᚨᛚᚢᚾᚨ.png,,261,aluna,ᚨᛚᚢᚾᚨ,5,synth,train
syn_000262_emŋnkjukŋlirdh_ᛖᛗᛜᚾᚲᛃᚢᚲᛜᛚᛁᚱᛞᚺ.png,,262,emŋnkjukŋlirdh,ᛖᛗᛜᚾᚲᛃᚢᚲᛜᛚᛁᚱᛞᚺ,14,synth,train
syn_000262_eþng_ᛖᚦᚾᚷ.png,,262,eþng,ᛖᚦᚾᚷ,4,synth,train
syn_000262_fuþark_ᚠᚢᚦᚨᚱᚲ.png,,262,fuþark,ᚠᚢᚦᚨᚱᚲ,6,synth,train
syn_000262_rgoïipnhm_ᚱᚷᛟᛇᛁᛈᚾᚺᛗ.png,,262,rgoïipnhm,ᚱᚷᛟᛇᛁᛈᚾᚺᛗ,9,synth,train
syn_000263_ktrŋeŋgk_ᚲᛏᚱᛜᛖᛜᚷᚲ.png,,263,ktrŋeŋgk,ᚲᛏᚱᛜᛖᛜᚷᚲ,8,synth,train
syn_000263_nbgfl_ᚾᛒᚷᚠᛚ.png,,263,nbgfl,ᚾᛒᚷᚠᛚ,5,synth,train
syn_000263_rsReswl_ᚱᛊᛉᛖᛊᚹᛚ.png,,263,rsReswl,ᚱᛊᛉᛖᛊᚹᛚ,7,synth,train
syn_000263_sewu_ᛊᛖᚹᚢ.png,,263,sewu,ᛊᛖᚹᚢ,4,synth,val
syn_000264_Rthj_ᛉᛏᚺᛃ.png,,264,Rthj,ᛉᛏᚺᛃ,4,synth,train
syn_000264_hlokwŋŋeŋRmfþg_ᚺᛚᛟᚲᚹᛜᛜᛖᛜᛉᛗᚠᚦᚷ.png,,264,hlokwŋŋeŋRmfþg,ᚺᛚᛟᚲᚹᛜᛜᛖᛜᛉᛗᚠᚦᚷ,14,synth,train
syn_000264_ihda_ᛁᚺᛞᚨ.png,,264,ihda,ᛁᚺᛞᚨ,4,synth,train
syn_000264_msj_ᛗᛊᛃ.png,,264,msj,ᛗᛊᛃ,3,synth,train
syn_000265_fklnmsg_ᚠᚲᛚᚾᛗᛊᚷ.png,,265,fklnmsg,ᚠᚲᛚᚾᛗᛊᚷ,7,synth,test
syn_000265_hebs_ᚺᛖᛒᛊ.png,,265,hebs,ᚺᛖᛒᛊ,4,synth,train
syn_000265_ljh_ᛚᛃᚺ.png,,265,ljh,ᛚᛃᚺ,3,synth,test
syn_000265_uRþjbrpw_ᚢᛉᚦᛃᛒᚱᛈᚹ.png,,265,uRþjbrpw,ᚢᛉᚦᛃᛒᚱᛈᚹ,8,synth,train
syn_000266_alu_ᚨᛚᚢ.png,,266,alu,ᚨᛚᚢ,3,synth,test
syn_000266_lodesnrhï_ᛚᛟᛞᛖᛊᚾᚱᚺᛇ.png,,266,lodesnrhï,ᛚᛟᛞᛖᛊᚾᚱᚺᛇ,9,synth,train
syn_000266_oiRdr_ᛟᛁᛉᛞᚱ.png,,266,oiRdr,ᛟᛁᛉᛞᚱ,5,synth,train
syn_000266_teŋjge_ᛏᛖᛜᛃᚷᛖ.png,,266,teŋjge,ᛏᛖᛜᛃᚷᛖ,6,synth,train
syn_000267_atbwrŋ_ᚨᛏᛒᚹᚱᛜ.png,,267,atbwrŋ,ᚨᛏᛒᚹᚱᛜ,6,synth,train
syn_000267_fwkbïd_ᚠᚹᚲᛒᛇᛞ.png,,267,fwkbïd,ᚠᚹᚲᛒᛇᛞ,6,synth,train
syn_000267_ltþaimuuittssk_ᛚᛏᚦᚨᛁᛗᚢᚢᛁᛏᛏᛊᛊᚲ.png,,267,ltþaimuuittssk,ᛚᛏᚦᚨᛁᛗᚢᚢᛁᛏᛏᛊᛊᚲ,14,synth,train
syn_000267_sbmpuo_ᛊᛒᛗᛈᚢᛟ.png,,267,sbmpuo,ᛊᛒᛗᛈᚢᛟ,6,synth,test
syn_000268_blpudmdpRRRRka_ᛒᛚᛈᚢᛞᛗᛞᛈᛉᛉᛉᛉᚲᚨ.png,,268,blpudmdpRRRRka,ᛒᛚᛈᚢᛞᛗᛞᛈᛉᛉᛉᛉᚲᚨ,14,synth,train
syn_000268_fuþarkŋik_ᚠᚢᚦᚨᚱᚲᛜᛁᚲ.png,,268,fuþarkŋik,ᚠᚢᚦᚨᚱᚲᛜᛁᚲ,9,synth,test
syn_000268_gudþeuunh_ᚷᚢᛞᚦᛖᚢᚢᚾᚺ.png,,268,gudþeuunh,ᚷᚢᛞᚦᛖᚢᚢᚾᚺ,9,synth,train
syn_000268_kwŋ_ᚲᚹᛜ.png,,268,kwŋ,ᚲᚹᛜ,3,synth,train
syn_000269_fuþark_ᚠᚢᚦᚨᚱᚲ.png,,269,fuþark,ᚠᚢᚦᚨᚱᚲ,6,synth,train
syn_000269_laoŋsw_ᛚᚨᛟᛜᛊᚹ.png,,269,laoŋsw,ᛚᚨᛟᛜᛊᚹ,6,synth,train
syn_000269_lŋmdnro_ᛚᛜᛗᛞᚾᚱᛟ.png,,269,lŋmdnro,ᛚᛜᛗᛞᚾᚱᛟ,7,synth,train
syn_000270_Rjliuŋi_ᛉᛃᛚᛁᚢᛜᛁ.png,,270,Rjliuŋi,ᛉᛃᛚᛁᚢᛜᛁ,7,synth,train
syn_000270_Rsnmskfþþinas_ᛉᛊᚾᛗᛊᚲᚠᚦᚦᛁᚾᚨᛊ.png,,270,Rsnmskfþþinas,ᛉᛊᚾᛗᛊᚲᚠᚦᚦᛁᚾᚨᛊ,13,synth,train
syn_000270_ekn_ᛖᚲᚾ.png,,270,ekn,ᛖᚲᚾ,3,synth,train
syn_000271_alu_ᚨᛚᚢ.png,,271,alu,ᚨᛚᚢ,3,synth,test
syn_000271_ingwaR_ᛁᚾᚷᚹᚨᛉ.png,,271,ingwaR,ᛁᚾᚷᚹᚨᛉ,6,synth,train
syn_000271_rhŋabfiwrf_ᚱᚺᛜᚨᛒᚠᛁᚹᚱᚠ.png,,271,rhŋabfiwrf,ᚱᚺᛜᚨᛒᚠᛁᚹᚱᚠ,10,synth,train
syn_000272_fhosþjïnusll_ᚠᚺᛟᛊᚦᛃᛇᚾᚢᛊᛚᛚ.png,,272,fhosþjïnusll,ᚠᚺᛟᛊᚦᛃᛇᚾᚢᛊᛚᛚ,12,synth,train
syn_000272_fïrelruirjsþþtaþr_ᚠᛇᚱᛖᛚᚱᚢᛁᚱᛃᛊᚦᚦᛏᚨᚦᚱ.png,,272,fïrelruirjsþþtaþr,ᚠᛇᚱᛖᛚᚱᚢᛁᚱᛃᛊᚦᚦᛏᚨᚦᚱ,17,synth,train
syn_000272_nþwdow_ᚾᚦᚹᛞᛟᚹ.png,,272,nþwdow,ᚾᚦᚹᛞᛟᚹ,6,synth,train
syn_000273_ekome_ᛖᚲᛟᛗᛖ.png,,273,ekome,ᛖᚲᛟᛗᛖ,5,synth,val
syn_000273_ngþjokghgŋhusrtgbdo_ᚾᚷᚦᛃᛟᚲᚷᚺᚷᛜᚺᚢᛊᚱᛏᚷᛒᛞᛟ.png,,273,ngþjokghgŋhusrtgbdo,ᚾᚷᚦᛃᛟᚲᚷᚺᚷᛜᚺᚢᛊᚱᛏᚷᛒᛞᛟ,19,synth,train
syn_000273_nr_ᚾᚱ.png,,273,nr,ᚾᚱ,2,synth,train
syn_000274_iRikapr_ᛁᛉᛁᚲᚨᛈᚱ.png,,274,iRikapr,ᛁᛉᛁᚲᚨᛈᚱ,7,synth,train
syn_000274_nuwpuþ_ᚾᚢᚹᛈᚢᚦ.png,,274,nuwpuþ,ᚾᚢᚹᛈᚢᚦ,6,synth,train
syn_000274_pglnoufhamfdf_ᛈᚷᛚᚾᛟᚢᚠᚺᚨᛗᚠᛞᚠ.png,,274,pglnoufhamfdf,ᛈᚷᛚᚾᛟᚢᚠᚺᚨᛗᚠᛞᚠ,13,synth,train
syn_000275_jjkgïg_ᛃᛃᚲᚷᛇᚷ.png,,275,jjkgïg,ᛃᛃᚲᚷᛇᚷ,6,synth,train
syn_000275_nnnauRhgþt_ᚾᚾᚾᚨᚢᛉᚺᚷᚦᛏ.png,,275,nnnauRhgþt,ᚾᚾᚾᚨᚢᛉᚺᚷᚦᛏ,10,synth,train
syn_000275_wŋe_ᚹᛜᛖ.png,,275,wŋe,ᚹᛜᛖ,3,synth,train
syn_000276_bþrdmhkdiuïmmŋno_ᛒᚦᚱᛞᛗᚺᚲᛞᛁᚢᛇᛗᛗᛜᚾᛟ.png,,276,bþrdmhkdiuïmmŋno,ᛒᚦᚱᛞᛗᚺᚲᛞᛁᚢᛇᛗᛗᛜᚾᛟ,16,synth,train
syn_000276_laukáR_ᛚᚨᚢᚲᚨᛉ.png,,276,laukáR,ᛚᚨᚢᚲᚨᛉ,6,synth,train
syn_000276_þbiïglludl_ᚦᛒᛁᛇᚷᛚᛚᚢᛞᛚ.png,,276,þbiïglludl,ᚦᛒᛁᛇᚷᛚᛚᚢᛞᛚ,10,synth,train
syn_000277_RiþpiRþi_ᛉᛁᚦᛈᛁᛉᚦᛁ.png,,277,RiþpiRþi,ᛉᛁᚦᛈᛁᛉᚦᛁ,8,synth,train
syn_000277_dnfrnabtþp_ᛞᚾᚠᚱᚾᚨᛒᛏᚦᛈ.png,,277,dnfrnabtþp,ᛞᚾᚠᚱᚾᚨᛒᛏᚦᛈ,10,synth,train
syn_000277_ïghaiïŋdï_ᛇᚷᚺᚨᛁᛇᛜᛞᛇ.png,,277,ïghaiïŋdï,ᛇᚷᚺᚨᛁᛇᛜᛞᛇ,9,synth,train
syn_000278_fþwŋþnbRj_ᚠᚦᚹᛜᚦᚾᛒᛉᛃ.png,,278,fþwŋþnbRj,ᚠᚦᚹᛜᚦᚾᛒᛉᛃ,9,synth,train
syn_000278_nïoRbdfRþugjï_ᚾᛇᛟᛉᛒᛞᚠᛉᚦᚢᚷᛃᛇ.png,,278,nïoRbdfRþugjï,ᚾᛇᛟᛉᛒᛞᚠᛉᚦᚢᚷᛃᛇ,13,synth,train
syn_000278_tjwfeRwrjd_ᛏᛃᚹᚠᛖᛉᚹᚱᛃᛞ.png,,278,tjwfeRwrjd,ᛏᛃᚹᚠᛖᛉᚹᚱᛃᛞ,10,synth,train
syn_000279_laukáRR_ᛚᚨᚢᚲᚨᛉᛉ.png,,279,laukáRR,ᛚᚨᚢᚲᚨᛉᛉ,7,synth,train
syn_000279_pdlsnmïwRpŋor_ᛈᛞᛚᛊᚾᛗᛇᚹᛉᛈᛜᛟᚱ.png,,279,pdlsnmïwRpŋor,ᛈᛞᛚᛊᚾᛗᛇᚹᛉᛈᛜᛟᚱ,13,synth,test
syn_000279_pltn_ᛈᛚᛏᚾ.png,,279,pltn,ᛈᛚᛏᚾ,4,synth,train
syn_000280_agmoR_ᚨᚷᛗᛟᛉ.png,,280,agmoR,ᚨᚷᛗᛟᛉ,5,synth,test
syn_000280_annlsegj_ᚨᚾᚾᛚᛊᛖᚷᛃ.png,,280,annlsegj,ᚨᚾᚾᛚᛊᛖᚷᛃ,8,synth,val
syn_000280_rmljŋd_ᚱᛗᛚᛃᛜᛞ.png,,280,rmljŋd,ᚱᛗᛚᛃᛜᛞ,6,synth,train
syn_000281_bbelmbhdfj_ᛒᛒᛖᛚᛗᛒᚺᛞᚠᛃ.png,,281,bbelmbhdfj,ᛒᛒᛖᛚᛗᛒᚺᛞᚠᛃ,10,synth,train
syn_000281_jfpeoReþïaifmtþ_ᛃᚠᛈᛖᛟᛉᛖᚦᛇᚨᛁᚠᛗᛏᚦ.png,,281,jfpeoReþïaifmtþ,ᛃᚠᛈᛖᛟᛉᛖᚦᛇᚨᛁᚠᛗᛏᚦ,15,synth,test
syn_000281_oþjtnarsm_ᛟᚦᛃᛏᚾᚨᚱᛊᛗ.png,,281,oþjtnarsm,ᛟᚦᛃᛏᚾᚨᚱᛊᛗ,9,synth,val
syn_000282_mhïhfsowŋ_ᛗᚺᛇᚺᚠᛊᛟᚹᛜ.png,,282,mhïhfsowŋ,ᛗᚺᛇᚺᚠᛊᛟᚹᛜ,9,synth,train
syn_000282_rfhgRmïfthapakn_ᚱᚠᚺᚷᛉᛗᛇᚠᛏᚺᚨᛈᚨᚲᚾ.png,,282,rfhgRmïfthapakn,ᚱᚠᚺᚷᛉᛗᛇᚠᛏᚺᚨᛈᚨᚲᚾ,15,synth,train
syn_000282_wthRwkþdjwnoejl_ᚹᛏᚺᛉᚹᚲᚦᛞᛃᚹᚾᛟᛖᛃᛚ.png,,282,wthRwkþdjwnoejl,ᚹᛏᚺᛉᚹᚲᚦᛞᛃᚹᚾᛟᛖᛃᛚ,15,synth,train
syn_000283_frmkdtkjŋ_ᚠᚱᛗᚲᛞᛏᚲᛃᛜ.png,,283,frmkdtkjŋ,ᚠᚱᛗᚲᛞᛏᚲᛃᛜ,9,synth,train
syn_000283_lbfua_ᛚᛒᚠᚢᚨ.png,,283,lbfua,ᛚᛒᚠᚢᚨ,5,synth,val
syn_000283_wtllþpa_ᚹᛏᛚᛚᚦᛈᚨ.png,,283,wtllþpa,ᚹᛏᛚᛚᚦᛈᚨ,7,synth,train
syn_000284_ljaudaRegp_ᛚᛃᚨᚢᛞᚨᛉᛖᚷᛈ.png,,284,ljaudaRegp,ᛚᛃᚨᚢᛞᚨᛉᛖᚷᛈ,10,synth,train
syn_000284_pRdhlwŋkdþ_ᛈᛉᛞᚺᛚᚹᛜᚲᛞᚦ.png,,284,pRdhlwŋkdþ,ᛈᛉᛞᚺᛚᚹᛜᚲᛞᚦ,10,synth,train
syn_000284_shwhŋþRudnbjfhm_ᛊᚺᚹᚺᛜᚦᛉᚢᛞᚾᛒᛃᚠᚺᛗ.png,,284,shwhŋþRudnbjfhm,ᛊᚺᚹᚺᛜᚦᛉᚢᛞᚾᛒᛃᚠᚺᛗ,15,synth,train
syn_000285_ehkmlïg_ᛖᚺᚲᛗᛚᛇᚷ.png,,285,ehkmlïg,ᛖᚺᚲᛗᛚᛇᚷ,7,synth,train
syn_000285_laukáR_ᛚᚨᚢᚲᚨᛉ.png,,285,laukáR,ᛚᚨᚢᚲᚨᛉ,6,synth,train
syn_000285_ŋmbïrwkkihwïdu_ᛜᛗᛒᛇᚱᚹᚲᚲᛁᚺᚹᛇᛞᚢ.png,,285,ŋmbïrwkkihwïdu,ᛜᛗᛒᛇᚱᚹᚲᚲᛁᚺᚹᛇᛞᚢ,14,synth,train
syn_000286_brRhefpod_ᛒᚱᛉᚺᛖᚠᛈᛟᛞ.png,,286,brRhefpod,ᛒᚱᛉᚺᛖᚠᛈᛟᛞ,9,synth,train
syn_000286_ek_ᛖᚲ.png,,286,ek,ᛖᚲ,2,synth,train
syn_000286_þtk_ᚦᛏᚲ.png,,286,þtk,ᚦᛏᚲ,3,synth,train
syn_000287_fuþark_ᚠᚢᚦᚨᚱᚲ.png,,287,fuþark,ᚠᚢᚦᚨᚱᚲ,6,synth,train
syn_000287_ïŋp_ᛇᛜᛈ.png,,287,ïŋp,ᛇᛜᛈ,3,synth,train
syn_000287_weiknlmfŋboillïsmgg_ᚹᛖᛁᚲᚾᛚᛗᚠᛜᛒᛟᛁᛚᛚᛇᛊᛗᚷᚷ.png,,287,weiknlmfŋboillïsmgg,ᚹᛖᛁᚲᚾᛚᛗᚠᛜᛒᛟᛁᛚᛚᛇᛊᛗᚷᚷ,19,synth,train
syn_000288_ekd_ᛖᚲᛞ.png,,288,ekd,ᛖᚲᛞ,3,synth,train
syn_000288_krrwi_ᚲᚱᚱᚹᛁ.png,,288,krrwi,ᚲᚱᚱᚹᛁ,5,synth,train
syn_000288_nfkfuk_ᚾᚠᚲᚠᚢᚲ.png,,288,nfkfuk,ᚾᚠᚲᚠᚢᚲ,6,synth,train
syn_000289_bïsRbmŋRjRps_ᛒᛇᛊᛉᛒᛗᛜᛉᛃᛉᛈᛊ.png,,289,bïsRbmŋRjRps,ᛒᛇᛊᛉᛒᛗᛜᛉᛃᛉᛈᛊ,12,synth,test
syn_000289_ek_ᛖᚲ.png,,289,ek,ᛖᚲ,2,synth,train
syn_000289_þanwthfotdapatr_ᚦᚨᚾᚹᛏᚺᚠᛟᛏᛞᚨᛈᚨᛏᚱ.png,,289,þanwthfotdapatr,ᚦᚨᚾᚹᛏᚺᚠᛟᛏᛞᚨᛈᚨᛏᚱ,15,synth,train
syn_000290_ekRgg_ᛖᚲᛉᚷᚷ.png,,290,ekRgg,ᛖᚲᛉᚷᚷ,5,synth,train
syn_000290_ssm_ᛊᛊᛗ.png,,290,ssm,ᛊᛊᛗ,3,synth,train
syn_000290_tiwaRilp_ᛏᛁᚹᚨᛉᛁᛚᛈ.png,,290,tiwaRilp,ᛏᛁᚹᚨᛉᛁᛚᛈ,8,synth,train
syn_000291_alubjŋ_ᚨᛚᚢᛒᛃᛜ.png,,291,alubjŋ,ᚨᛚᚢᛒᛃᛜ,6,synth,train
syn_000291_dftlþwpufbRmedbma_ᛞᚠᛏᛚᚦᚹᛈᚢᚠᛒᛉᛗᛖᛞᛒᛗᚨ.png,,291,dftlþwpufbRmedbma,ᛞᚠᛏᛚᚦᚹᛈᚢᚠᛒᛉᛗᛖᛞᛒᛗᚨ,17,synth,train
syn_000291_ektn_ᛖᚲᛏᚾ.png,,291,ektn,ᛖᚲᛏᚾ,4,synth,train
syn_000292_droaordhphïtig_ᛞᚱᛟᚨᛟᚱᛞᚺᛈᚺᛇᛏᛁᚷ.png,,292,droaordhphïtig,ᛞᚱᛟᚨᛟᚱᛞᚺᛈᚺᛇᛏᛁᚷ,14,synth,train
syn_000292_mjs_ᛗᛃᛊ.png,,292,mjs,ᛗᛃᛊ,3,synth,train
syn_000292_ŋpokfsþrfilr_ᛜᛈᛟᚲᚠᛊᚦᚱᚠᛁᛚᚱ.png,,292,ŋpokfsþrfilr,ᛜᛈᛟᚲᚠᛊᚦᚱᚠᛁᛚᚱ,12,synth,train
syn_000293_pibljd_ᛈᛁᛒᛚᛃᛞ.png,,293,pibljd,ᛈᛁᛒᛚᛃᛞ,6,synth,train
syn_000293_sfwwjwfdtrhtjs_ᛊᚠᚹᚹᛃᚹᚠᛞᛏᚱᚺᛏᛃᛊ.png,,293,sfwwjwfdtrhtjs,ᛊᚠᚹᚹᛃᚹᚠᛞᛏᚱᚺᛏᛃᛊ,14,synth,train
syn_000293_tefaïuhfïpt_ᛏᛖᚠᚨᛇᚢᚺᚠᛇᛈᛏ.png,,293,tefaïuhfïpt,ᛏᛖᚠᚨᛇᚢᚺᚠᛇᛈᛏ,11,synth,train
syn_000294_Rbfsgpwtw_ᛉᛒᚠᛊᚷᛈᚹᛏᚹ.png,,294,Rbfsgpwtw,ᛉᛒᚠᛊᚷᛈᚹᛏᚹ,9,synth,train
syn_000294_Rnguw_ᛉᚾᚷᚢᚹ.png,,294,Rnguw,ᛉᚾᚷᚢᚹ,5,synth,train
syn_000294_auR_ᚨᚢᛉ.png,,294,auR,ᚨᚢᛉ,3,synth,train
syn_000295_laukáR_ᛚᚨᚢᚲᚨᛉ.png,,295,laukáR,ᛚᚨᚢᚲᚨᛉ,6,synth,train
syn_000295_laukáRw_ᛚᚨᚢᚲᚨᛉᚹ.png,,295,laukáRw,ᛚᚨᚢᚲᚨᛉᚹ,7,synth,train
syn_000295_tiwaRrfj_ᛏᛁᚹᚨᛉᚱᚠᛃ.png,,295,tiwaRrfj,ᛏᛁᚹᚨᛉᚱᚠᛃ,8,synth,train
syn_000296_mïwnhhŋ_ᛗᛇᚹᚾᚺᚺᛜ.png,,296,mïwnhhŋ,ᛗᛇᚹᚾᚺᚺᛜ,7,synth,train
syn_000296_pþŋ_ᛈᚦᛜ.png,,296,pþŋ,ᛈᚦᛜ,3,synth,train
syn_000296_ulntsnb_ᚢᛚᚾᛏᛊᚾᛒ.png,,296,ulntsnb,ᚢᛚᚾᛏᛊᚾᛒ,7,synth,train
syn_000297_boþeroþsbm_ᛒᛟᚦᛖᚱᛟᚦᛊᛒᛗ.png,,297,boþeroþsbm,ᛒᛟᚦᛖᚱᛟᚦᛊᛒᛗ,10,synth,train
syn_000297_ingwaRmw_ᛁᚾᚷᚹᚨᛉᛗᚹ.png,,297,ingwaRmw,ᛁᚾᚷᚹᚨᛉᛗᚹ,8,synth,train
syn_000297_spgRthjjþsp_ᛊᛈᚷᛉᛏᚺᛃᛃᚦᛊᛈ.png,,297,spgRthjjþsp,ᛊᛈᚷᛉᛏᚺᛃᛃᚦᛊᛈ,11,synth,train
syn_000298_Rolkdlodesnrhïïdkdi_ᛉᛟᛚᚲᛞᛚᛟᛞᛖᛊᚾᚱᚺᛇᛇᛞᚲᛞᛁ.png,,298,Rolkdlodesnrhïïdkdi,ᛉᛟᛚᚲᛞᛚᛟᛞᛖᛊᚾᚱᚺᛇᛇᛞᚲᛞᛁ,19,synth,train
syn_000298_djwRsn_ᛞᛃᚹᛉᛊᚾ.png,,298,djwRsn,ᛞᛃᚹᛉᛊᚾ,6,synth,train
syn_000298_ŋŋeprialnipjd_ᛜᛜᛖᛈᚱᛁᚨᛚᚾᛁᛈᛃᛞ.png,,298,ŋŋeprialnipjd,ᛜᛜᛖᛈᚱᛁᚨᛚᚾᛁᛈᛃᛞ,13,synth,train
syn_000299_efsolle_ᛖᚠᛊᛟᛚᛚᛖ.png,,299,efsolle,ᛖᚠᛊᛟᛚᛚᛖ,7,synth,train
syn_000299_ingwaR_ᛁᚾᚷᚹᚨᛉ.png,,299,ingwaR,ᛁᚾᚷᚹᚨᛉ,6,synth,train
syn_000299_laukáR_ᛚᚨᚢᚲᚨᛉ.png,,299,laukáR,ᛚᚨᚢᚲᚨᛉ,6,synth,train
syn_000300_hŋbRnehuphrlþm_ᚺᛜᛒᛉᚾᛖᚺᚢᛈᚺᚱᛚᚦᛗ.png,,300,hŋbRnehuphrlþm,ᚺᛜᛒᛉᚾᛖᚺᚢᛈᚺᚱᛚᚦᛗ,14,synth,train
syn_000300_iïhd_ᛁᛇᚺᛞ.png,,300,iïhd,ᛁᛇᚺᛞ,4,synth,train
syn_000300_ingwaR_ᛁᚾᚷᚹᚨᛉ.png,,300,ingwaR,ᛁᚾᚷᚹᚨᛉ,6,synth,train
syn_000300_ohŋik_ᛟᚺᛜᛁᚲ.png,,300,ohŋik,ᛟᚺᛜᛁᚲ,5,synth,train
syn_000301_hŋhpojg_ᚺᛜᚺᛈᛟᛃᚷ.png,,301,hŋhpojg,ᚺᛜᚺᛈᛟᛃᚷ,7,synth,train
syn_000301_igŋupfufŋnnïbad_ᛁᚷᛜᚢᛈᚠᚢᚠᛜᚾᚾᛇᛒᚨᛞ.png,,301,igŋupfufŋnnïbad,ᛁᚷᛜᚢᛈᚠᚢᚠᛜᚾᚾᛇᛒᚨᛞ,15,synth,train
syn_000301_laoŋswgŋþskŋ_ᛚᚨᛟᛜᛊᚹᚷᛜᚦᛊᚲᛜ.png,,301,laoŋswgŋþskŋ,ᛚᚨᛟᛜᛊᚹᚷᛜᚦᛊᚲᛜ,12,synth,train
syn_000301_wkuhmïlwRj_ᚹᚲᚢᚺᛗᛇᛚᚹᛉᛃ.png,,301,wkuhmïlwRj,ᚹᚲᚢᚺᛗᛇᛚᚹᛉᛃ,10,synth,train
syn_000302_airhwkebletlntïd_ᚨᛁᚱᚺᚹᚲᛖᛒᛚᛖᛏᛚᚾᛏᛇᛞ.png,,302,airhwkebletlntïd,ᚨᛁᚱᚺᚹᚲᛖᛒᛚᛖᛏᛚᚾᛏᛇᛞ,16,synth,train
syn_000302_easahg_ᛖᚨᛊᚨᚺᚷ.png,,302,easahg,ᛖᚨᛊᚨᚺᚷ,6,synth,train
syn_000302_tiwaR_ᛏᛁᚹᚨᛉ.png,,302,tiwaR,ᛏᛁᚹᚨᛉ,5,synth,test
syn_000302_ulfgg_ᚢᛚᚠᚷᚷ.png,,302,ulfgg,ᚢᛚᚠᚷᚷ,5,synth,test
syn_000303_aluRj_ᚨᛚᚢᛉᛃ.png,,303,aluRj,ᚨᛚᚢᛉᛃ,5,synth,train
syn_000303_bfiwrft_ᛒᚠᛁᚹᚱᚠᛏ.png,,303,bfiwrft,ᛒᚠᛁᚹᚱᚠᛏ,7,synth,train
syn_000303_ek_ᛖᚲ.png,,303,ek,ᛖᚲ,2,synth,train
syn_000303_tiwaRtpf_ᛏᛁᚹᚨᛉᛏᛈᚠ.png,,303,tiwaRtpf,ᛏᛁᚹᚨᛉᛏᛈᚠ,8,synth,val
syn_000304_iïgfiajkfuw_ᛁᛇᚷᚠᛁᚨᛃᚲᚠᚢᚹ.png,,304,iïgfiajkfuw,ᛁᛇᚷᚠᛁᚨᛃᚲᚠᚢᚹ,11,synth,train
syn_000304_laukáR_ᛚᚨᚢᚲᚨᛉ.png,,304,laukáR,ᛚᚨᚢᚲᚨᛉ,6,synth,train
syn_000304_ldsnŋsewþjduRlapŋ_ᛚᛞᛊᚾᛜᛊᛖᚹᚦᛃᛞᚢᛉᛚᚨᛈᛜ.png,,304,ldsnŋsewþjduRlapŋ,ᛚᛞᛊᚾᛜᛊᛖᚹᚦᛃᛞᚢᛉᛚᚨᛈᛜ,17,synth,train
syn_000304_sŋrrpdjth_ᛊᛜᚱᚱᛈᛞᛃᛏᚺ.png,,304,sŋrrpdjth,ᛊᛜᚱᚱᛈᛞᛃᛏᚺ,9,synth,train
syn_000305_alu_ᚨᛚᚢ.png,,305,alu,ᚨᛚᚢ,3,synth,test
syn_000305_ek_ᛖᚲ.png,,305,ek,ᛖᚲ,2,synth,train
syn_000305_uRleþþþesltmijh_ᚢᛉᛚᛖᚦᚦᚦᛖᛊᛚᛏᛗᛁᛃᚺ.png,,305,uRleþþþesltmijh,ᚢᛉᛚᛖᚦᚦᚦᛖᛊᛚᛏᛗᛁᛃᚺ,15,synth,train
syn_000305_wa_ᚹᚨ.png,,305,wa,ᚹᚨ,2,synth,train
syn_000306_aomŋs_ᚨᛟᛗᛜᛊ.png,,306,aomŋs,ᚨᛟᛗᛜᛊ,5,synth,train
syn_000306_bdnþhjpïjïlïttjs_ᛒᛞᚾᚦᚺᛃᛈᛇᛃᛇᛚᛇᛏᛏᛃᛊ.png,,306,bdnþhjpïjïlïttjs,ᛒᛞᚾᚦᚺᛃᛈᛇᛃᛇᛚᛇᛏᛏᛃᛊ,16,synth,val
syn_000306_ingwaR_ᛁᚾᚷᚹᚨᛉ.png,,306,ingwaR,ᛁᚾᚷᚹᚨᛉ,6,synth,train
syn_000306_ntijjp_ᚾᛏᛁᛃᛃᛈ.png,,306,ntijjp,ᚾᛏᛁᛃᛃᛈ,6,synth,train
syn_000307_ekoan_ᛖᚲᛟᚨᚾ.png,,307,ekoan,ᛖᚲᛟᚨᚾ,5,synth,train
syn_000307_feuïidnpwt_ᚠᛖᚢᛇᛁᛞᚾᛈᚹᛏ.png,,307,feuïidnpwt,ᚠᛖᚢᛇᛁᛞᚾᛈᚹᛏ,10,synth,train
syn_000307_gnfuafs_ᚷᚾᚠᚢᚨᚠᛊ.png,,307,gnfuafs,ᚷᚾᚠᚢᚨᚠᛊ,7,synth,train
syn_000307_smjhiŋRþowRrrRbdb_ᛊᛗᛃᚺᛁᛜᛉᚦᛟᚹᛉᚱᚱᛉᛒᛞᛒ.png,,307,smjhiŋRþowRrrRbdb,ᛊᛗᛃᚺᛁᛜᛉᚦᛟᚹᛉᚱᚱᛉᛒᛞᛒ,17,synth,train
syn_000308_aluïhw_ᚨᛚᚢᛇᚺᚹ.png,,308,aluïhw,ᚨᛚᚢᛇᚺᚹ,6,synth,train
syn_000308_gudrkanuw_ᚷᚢᛞᚱᚲᚨᚾᚢᚹ.png,,308,gudrkanuw,ᚷᚢᛞᚱᚲᚨᚾᚢᚹ,9,synth,val
syn_000308_rdtbufRpwllïtjaa_ᚱᛞᛏᛒᚢᚠᛉᛈᚹᛚᛚᛇᛏᛃᚨᚨ.png,,308,rdtbufRpwllïtjaa,ᚱᛞᛏᛒᚢᚠᛉᛈᚹᛚᛚᛇᛏᛃᚨᚨ,16,synth,test
syn_000308_tiwaR_ᛏᛁᚹᚨᛉ.png,,308,tiwaR,ᛏᛁᚹᚨᛉ,5,synth,test
syn_000309_omfalrdewrer_ᛟᛗᚠᚨᛚᚱᛞᛖᚹᚱᛖᚱ.png,,309,omfalrdewrer,ᛟᛗᚠᚨᛚᚱᛞᛖᚹᚱᛖᚱ,12,synth,test
syn_000309_pdngim_ᛈᛞᚾᚷᛁᛗ.png,,309,pdngim,ᛈᛞᚾᚷᛁᛗ,6,synth,train
syn_000309_tiwaR_ᛏᛁᚹᚨᛉ.png,,309,tiwaR,ᛏᛁᚹᚨᛉ,5,synth,test
syn_000310_deïbw_ᛞᛖᛇᛒᚹ.png,,310,deïbw,ᛞᛖᛇᛒᚹ,5,synth,train
syn_000310_esiþwlngl_ᛖᛊᛁᚦᚹᛚᚾᚷᛚ.png,,310,esiþwlngl,ᛖᛊᛁᚦᚹᛚᚾᚷᛚ,9,synth,train
syn_000310_lsowe_ᛚᛊᛟᚹᛖ.png,,310,lsowe,ᛚᛊᛟᚹᛖ,5,synth,train
syn_000311_laukáR_ᛚᚨᚢᚲᚨᛉ.png,,311,laukáR,ᛚᚨᚢᚲᚨᛉ,6,synth,train
syn_000311_ttorþ_ᛏᛏᛟᚱᚦ.png,,311,ttorþ,ᛏᛏᛟᚱᚦ,5,synth,train
syn_000311_ttuomtmmfl_ᛏᛏᚢᛟᛗᛏᛗᛗᚠᛚ.png,,311,ttuomtmmfl,ᛏᛏᚢᛟᛗᛏᛗᛗᚠᛚ,10,synth,train
syn_000312_ekï_ᛖᚲᛇ.png,,312,ekï,ᛖᚲᛇ,3,synth,test
syn_000312_lmahsgatpfkgïd_ᛚᛗᚨᚺᛊᚷᚨᛏᛈᚠᚲᚷᛇᛞ.png,,312,lmahsgatpfkgïd,ᛚᛗᚨᚺᛊᚷᚨᛏᛈᚠᚲᚷᛇᛞ,14,synth,test
syn_000312_tiwaRud_ᛏᛁᚹᚨᛉᚢᛞ.png,,312,tiwaRud,ᛏᛁᚹᚨᛉᚢᛞ,7,synth,train
syn_000313_rownup_ᚱᛟᚹᚾᚢᛈ.png,,313,rownup,ᚱᛟᚹᚾᚢᛈ,6,synth,train
syn_000313_sïRþrïoshi_ᛊᛇᛉᚦᚱᛇᛟᛊᚺᛁ.png,,313,sïRþrïoshi,ᛊᛇᛉᚦᚱᛇᛟᛊᚺᛁ,10,synth,train
syn_000313_ulkïtm_ᚢᛚᚲᛇᛏᛗ.png,,313,ulkïtm,ᚢᛚᚲᛇᛏᛗ,6,synth,train
syn_000314_alu_ᚨᛚᚢ.png,,314,alu,ᚨᛚᚢ,3,synth,test
syn_000314_ŋidRituoakmþtnrap_ᛜᛁᛞᛉᛁᛏᚢᛟᚨᚲᛗᚦᛏᚾᚱᚨᛈ.png,,314,ŋidRituoakmþtnrap,ᛜᛁᛞᛉᛁᛏᚢᛟᚨᚲᛗᚦᛏᚾᚱᚨᛈ,17,synth,train
syn_000315_dmfŋmwbþ_ᛞᛗᚠᛜᛗᚹᛒᚦ.png,,315,dmfŋmwbþ,ᛞᛗᚠᛜᛗᚹᛒᚦ,8,synth,train
syn_000315_ingwaRbRt_ᛁᚾᚷᚹᚨᛉᛒᛉᛏ.png,,315,ingwaRbRt,ᛁᚾᚷᚹᚨᛉᛒᛉᛏ,9,synth,train
syn_000315_nRlhjdŋlRtdïdþppgs_ᚾᛉᛚᚺᛃᛞᛜᛚᛉᛏᛞᛇᛞᚦᛈᛈᚷᛊ.png,,315,nRlhjdŋlRtdïdþppgs,ᚾᛉᛚᚺᛃᛞᛜᛚᛉᛏᛞᛇᛞᚦᛈᛈᚷᛊ,18,synth,test
syn_000316_mesïwlh_ᛗᛖᛊᛇᚹᛚᚺ.png,,316,mesïwlh,ᛗᛖᛊᛇᚹᛚᚺ,7,synth,train
syn_000316_odþ_ᛟᛞᚦ.png,,316,odþ,ᛟᛞᚦ,3,synth,test
syn_000316_smfiujfwepþkopr_ᛊᛗᚠᛁᚢᛃᚠᚹᛖᛈᚦᚲᛟᛈᚱ.png,,316,smfiujfwepþkopr,ᛊᛗᚠᛁᚢᛃᚠᚹᛖᛈᚦᚲᛟᛈᚱ,15,synth,train
syn_000317_fuþarktŋg_ᚠᚢᚦᚨᚱᚲᛏᛜᚷ.png,,317,fuþarktŋg,ᚠᚢᚦᚨᚱᚲᛏᛜᚷ,9,synth,train
syn_000317_gnswmfïwh_ᚷᚾᛊᚹᛗᚠᛇᚹᚺ.png,,317,gnswmfïwh,ᚷᚾᛊᚹᛗᚠᛇᚹᚺ,9,synth,train
syn_000317_pddmordgsmþr_ᛈᛞᛞᛗᛟᚱᛞᚷᛊᛗᚦᚱ.png,,317,pddmordgsmþr,ᛈᛞᛞᛗᛟᚱᛞᚷᛊᛗᚦᚱ,12,synth,train
syn_000318_alu_ᚨᛚᚢ.png,,318,alu,ᚨᛚᚢ,3,synth,test
syn_000318_ïtuRRellfoege_ᛇᛏᚢᛉᛉᛖᛚᛚᚠᛟᛖᚷᛖ.png,,318,ïtuRRellfoege,ᛇᛏᚢᛉᛉᛖᛚᛚᚠᛟᛖᚷᛖ,13,synth,train
syn_000318_ŋofpu_ᛜᛟᚠᛈᚢ.png,,318,ŋofpu,ᛜᛟᚠᛈᚢ,5,synth,train
syn_000319_iwsiþhþnlplþbbw_ᛁᚹᛊᛁᚦᚺᚦᚾᛚᛈᛚᚦᛒᛒᚹ.png,,319,iwsiþhþnlplþbbw,ᛁᚹᛊᛁᚦᚺᚦᚾᛚᛈᛚᚦᛒᛒᚹ,15,synth,train
syn_000319_jawidw_ᛃᚨᚹᛁᛞᚹ.png,,319,jawidw,ᛃᚨᚹᛁᛞᚹ,6,synth,train
syn_000319_ŋoou_ᛜᛟᛟᚢ.png,,319,ŋoou,ᛜᛟᛟᚢ,4,synth,train
syn_000320_alun_ᚨᛚᚢᚾ.png,,320,alun,ᚨᛚᚢᚾ,4,synth,train
syn_000320_bggpwuïmReorþtŋn_ᛒᚷᚷᛈᚹᚢᛇᛗᛉᛖᛟᚱᚦᛏᛜᚾ.png,,320,bggpwuïmReorþtŋn,ᛒᚷᚷᛈᚹᚢᛇᛗᛉᛖᛟᚱᚦᛏᛜᚾ,16,synth,train
syn_000320_laukáR_ᛚᚨᚢᚲᚨᛉ.png,,320,laukáR,ᛚᚨᚢᚲᚨᛉ,6,synth,train
syn_000321_ïlwkiordnwnplurRt_ᛇᛚᚹᚲᛁᛟᚱᛞᚾᚹᚾᛈᛚᚢᚱᛉᛏ.png,,321,ïlwkiordnwnplurRt,ᛇᛚᚹᚲᛁᛟᚱᛞᚾᚹᚾᛈᛚᚢᚱᛉᛏ,17,synth,train
syn_000321_wRRumRŋoïþRamow_ᚹᛉᛉᚢᛗᛉᛜᛟᛇᚦᛉᚨᛗᛟᚹ.png,,321,wRRumRŋoïþRamow,ᚹᛉᛉᚢᛗᛉᛜᛟᛇᚦᛉᚨᛗᛟᚹ,15,synth,train
syn_000321_wiïuwwRo_ᚹᛁᛇᚢᚹᚹᛉᛟ.png,,321,wiïuwwRo,ᚹᛁᛇᚢᚹᚹᛉᛟ,8,synth,train
syn_000322_alu_ᚨᛚᚢ.png,,322,alu,ᚨᛚᚢ,3,synth,test
syn_000322_ingwaRi_ᛁᚾᚷᚹᚨᛉᛁ.png,,322,ingwaRi,ᛁᚾᚷᚹᚨᛉᛁ,7,synth,train
syn_000322_tŋŋwbrþiwstr_ᛏᛜᛜᚹᛒᚱᚦᛁᚹᛊᛏᚱ.png,,322,tŋŋwbrþiwstr,ᛏᛜᛜᚹᛒᚱᚦᛁᚹᛊᛏᚱ,12,synth,train
syn_000323_eblsRokdkmdek_ᛖᛒᛚᛊᛉᛟᚲᛞᚲᛗᛞᛖᚲ.png,,323,eblsRokdkmdek,ᛖᛒᛚᛊᛉᛟᚲᛞᚲᛗᛞᛖᚲ,13,synth,train
syn_000323_kglþs_ᚲᚷᛚᚦᛊ.png,,323,kglþs,ᚲᚷᛚᚦᛊ,5,synth,train
syn_000323_laukáR_ᛚᚨᚢᚲᚨᛉ.png,,323,laukáR,ᛚᚨᚢᚲᚨᛉ,6,synth,train
syn_000324_eelsreRngfgþRta_ᛖᛖᛚᛊᚱᛖᛉᚾᚷᚠᚷᚦᛉᛏᚨ.png,,324,eelsreRngfgþRta,ᛖᛖᛚᛊᚱᛖᛉᚾᚷᚠᚷᚦᛉᛏᚨ,15,synth,test
syn_000324_nht_ᚾᚺᛏ.png,,324,nht,ᚾᚺᛏ,3,synth,train
syn_000324_twpnjnwdtmd_ᛏᚹᛈᚾᛃᚾᚹᛞᛏᛗᛞ.png,,324,twpnjnwdtmd,ᛏᚹᛈᚾᛃᚾᚹᛞᛏᛗᛞ,11,synth,train
syn_000325_fuþark_ᚠᚢᚦᚨᚱᚲ.png,,325,fuþark,ᚠᚢᚦᚨᚱᚲ,6,synth,train
syn_000325_ingwaRþl_ᛁᚾᚷᚹᚨᛉᚦᛚ.png,,325,ingwaRþl,ᛁᚾᚷᚹᚨᛉᚦᛚ,8,synth,train
syn_000325_uujŋopraRþpmRR_ᚢᚢᛃᛜᛟᛈᚱᚨᛉᚦᛈᛗᛉᛉ.png,,325,uujŋopraRþpmRR,ᚢᚢᛃᛜᛟᛈᚱᚨᛉᚦᛈᛗᛉᛉ,14,synth,train
syn_000326_laukáR_ᛚᚨᚢᚲᚨᛉ.png,,326,laukáR,ᛚᚨᚢᚲᚨᛉ,6,synth,train
syn_000326_mmkeþapd_ᛗᛗᚲᛖᚦᚨᛈᛞ.png,,326,mmkeþapd,ᛗᛗᚲᛖᚦᚨᛈᛞ,8,synth,val
syn_000326_sjrnRnkwolgip_ᛊᛃᚱᚾᛉᚾᚲᚹᛟᛚᚷᛁᛈ.png,,326,sjrnRnkwolgip,ᛊᛃᚱᚾᛉᚾᚲᚹᛟᛚᚷᛁᛈ,13,synth,train
syn_000327_bþnjRtmŋþstŋp_ᛒᚦᚾᛃᛉᛏᛗᛜᚦᛊᛏᛜᛈ.png,,327,bþnjRtmŋþstŋp,ᛒᚦᚾᛃᛉᛏᛗᛜᚦᛊᛏᛜᛈ,13,synth,train
syn_000327_fuþarkŋ_ᚠᚢᚦᚨᚱᚲᛜ.png,,327,fuþarkŋ,ᚠᚢᚦᚨᚱᚲᛜ,7,synth,train
syn_000327_ïudjrdft_ᛇᚢᛞᛃᚱᛞᚠᛏ.png,,327,ïudjrdft,ᛇᚢᛞᛃᚱᛞᚠᛏ,8,synth,train
syn_000328_ingwaR_ᛁᚾᚷᚹᚨᛉ.png,,328,ingwaR,ᛁᚾᚷᚹᚨᛉ,6,synth,train
syn_000328_tiwaRtoj_ᛏᛁᚹᚨᛉᛏᛟᛃ.png,,328,tiwaRtoj,ᛏᛁᚹᚨᛉᛏᛟᛃ,8,synth,train
syn_000328_ŋuïŋofRe_ᛜᚢᛇᛜᛟᚠᛉᛖ.png,,328,ŋuïŋofRe,ᛜᚢᛇᛜᛟᚠᛉᛖ,8,synth,train
syn_000329_dwbrŋfssdrþhŋhbb_ᛞᚹᛒᚱᛜᚠᛊᛊᛞᚱᚦᚺᛜᚺᛒᛒ.png,,329,dwbrŋfssdrþhŋhbb,ᛞᚹᛒᚱᛜᚠᛊᛊᛞᚱᚦᚺᛜᚺᛒᛒ,16,synth,train
syn_000329_nRffatw_ᚾᛉᚠᚠᚨᛏᚹ.png,,329,nRffatw,ᚾᛉᚠᚠᚨᛏᚹ,7,synth,train
syn_000329_nmpnrRdibknldoRh_ᚾᛗᛈᚾᚱᛉᛞᛁᛒᚲᚾᛚᛞᛟᛉᚺ.png,,329,nmpnrRdibknldoRh,ᚾᛗᛈᚾᚱᛉᛞᛁᛒᚲᚾᛚᛞᛟᛉᚺ,16,synth,train
syn_000330_as_ᚨᛊ.png,,330,as,ᚨᛊ,2,synth,val
syn_000330_degsdtbuudlm_ᛞᛖᚷᛊᛞᛏᛒᚢᚢᛞᛚᛗ.png,,330,degsdtbuudlm,ᛞᛖᚷᛊᛞᛏᛒᚢᚢᛞᛚᛗ,12,synth,train
syn_000330_tiwaRs_ᛏᛁᚹᚨᛉᛊ.png,,330,tiwaRs,ᛏᛁᚹᚨᛉᛊ,6,synth,train
syn_000331_mpRmRŋwlRl_ᛗᛈᛉᛗᛉᛜᚹᛚᛉᛚ.png,,331,mpRmRŋwlRl,ᛗᛈᛉᛗᛉᛜᚹᛚᛉᛚ,10,synth,train
syn_000331_nï_ᚾᛇ.png,,331,nï,ᚾᛇ,2,synth,train
syn_000331_tpooiiRbbswbp_ᛏᛈᛟᛟᛁᛁᛉᛒᛒᛊᚹᛒᛈ.png,,331,tpooiiRbbswbp,ᛏᛈᛟᛟᛁᛁᛉᛒᛒᛊᚹᛒᛈ,13,synth,train
syn_000332_badtslrndrþlobï_ᛒᚨᛞᛏᛊᛚᚱᚾᛞᚱᚦᛚᛟᛒᛇ.png,,332,badtslrndrþlobï,ᛒᚨᛞᛏᛊᛚᚱᚾᛞᚱᚦᛚᛟᛒᛇ,15,synth,train
syn_000332_dibkdgjsgb_ᛞᛁᛒᚲᛞᚷᛃᛊᚷᛒ.png,,332,dibkdgjsgb,ᛞᛁᛒᚲᛞᚷᛃᛊᚷᛒ,10,synth,train
syn_000332_ŋkpm_ᛜᚲᛈᛗ.png,,332,ŋkpm,ᛜᚲᛈᛗ,4,synth,train
syn_000333_Rkewbŋtbgpejgwt_ᛉᚲᛖᚹᛒᛜᛏᛒᚷᛈᛖᛃᚷᚹᛏ.png,,333,Rkewbŋtbgpejgwt,ᛉᚲᛖᚹᛒᛜᛏᛒᚷᛈᛖᛃᚷᚹᛏ,15,synth,train
syn_000333_geRmkïbdïndmmdŋ_ᚷᛖᛉᛗᚲᛇᛒᛞᛇᚾᛞᛗᛗᛞᛜ.png,,333,geRmkïbdïndmmdŋ,ᚷᛖᛉᛗᚲᛇᛒᛞᛇᚾᛞᛗᛗᛞᛜ,15,synth,train
syn_000333_lr_ᛚᚱ.png,,333,lr,ᛚᚱ,2,synth,train
syn_000334_paaþp_ᛈᚨᚨᚦᛈ.png,,334,paaþp,ᛈᚨᚨᚦᛈ,5,synth,train
syn_000334_thpbhbek_ᛏᚺᛈᛒᚺᛒᛖᚲ.png,,334,thpbhbek,ᛏᚺᛈᛒᚺᛒᛖᚲ,8,synth,train
syn_000334_wlgib_ᚹᛚᚷᛁᛒ.png,,334,wlgib,ᚹᛚᚷᛁᛒ,5,synth,train
syn_000335_sufkwekŋurbw_ᛊᚢᚠᚲᚹᛖᚲᛜᚢᚱᛒᚹ.png,,335,sufkwekŋurbw,ᛊᚢᚠᚲᚹᛖᚲᛜᚢᚱᛒᚹ,12,synth,train
syn_000335_þbieglowbŋjþnlsŋp_ᚦᛒᛁᛖᚷᛚᛟᚹᛒᛜᛃᚦᚾᛚᛊᛜᛈ.png,,335,þbieglowbŋjþnlsŋp,ᚦᛒᛁᛖᚷᛚᛟᚹᛒᛜᛃᚦᚾᛚᛊᛜᛈ,17,synth,train
syn_000335_ŋfŋk_ᛜᚠᛜᚲ.png,,335,ŋfŋk,ᛜᚠᛜᚲ,4,synth,train
syn_000336_alu_ᚨᛚᚢ.png,,336,alu,ᚨᛚᚢ,3,synth,test
syn_000336_fhewlmitpwïrh_ᚠᚺᛖᚹᛚᛗᛁᛏᛈᚹᛇᚱᚺ.png,,336,fhewlmitpwïrh,ᚠᚺᛖᚹᛚᛗᛁᛏᛈᚹᛇᚱᚺ,13,synth,train
syn_000336_irbmaRs_ᛁᚱᛒᛗᚨᛉᛊ.png,,336,irbmaRs,ᛁᚱᛒᛗᚨᛉᛊ,7,synth,train
syn_000337_emŋnkjukŋlirdh_ᛖᛗᛜᚾᚲᛃᚢᚲᛜᛚᛁᚱᛞᚺ.png,,337,emŋnkjukŋlirdh,ᛖᛗᛜᚾᚲᛃᚢᚲᛜᛚᛁᚱᛞᚺ,14,synth,train
syn_000337_ianrwjhaaïaokslkf_ᛁᚨᚾᚱᚹᛃᚺᚨᚨᛇᚨᛟᚲᛊᛚᚲᚠ.png,,337,ianrwjhaaïaokslkf,ᛁᚨᚾᚱᚹᛃᚺᚨᚨᛇᚨᛟᚲᛊᛚᚲᚠ,17,synth,train
syn_000337_mïþþdroþf_ᛗᛇᚦᚦᛞᚱᛟᚦᚠ.png,,337,mïþþdroþf,ᛗᛇᚦᚦᛞᚱᛟᚦᚠ,9,synth,train
syn_000338_ew_ᛖᚹ.png,,338,ew,ᛖᚹ,2,synth,train
syn_000338_imhnRooiïmŋrbwaboj_ᛁᛗᚺᚾᛉᛟᛟᛁᛇᛗᛜᚱᛒᚹᚨᛒᛟᛃ.png,,338,imhnRooiïmŋrbwaboj,ᛁᛗᚺᚾᛉᛟᛟᛁᛇᛗᛜᚱᛒᚹᚨᛒᛟᛃ,18,synth,val
syn_000338_ktrŋeŋgk_ᚲᛏᚱᛜᛖᛜᚷᚲ.png,,338,ktrŋeŋgk,ᚲᛏᚱᛜᛖᛜᚷᚲ,8,synth,train
syn_000339_alu_ᚨᛚᚢ.png,,339,alu,ᚨᛚᚢ,3,synth,test
syn_000339_hlokwŋŋeŋRmfþg_ᚺᛚᛟᚲᚹᛜᛜᛖᛜᛉᛗᚠᚦᚷ.png,,339,hlokwŋŋeŋRmfþg,ᚺᛚᛟᚲᚹᛜᛜᛖᛜᛉᛗᚠᚦᚷ,14,synth,train
syn_000339_wlw_ᚹᛚᚹ.png,,339,wlw,ᚹᛚᚹ,3,synth,train
syn_000340_hhŋsanaoni_ᚺᚺᛜᛊᚨᚾᚨᛟᚾᛁ.png,,340,hhŋsanaoni,ᚺᚺᛜᛊᚨᚾᚨᛟᚾᛁ,10,synth,train
syn_000340_uRþjbrpw_ᚢᛉᚦᛃᛒᚱᛈᚹ.png,,340,uRþjbrpw,ᚢᛉᚦᛃᛒᚱᛈᚹ,8,synth,train
syn_000340_ŋpgsw_ᛜᛈᚷᛊᚹ.png,,340,ŋpgsw,ᛜᛈᚷᛊᚹ,5,synth,train
syn_000341_alu_ᚨᛚᚢ.png,,341,alu,ᚨᛚᚢ,3,synth,test
syn_000341_jþmfi_ᛃᚦᛗᚠᛁ.png,,341,jþmfi,ᛃᚦᛗᚠᛁ,5,synth,train
syn_000341_wnrlfot_ᚹᚾᚱᛚᚠᛟᛏ.png,,341,wnrlfot,ᚹᚾᚱᛚᚠᛟᛏ,7,synth,train
syn_000342_Rgifjþ_ᛉᚷᛁᚠᛃᚦ.png,,342,Rgifjþ,ᛉᚷᛁᚠᛃᚦ,6,synth,test
syn_000342_fuþark_ᚠᚢᚦᚨᚱᚲ.png,,342,fuþark,ᚠᚢᚦᚨᚱᚲ,6,synth,train
syn_000342_ltþaimuuittssk_ᛚᛏᚦᚨᛁᛗᚢᚢᛁᛏᛏᛊᛊᚲ.png,,342,ltþaimuuittssk,ᛚᛏᚦᚨᛁᛗᚢᚢᛁᛏᛏᛊᛊᚲ,14,synth,train
syn_000343_blpudmdpRRRRka_ᛒᛚᛈᚢᛞᛗᛞᛈᛉᛉᛉᛉᚲᚨ.png,,343,blpudmdpRRRRka,ᛒᛚᛈᚢᛞᛗᛞᛈᛉᛉᛉᛉᚲᚨ,14,synth,train
syn_000343_ihnad_ᛁᚺᚾᚨᛞ.png,,343,ihnad,ᛁᚺᚾᚨᛞ,5,synth,train
syn_000343_ingwaR_ᛁᚾᚷᚹᚨᛉ.png,,343,ingwaR,ᛁᚾᚷᚹᚨᛉ,6,synth,train
syn_000344_lŋmdnro_ᛚᛜᛗᛞᚾᚱᛟ.png,,344,lŋmdnro,ᛚᛜᛗᛞᚾᚱᛟ,7,synth,train
syn_000344_objp_ᛟᛒᛃᛈ.png,,344,objp,ᛟᛒᛃᛈ,4,synth,train
syn_000344_tiwaR_ᛏᛁᚹᚨᛉ.png,,344,tiwaR,ᛏᛁᚹᚨᛉ,5,synth,test
syn_000345_Rsnmskfþþinas_ᛉᛊᚾᛗᛊᚲᚠᚦᚦᛁᚾᚨᛊ.png,,345,Rsnmskfþþinas,ᛉᛊᚾᛗᛊᚲᚠᚦᚦᛁᚾᚨᛊ,13,synth,train
syn_000345_nRrgfï_ᚾᛉᚱᚷᚠᛇ.png,,345,nRrgfï,ᚾᛉᚱᚷᚠᛇ,6,synth,train
syn_000345_nsn_ᚾᛊᚾ.png,,345,nsn,ᚾᛊᚾ,3,synth,train
syn_000346_aþkdmmwlagf_ᚨᚦᚲᛞᛗᛗᚹᛚᚨᚷᚠ.png,,346,aþkdmmwlagf,ᚨᚦᚲᛞᛗᛗᚹᛚᚨᚷᚠ,11,synth,train
syn_000346_ingwaR_ᛁᚾᚷᚹᚨᛉ.png,,346,ingwaR,ᛁᚾᚷᚹᚨᛉ,6,synth,train
syn_000346_mit_ᛗᛁᛏ.png,,346,mit,ᛗᛁᛏ,3,synth,train
syn_000347_fhosþjïnusll_ᚠᚺᛟᛊᚦᛃᛇᚾᚢᛊᛚᛚ.png,,347,fhosþjïnusll,ᚠᚺᛟᛊᚦᛃᛇᚾᚢᛊᛚᛚ,12,synth,train
syn_000347_ïeþom_ᛇᛖᚦᛟᛗ.png,,347,ïeþom,ᛇᛖᚦᛟᛗ,5,synth,train
syn_000347_sdaarbjl_ᛊᛞᚨᚨᚱᛒᛃᛚ.png,,347,sdaarbjl,ᛊᛞᚨᚨᚱᛒᛃᛚ,8,synth,train
syn_000348_ekome_ᛖᚲᛟᛗᛖ.png,,348,ekome,ᛖᚲᛟᛗᛖ,5,synth,val
syn_000348_huhst_ᚺᚢᚺᛊᛏ.png,,348,huhst,ᚺᚢᚺᛊᛏ,5,synth,train
syn_000348_jdwsuwi_ᛃᛞᚹᛊᚢᚹᛁ.png,,348,jdwsuwi,ᛃᛞᚹᛊᚢᚹᛁ,7,synth,train
syn_000349_fimr_ᚠᛁᛗᚱ.png,,349,fimr,ᚠᛁᛗᚱ,4,synth,train
syn_000349_lkŋolmau_ᛚᚲᛜᛟᛚᛗᚨᚢ.png,,349,lkŋolmau,ᛚᚲᛜᛟᛚᛗᚨᚢ,8,synth,train
syn_000349_pglnoufhamfdf_ᛈᚷᛚᚾᛟᚢᚠᚺᚨᛗᚠᛞᚠ.png,,349,pglnoufhamfdf,ᛈᚷᛚᚾᛟᚢᚠᚺᚨᛗᚠᛞᚠ,13,synth,train
syn_000350_fïrelruirjsþþtaþr_ᚠᛇᚱᛖᛚᚱᚢᛁᚱᛃᛊᚦᚦᛏᚨᚦᚱ.png,,350,fïrelruirjsþþtaþr,ᚠᛇᚱᛖᛚᚱᚢᛁᚱᛃᛊᚦᚦᛏᚨᚦᚱ,17,synth,train
syn_000350_jjkgïg_ᛃᛃᚲᚷᛇᚷ.png,,350,jjkgïg,ᛃᛃᚲᚷᛇᚷ,6,synth,train
syn_000350_nowsfïb_ᚾᛟᚹᛊᚠᛇᛒ.png,,350,nowsfïb,ᚾᛟᚹᛊᚠᛇᛒ,7,synth,train
syn_000350_uirRiak_ᚢᛁᚱᛉᛁᚨᚲ.png,,350,uirRiak,ᚢᛁᚱᛉᛁᚨᚲ,7,synth,train
syn_000351_ek_ᛖᚲ.png,,351,ek,ᛖᚲ,2,synth,train
syn_000351_jd_ᛃᛞ.png,,351,jd,ᛃᛞ,2,synth,train
syn_000351_laukáR_ᛚᚨᚢᚲᚨᛉ.png,,351,laukáR,ᛚᚨᚢᚲᚨᛉ,6,synth,train
syn_000351_ngþjokghgŋhusrtgbdo_ᚾᚷᚦᛃᛟᚲᚷᚺᚷᛜᚺᚢᛊᚱᛏᚷᛒᛞᛟ.png,,351,ngþjokghgŋhusrtgbdo,ᚾᚷᚦᛃᛟᚲᚷᚺᚷᛜᚺᚢᛊᚱᛏᚷᛒᛞᛟ,19,synth,train
syn_000352_douekgntpmïþ_ᛞᛟᚢᛖᚲᚷᚾᛏᛈᛗᛇᚦ.png,,352,douekgntpmïþ,ᛞᛟᚢᛖᚲᚷᚾᛏᛈᛗᛇᚦ,12,synth,train
syn_000352_ïghaiïŋdï_ᛇᚷᚺᚨᛁᛇᛜᛞᛇ.png,,352,ïghaiïŋdï,ᛇᚷᚺᚨᛁᛇᛜᛞᛇ,9,synth,train
syn_000352_komps_ᚲᛟᛗᛈᛊ.png,,352,komps,ᚲᛟᛗᛈᛊ,5,synth,train
syn_000352_nuwpuþ_ᚾᚢᚹᛈᚢᚦ.png,,352,nuwpuþ,ᚾᚢᚹᛈᚢᚦ,6,synth,train
syn_000353_fllngfehdu_ᚠᛚᛚᚾᚷᚠᛖᚺᛞᚢ.png,,353,fllngfehdu,ᚠᛚᛚᚾᚷᚠᛖᚺᛞᚢ,10,synth,train
syn_000353_nnnauRhgþt_ᚾᚾᚾᚨᚢᛉᚺᚷᚦᛏ.png,,353,nnnauRhgþt,ᚾᚾᚾᚨᚢᛉᚺᚷᚦᛏ,10,synth,train
syn_000353_tjwfeRwrjd_ᛏᛃᚹᚠᛖᛉᚹᚱᛃᛞ.png,,353,tjwfeRwrjd,ᛏᛃᚹᚠᛖᛉᚹᚱᛃᛞ,10,synth,train
syn_000354_bþrdmhkdiuïmmŋno_ᛒᚦᚱᛞᛗᚺᚲᛞᛁᚢᛇᛗᛗᛜᚾᛟ.png,,354,bþrdmhkdiuïmmŋno,ᛒᚦᚱᛞᛗᚺᚲᛞᛁᚢᛇᛗᛗᛜᚾᛟ,16,synth,train
syn_000354_laukáRR_ᛚᚨᚢᚲᚨᛉᛉ.png,,354,laukáRR,ᛚᚨᚢᚲᚨᛉᛉ,7,synth,train
syn_000354_te_ᛏᛖ.png,,354,te,ᛏᛖ,2,synth,test
syn_000355_RiþpiRþi_ᛉᛁᚦᛈᛁᛉᚦᛁ.png,,355,RiþpiRþi,ᛉᛁᚦᛈᛁᛉᚦᛁ,8,synth,train
syn_000355_lŋtlma_ᛚᛜᛏᛚᛗᚨ.png,,355,lŋtlma,ᛚᛜᛏᛚᛗᚨ,6,synth,train
syn_000355_rmljŋd_ᚱᛗᛚᛃᛜᛞ.png,,355,rmljŋd,ᚱᛗᛚᛃᛜᛞ,6,synth,train
syn_000356_nïoRbdfRþugjï_ᚾᛇᛟᛉᛒᛞᚠᛉᚦᚢᚷᛃᛇ.png,,356,nïoRbdfRþugjï,ᚾᛇᛟᛉᛒᛞᚠᛉᚦᚢᚷᛃᛇ,13,synth,train
syn_000356_oþjtnarsm_ᛟᚦᛃᛏᚾᚨᚱᛊᛗ.png,,356,oþjtnarsm,ᛟᚦᛃᛏᚾᚨᚱᛊᛗ,9,synth,val
syn_000356_rþwmfgshn_ᚱᚦᚹᛗᚠᚷᛊᚺᚾ.png,,356,rþwmfgshn,ᚱᚦᚹᛗᚠᚷᛊᚺᚾ,9,synth,train
syn_000357_hbguk_ᚺᛒᚷᚢᚲ.png,,357,hbguk,ᚺᛒᚷᚢᚲ,5,synth,train
syn_000357_pdlsnmïwRpŋor_ᛈᛞᛚᛊᚾᛗᛇᚹᛉᛈᛜᛟᚱ.png,,357,pdlsnmïwRpŋor,ᛈᛞᛚᛊᚾᛗᛇᚹᛉᛈᛜᛟᚱ,13,synth,test
syn_000357_wthRwkþdjwnoejl_ᚹᛏᚺᛉᚹᚲᚦᛞᛃᚹᚾᛟᛖᛃᛚ.png,,357,wthRwkþdjwnoejl,ᚹᛏᚺᛉᚹᚲᚦᛞᛃᚹᚾᛟᛖᛃᛚ,15,synth,train
syn_000358_aaeokk_ᚨᚨᛖᛟᚲᚲ.png,,358,aaeokk,ᚨᚨᛖᛟᚲᚲ,6,synth,train
syn_000358_annlsegj_ᚨᚾᚾᛚᛊᛖᚷᛃ.png,,358,annlsegj,ᚨᚾᚾᛚᛊᛖᚷᛃ,8,synth,val
syn_000358_frmkdtkjŋ_ᚠᚱᛗᚲᛞᛏᚲᛃᛜ.png,,358,frmkdtkjŋ,ᚠᚱᛗᚲᛞᛏᚲᛃᛜ,9,synth,train
syn_000359_jfpeoReþïaifmtþ_ᛃᚠᛈᛖᛟᛉᛖᚦᛇᚨᛁᚠᛗᛏᚦ.png,,359,jfpeoReþïaifmtþ,ᛃᚠᛈᛖᛟᛉᛖᚦᛇᚨᛁᚠᛗᛏᚦ,15,synth,test
syn_000359_ljaudaRegp_ᛚᛃᚨᚢᛞᚨᛉᛖᚷᛈ.png,,359,ljaudaRegp,ᛚᛃᚨᚢᛞᚨᛉᛖᚷᛈ,10,synth,train
syn_000359_wuwinRowïi_ᚹᚢᚹᛁᚾᛉᛟᚹᛇᛁ.png,,359,wuwinRowïi,ᚹᚢᚹᛁᚾᛉᛟᚹᛇᛁ,10,synth,train
syn_000360_ehkmlïg_ᛖᚺᚲᛗᛚᛇᚷ.png,,360,ehkmlïg,ᛖᚺᚲᛗᛚᛇᚷ,7,synth,train
syn_000360_ektsk_ᛖᚲᛏᛊᚲ.png,,360,ektsk,ᛖᚲᛏᛊᚲ,5,synth,train
syn_000360_rfhgRmïfthapakn_ᚱᚠᚺᚷᛉᛗᛇᚠᛏᚺᚨᛈᚨᚲᚾ.png,,360,rfhgRmïfthapakn,ᚱᚠᚺᚷᛉᛗᛇᚠᛏᚺᚨᛈᚨᚲᚾ,15,synth,train
syn_000361_ek_ᛖᚲ.png,,361,ek,ᛖᚲ,2,synth,train
syn_000361_rRkg_ᚱᛉᚲᚷ.png,,361,rRkg,ᚱᛉᚲᚷ,4,synth,val
syn_000361_wtllþpa_ᚹᛏᛚᛚᚦᛈᚨ.png,,361,wtllþpa,ᚹᛏᛚᛚᚦᛈᚨ,7,synth,train
syn_000362_alulr_ᚨᛚᚢᛚᚱ.png,,362,alulr,ᚨᛚᚢᛚᚱ,5,synth,train
syn_000362_fuþark_ᚠᚢᚦᚨᚱᚲ.png,,362,fuþark,ᚠᚢᚦᚨᚱᚲ,6,synth,train
syn_000362_shwhŋþRudnbjfhm_ᛊᚺᚹᚺᛜᚦᛉᚢᛞᚾᛒᛃᚠᚺᛗ.png,,362,shwhŋþRudnbjfhm,ᛊᚺᚹᚺᛜᚦᛉᚢᛞᚾᛒᛃᚠᚺᛗ,15,synth,train
syn_000363_nfkfuk_ᚾᚠᚲᚠᚢᚲ.png,,363,nfkfuk,ᚾᚠᚲᚠᚢᚲ,6,synth,train
syn_000363_pŋŋmlo_ᛈᛜᛜᛗᛚᛟ.png,,363,pŋŋmlo,ᛈᛜᛜᛗᛚᛟ,6,synth,train
syn_000363_ŋmbïrwkkihwïdu_ᛜᛗᛒᛇᚱᚹᚲᚲᛁᚺᚹᛇᛞᚢ.png,,363,ŋmbïrwkkihwïdu,ᛜᛗᛒᛇᚱᚹᚲᚲᛁᚺᚹᛇᛞᚢ,14,synth,train
syn_000364_brRhefpod_ᛒᚱᛉᚺᛖᚠᛈᛟᛞ.png,,364,brRhefpod,ᛒᚱᛉᚺᛖᚠᛈᛟᛞ,9,synth,train
syn_000364_jtswhgbŋ_ᛃᛏᛊᚹᚺᚷᛒᛜ.png,,364,jtswhgbŋ,ᛃᛏᛊᚹᚺᚷᛒᛜ,8,synth,train
syn_000364_þanwthfotdapatr_ᚦᚨᚾᚹᛏᚺᚠᛟᛏᛞᚨᛈᚨᛏᚱ.png,,364,þanwthfotdapatr,ᚦᚨᚾᚹᛏᚺᚠᛟᛏᛞᚨᛈᚨᛏᚱ,15,synth,train
syn_000365_ekRgg_ᛖᚲᛉᚷᚷ.png,,365,ekRgg,ᛖᚲᛉᚷᚷ,5,synth,train
syn_000365_jnr_ᛃᚾᚱ.png,,365,jnr,ᛃᚾᚱ,3,synth,val
syn_000365_weiknlmfŋboillïsmgg_ᚹᛖᛁᚲᚾᛚᛗᚠᛜᛒᛟᛁᛚᛚᛇᛊᛗᚷᚷ.png,,365,weiknlmfŋboillïsmgg,ᚹᛖᛁᚲᚾᛚᛗᚠᛜᛒᛟᛁᛚᛚᛇᛊᛗᚷᚷ,19,synth,train
syn_000366_ekd_ᛖᚲᛞ.png,,366,ekd,ᛖᚲᛞ,3,synth,train
syn_000366_ektn_ᛖᚲᛏᚾ.png,,366,ektn,ᛖᚲᛏᚾ,4,synth,train
syn_000366_tgw_ᛏᚷᚹ.png,,366,tgw,ᛏᚷᚹ,3,synth,train
syn_000367_alur_ᚨᛚᚢᚱ.png,,367,alur,ᚨᛚᚢᚱ,4,synth,train
syn_000367_bïsRbmŋRjRps_ᛒᛇᛊᛉᛒᛗᛜᛉᛃᛉᛈᛊ.png,,367,bïsRbmŋRjRps,ᛒᛇᛊᛉᛒᛗᛜᛉᛃᛉᛈᛊ,12,synth,test
syn_000367_ŋpokfsþrfilr_ᛜᛈᛟᚲᚠᛊᚦᚱᚠᛁᛚᚱ.png,,367,ŋpokfsþrfilr,ᛜᛈᛟᚲᚠᛊᚦᚱᚠᛁᛚᚱ,12,synth,train
syn_000368_mn_ᛗᚾ.png,,368,mn,ᛗᚾ,2,synth,train
syn_000368_tefaïuhfïpt_ᛏᛖᚠᚨᛇᚢᚺᚠᛇᛈᛏ.png,,368,tefaïuhfïpt,ᛏᛖᚠᚨᛇᚢᚺᚠᛇᛈᛏ,11,synth,train
syn_000368_tiwaRilp_ᛏᛁᚹᚨᛉᛁᛚᛈ.png,,368,tiwaRilp,ᛏᛁᚹᚨᛉᛁᛚᛈ,8,synth,train
syn_000369_Rbfsgpwtw_ᛉᛒᚠᛊᚷᛈᚹᛏᚹ.png,,369,Rbfsgpwtw,ᛉᛒᚠᛊᚷᛈᚹᛏᚹ,9,synth,train
syn_000369_dftlþwpufbRmedbma_ᛞᚠᛏᛚᚦᚹᛈᚢᚠᛒᛉᛗᛖᛞᛒᛗᚨ.png,,369,dftlþwpufbRmedbma,ᛞᚠᛏᛚᚦᚹᛈᚢᚠᛒᛉᛗᛖᛞᛒᛗᚨ,17,synth,train
syn_000369_laukáRŋR_ᛚᚨᚢᚲᚨᛉᛜᛉ.png,,369,laukáRŋR,ᛚᚨᚢᚲᚨᛉᛜᛉ,8,synth,train
syn_000370_droaordhphïtig_ᛞᚱᛟᚨᛟᚱᛞᚺᛈᚺᛇᛏᛁᚷ.png,,370,droaordhphïtig,ᛞᚱᛟᚨᛟᚱᛞᚺᛈᚺᛇᛏᛁᚷ,14,synth,train
syn_000370_tiwaRrfj_ᛏᛁᚹᚨᛉᚱᚠᛃ.png,,370,tiwaRrfj,ᛏᛁᚹᚨᛉᚱᚠᛃ,8,synth,train
syn_000370_wfa_ᚹᚠᚨ.png,,370,wfa,ᚹᚠᚨ,3,synth,train
syn_000371_mïwnhhŋ_ᛗᛇᚹᚾᚺᚺᛜ.png,,371,mïwnhhŋ,ᛗᛇᚹᚾᚺᚺᛜ,7,synth,train
syn_000371_sfwwjwfdtrhtjs_ᛊᚠᚹᚹᛃᚹᚠᛞᛏᚱᚺᛏᛃᛊ.png,,371,sfwwjwfdtrhtjs,ᛊᚠᚹᚹᛃᚹᚠᛞᛏᚱᚺᛏᛃᛊ,14,synth,train
syn_000371_tiwaR_ᛏᛁᚹᚨᛉ.png,,371,tiwaR,ᛏᛁᚹᚨᛉ,5,synth,test
syn_000372_Rnguw_ᛉᚾᚷᚢᚹ.png,,372,Rnguw,ᛉᚾᚷᚢᚹ,5,synth,train
syn_000372_bRitwaikis_ᛒᛉᛁᛏᚹᚨᛁᚲᛁᛊ.png,,372,bRitwaikis,ᛒᛉᛁᛏᚹᚨᛁᚲᛁᛊ,10,synth,train
syn_000372_ingwaRmw_ᛁᚾᚷᚹᚨᛉᛗᚹ.png,,372,ingwaRmw,ᛁᚾᚷᚹᚨᛉᛗᚹ,8,synth,train
syn_000373_laukáRw_ᛚᚨᚢᚲᚨᛉᚹ.png,,373,laukáRw,ᛚᚨᚢᚲᚨᛉᚹ,7,synth,train
syn_000373_wŋ_ᚹᛜ.png,,373,wŋ,ᚹᛜ,2,synth,train
syn_000373_ŋŋeprialnipjd_ᛜᛜᛖᛈᚱᛁᚨᛚᚾᛁᛈᛃᛞ.png,,373,ŋŋeprialnipjd,ᛜᛜᛖᛈᚱᛁᚨᛚᚾᛁᛈᛃᛞ,13,synth,train
syn_000374_dagpawen_ᛞᚨᚷᛈᚨᚹᛖᚾ.png,,374,dagpawen,ᛞᚨᚷᛈᚨᚹᛖᚾ,8,synth,train
syn_000374_laukáR_ᛚᚨᚢᚲᚨᛉ.png,,374,laukáR,ᛚᚨᚢᚲᚨᛉ,6,synth,train
syn_000374_ulntsnb_ᚢᛚᚾᛏᛊᚾᛒ.png,,374,ulntsnb,ᚢᛚᚾᛏᛊᚾᛒ,7,synth,train
syn_000375_hŋbRnehuphrlþm_ᚺᛜᛒᛉᚾᛖᚺᚢᛈᚺᚱᛚᚦᛗ.png,,375,hŋbRnehuphrlþm,ᚺᛜᛒᛉᚾᛖᚺᚢᛈᚺᚱᛚᚦᛗ,14,synth,train
syn_000375_ingwaR_ᛁᚾᚷᚹᚨᛉ.png,,375,ingwaR,ᛁᚾᚷᚹᚨᛉ,6,synth,train
syn_000375_laukáRkŋþ_ᛚᚨᚢᚲᚨᛉᚲᛜᚦ.png,,375,laukáRkŋþ,ᛚᚨᚢᚲᚨᛉᚲᛜᚦ,9,synth,train
syn_000375_spgRthjjþsp_ᛊᛈᚷᛉᛏᚺᛃᛃᚦᛊᛈ.png,,375,spgRthjjþsp,ᛊᛈᚷᛉᛏᚺᛃᛃᚦᛊᛈ,11,synth,train
syn_000375_tiwaR_ᛏᛁᚹᚨᛉ.png,,375,tiwaR,ᛏᛁᚹᚨᛉ,5,synth,test
syn_000376_Rolkdlodesnrhïïdkdi_ᛉᛟᛚᚲᛞᛚᛟᛞᛖᛊᚾᚱᚺᛇᛇᛞᚲᛞᛁ.png,,376,Rolkdlodesnrhïïdkdi,ᛉᛟᛚᚲᛞᛚᛟᛞᛖᛊᚾᚱᚺᛇᛇᛞᚲᛞᛁ,19,synth,train
syn_000376_bkhsRj_ᛒᚲᚺᛊᛉᛃ.png,,376,bkhsRj,ᛒᚲᚺᛊᛉᛃ,6,synth,train
syn_000376_hŋhpojg_ᚺᛜᚺᛈᛟᛃᚷ.png,,376,hŋhpojg,ᚺᛜᚺᛈᛟᛃᚷ,7,synth,train
syn_000376_igŋupfufŋnnïbad_ᛁᚷᛜᚢᛈᚠᚢᚠᛜᚾᚾᛇᛒᚨᛞ.png,,376,igŋupfufŋnnïbad,ᛁᚷᛜᚢᛈᚠᚢᚠᛜᚾᚾᛇᛒᚨᛞ,15,synth,train
syn_000376_jldkowur_ᛃᛚᛞᚲᛟᚹᚢᚱ.png,,376,jldkowur,ᛃᛚᛞᚲᛟᚹᚢᚱ,8,synth,train
syn_000377_airhwkebletlntïd_ᚨᛁᚱᚺᚹᚲᛖᛒᛚᛖᛏᛚᚾᛏᛇᛞ.png,,377,airhwkebletlntïd,ᚨᛁᚱᚺᚹᚲᛖᛒᛚᛖᛏᛚᚾᛏᛇᛞ,16,synth,train
syn_000377_easahg_ᛖᚨᛊᚨᚺᚷ.png,,377,easahg,ᛖᚨᛊᚨᚺᚷ,6,synth,train
syn_000377_ingwaR_ᛁᚾᚷᚹᚨᛉ.png,,377,ingwaR,ᛁᚾᚷᚹᚨᛉ,6,synth,train
syn_000377_laukáR_ᛚᚨᚢᚲᚨᛉ.png,,377,laukáR,ᛚᚨᚢᚲᚨᛉ,6,synth,train
syn_000377_mohtafbb_ᛗᛟᚺᛏᚨᚠᛒᛒ.png,,377,mohtafbb,ᛗᛟᚺᛏᚨᚠᛒᛒ,8,synth,train
syn_000378_aluRj_ᚨᛚᚢᛉᛃ.png,,378,aluRj,ᚨᛚᚢᛉᛃ,5,synth,train
syn_000378_ohŋik_ᛟᚺᛜᛁᚲ.png,,378,ohŋik,ᛟᚺᛜᛁᚲ,5,synth,train
syn_000378_tiwaRtpf_ᛏᛁᚹᚨᛉᛏᛈᚠ.png,,378,tiwaRtpf,ᛏᛁᚹᚨᛉᛏᛈᚠ,8,synth,val
syn_000378_þR_ᚦᛉ.png,,378,þR,ᚦᛉ,2,synth,train
syn_000378_þþdmggŋlþh_ᚦᚦᛞᛗᚷᚷᛜᛚᚦᚺ.png,,378,þþdmggŋlþh,ᚦᚦᛞᛗᚷᚷᛜᛚᚦᚺ,10,synth,val
syn_000379_epw_ᛖᛈᚹ.png,,379,epw,ᛖᛈᚹ,3,synth,train
syn_000379_iïgfiajkfuw_ᛁᛇᚷᚠᛁᚨᛃᚲᚠᚢᚹ.png,,379,iïgfiajkfuw,ᛁᛇᚷᚠᛁᚨᛃᚲᚠᚢᚹ,11,synth,train
syn_000379_laoŋswgŋþskŋ_ᛚᚨᛟᛜᛊᚹᚷᛜᚦᛊᚲᛜ.png,,379,laoŋswgŋþskŋ,ᛚᚨᛟᛜᛊᚹᚷᛜᚦᛊᚲᛜ,12,synth,train
syn_000379_laukáR_ᛚᚨᚢᚲᚨᛉ.png,,379,laukáR,ᛚᚨᚢᚲᚨᛉ,6,synth,train
syn_000379_þhotbkþ_ᚦᚺᛟᛏᛒᚲᚦ.png,,379,þhotbkþ,ᚦᚺᛟᛏᛒᚲᚦ,7,synth,train
syn_000380_alu_ᚨᛚᚢ.png,,380,alu,ᚨᛚᚢ,3,synth,test
syn_000380_lojkesjro_ᛚᛟᛃᚲᛖᛊᛃᚱᛟ.png,,380,lojkesjro,ᛚᛟᛃᚲᛖᛊᛃᚱᛟ,9,synth,test
syn_000380_tiwaR_ᛏᛁᚹᚨᛉ.png,,380,tiwaR,ᛏᛁᚹᚨᛉ,5,synth,test
syn_000380_uRleþþþesltmijh_ᚢᛉᛚᛖᚦᚦᚦᛖᛊᛚᛏᛗᛁᛃᚺ.png,,380,uRleþþþesltmijh,ᚢᛉᛚᛖᚦᚦᚦᛖᛊᛚᛏᛗᛁᛃᚺ,15,synth,train
syn_000380_uïfadŋ_ᚢᛇᚠᚨᛞᛜ.png,,380,uïfadŋ,ᚢᛇᚠᚨᛞᛜ,6,synth,train
syn_000381_bdnþhjpïjïlïttjs_ᛒᛞᚾᚦᚺᛃᛈᛇᛃᛇᛚᛇᛏᛏᛃᛊ.png,,381,bdnþhjpïjïlïttjs,ᛒᛞᚾᚦᚺᛃᛈᛇᛃᛇᛚᛇᛏᛏᛃᛊ,16,synth,val
syn_000381_bfiwrft_ᛒᚠᛁᚹᚱᚠᛏ.png,,381,bfiwrft,ᛒᚠᛁᚹᚱᚠᛏ,7,synth,train
syn_000381_hhwpþ_ᚺᚺᚹᛈᚦ.png,,381,hhwpþ,ᚺᚺᚹᛈᚦ,5,synth,train
syn_000381_ingwaR_ᛁᚾᚷᚹᚨᛉ.png,,381,ingwaR,ᛁᚾᚷᚹᚨᛉ,6,synth,train
syn_000381_ŋdwþjRj_ᛜᛞᚹᚦᛃᛉᛃ.png,,381,ŋdwþjRj,ᛜᛞᚹᚦᛃᛉᛃ,7,synth,train
syn_000382_feuïidnpwt_ᚠᛖᚢᛇᛁᛞᚾᛈᚹᛏ.png,,382,feuïidnpwt,ᚠᛖᚢᛇᛁᛞᚾᛈᚹᛏ,10,synth,train
syn_000382_gnfuafs_ᚷᚾᚠᚢᚨᚠᛊ.png,,382,gnfuafs,ᚷᚾᚠᚢᚨᚠᛊ,7,synth,train
syn_000382_jhpdh_ᛃᚺᛈᛞᚺ.png,,382,jhpdh,ᛃᚺᛈᛞᚺ,5,synth,train
syn_000382_ldsnŋsewþjduRlapŋ_ᛚᛞᛊᚾᛜᛊᛖᚹᚦᛃᛞᚢᛉᛚᚨᛈᛜ.png,,382,ldsnŋsewþjduRlapŋ,ᛚᛞᛊᚾᛜᛊᛖᚹᚦᛃᛞᚢᛉᛚᚨᛈᛜ,17,synth,train
syn_000382_rftpskwiw_ᚱᚠᛏᛈᛊᚲᚹᛁᚹ.png,,382,rftpskwiw,ᚱᚠᛏᛈᛊᚲᚹᛁᚹ,9,synth,train
syn_000383_ek_ᛖᚲ.png,,383,ek,ᛖᚲ,2,synth,train
syn_000383_gudrkanuw_ᚷᚢᛞᚱᚲᚨᚾᚢᚹ.png,,383,gudrkanuw,ᚷᚢᛞᚱᚲᚨᚾᚢᚹ,9,synth,val
syn_000383_rdtbufRpwllïtjaa_ᚱᛞᛏᛒᚢᚠᛉᛈᚹᛚᛚᛇᛏᛃᚨᚨ.png,,383,rdtbufRpwllïtjaa,ᚱᛞᛏᛒᚢᚠᛉᛈᚹᛚᛚᛇᛏᛃᚨᚨ,16,synth,test
syn_000383_tiwaR_ᛏᛁᚹᚨᛉ.png,,383,tiwaR,ᛏᛁᚹᚨᛉ,5,synth,test
syn_000383_tiwaRn_ᛏᛁᚹᚨᛉᚾ.png,,383,tiwaRn,ᛏᛁᚹᚨᛉᚾ,6,synth,train
syn_000384_aomŋs_ᚨᛟᛗᛜᛊ.png,,384,aomŋs,ᚨᛟᛗᛜᛊ,5,synth,train
syn_000384_od_ᛟᛞ.png,,384,od,ᛟᛞ,2,synth,test
syn_000384_omfalrdewrer_ᛟᛗᚠᚨᛚᚱᛞᛖᚹᚱᛖᚱ.png,,384,omfalrdewrer,ᛟᛗᚠᚨᛚᚱᛞᛖᚹᚱᛖᚱ,12,synth,test
syn_000384_pdngim_ᛈᛞᚾᚷᛁᛗ.png,,384,pdngim,ᛈᛞᚾᚷᛁᛗ,6,synth,train
syn_000385_alu_ᚨᛚᚢ.png,,385,alu,ᚨᛚᚢ,3,synth,test
syn_000385_esiþwlngl_ᛖᛊᛁᚦᚹᛚᚾᚷᛚ.png,,385,esiþwlngl,ᛖᛊᛁᚦᚹᛚᚾᚷᛚ,9,synth,train
syn_000385_smjhiŋRþowRrrRbdb_ᛊᛗᛃᚺᛁᛜᛉᚦᛟᚹᛉᚱᚱᛉᛒᛞᛒ.png,,385,smjhiŋRþowRrrRbdb,ᛊᛗᛃᚺᛁᛜᛉᚦᛟᚹᛉᚱᚱᛉᛒᛞᛒ,17,synth,train
syn_000385_þoihugoh_ᚦᛟᛁᚺᚢᚷᛟᚺ.png,,385,þoihugoh,ᚦᛟᛁᚺᚢᚷᛟᚺ,8,synth,train
syn_000386_aluïhw_ᚨᛚᚢᛇᚺᚹ.png,,386,aluïhw,ᚨᛚᚢᛇᚺᚹ,6,synth,train
syn_000386_df_ᛞᚠ.png,,386,df,ᛞᚠ,2,synth,test
syn_000386_iakRŋbŋRtþþww_ᛁᚨᚲᛉᛜᛒᛜᛉᛏᚦᚦᚹᚹ.png,,386,iakRŋbŋRtþþww,ᛁᚨᚲᛉᛜᛒᛜᛉᛏᚦᚦᚹᚹ,13,synth,train
syn_000386_ttuomtmmfl_ᛏᛏᚢᛟᛗᛏᛗᛗᚠᛚ.png,,386,ttuomtmmfl,ᛏᛏᚢᛟᛗᛏᛗᛗᚠᛚ,10,synth,train
syn_000387_alu_ᚨᛚᚢ.png,,387,alu,ᚨᛚᚢ,3,synth,test
syn_000387_bshïŋ_ᛒᛊᚺᛇᛜ.png,,387,bshïŋ,ᛒᛊᚺᛇᛜ,5,synth,train
syn_000387_tiwaR_ᛏᛁᚹᚨᛉ.png,,387,tiwaR,ᛏᛁᚹᚨᛉ,5,synth,test
syn_000387_tiwaRud_ᛏᛁᚹᚨᛉᚢᛞ.png,,387,tiwaRud,ᛏᛁᚹᚨᛉᚢᛞ,7,synth,train
syn_000388_Rŋmba_ᛉᛜᛗᛒᚨ.png,,388,Rŋmba,ᛉᛜᛗᛒᚨ,5,synth,train
syn_000388_lsowe_ᛚᛊᛟᚹᛖ.png,,388,lsowe,ᛚᛊᛟᚹᛖ,5,synth,train
syn_000388_mjpsajjolle_ᛗᛃᛈᛊᚨᛃᛃᛟᛚᛚᛖ.png,,388,mjpsajjolle,ᛗᛃᛈᛊᚨᛃᛃᛟᛚᛚᛖ,11,synth,train
syn_000388_sïRþrïoshi_ᛊᛇᛉᚦᚱᛇᛟᛊᚺᛁ.png,,388,sïRþrïoshi,ᛊᛇᛉᚦᚱᛇᛟᛊᚺᛁ,10,synth,train
syn_000389_alu_ᚨᛚᚢ.png,,389,alu,ᚨᛚᚢ,3,synth,test
syn_000389_laukáR_ᛚᚨᚢᚲᚨᛉ.png,,389,laukáR,ᛚᚨᚢᚲᚨᛉ,6,synth,train
syn_000389_lfsR_ᛚᚠᛊᛉ.png,,389,lfsR,ᛚᚠᛊᛉ,4,synth,train
syn_000389_þbþRomïwfkkt_ᚦᛒᚦᛉᛟᛗᛇᚹᚠᚲᚲᛏ.png,,389,þbþRomïwfkkt,ᚦᛒᚦᛉᛟᛗᛇᚹᚠᚲᚲᛏ,12,synth,train
syn_000390_fuþarkjk_ᚠᚢᚦᚨᚱᚲᛃᚲ.png,,390,fuþarkjk,ᚠᚢᚦᚨᚱᚲᛃᚲ,8,synth,train
syn_000390_ingwaRbRt_ᛁᚾᚷᚹᚨᛉᛒᛉᛏ.png,,390,ingwaRbRt,ᛁᚾᚷᚹᚨᛉᛒᛉᛏ,9,synth,train
syn_000390_lmahsgatpfkgïd_ᛚᛗᚨᚺᛊᚷᚨᛏᛈᚠᚲᚷᛇᛞ.png,,390,lmahsgatpfkgïd,ᛚᛗᚨᚺᛊᚷᚨᛏᛈᚠᚲᚷᛇᛞ,14,synth,test
syn_000390_nmdjïoRrlhiki_ᚾᛗᛞᛃᛇᛟᛉᚱᛚᚺᛁᚲᛁ.png,,390,nmdjïoRrlhiki,ᚾᛗᛞᛃᛇᛟᛉᚱᛚᚺᛁᚲᛁ,13,synth,test
syn_000391_ingwaR_ᛁᚾᚷᚹᚨᛉ.png,,391,ingwaR,ᛁᚾᚷᚹᚨᛉ,6,synth,train
syn_000391_laukáRpjb_ᛚᚨᚢᚲᚨᛉᛈᛃᛒ.png,,391,laukáRpjb,ᛚᚨᚢᚲᚨᛉᛈᛃᛒ,9,synth,train
syn_000391_rownup_ᚱᛟᚹᚾᚢᛈ.png,,391,rownup,ᚱᛟᚹᚾᚢᛈ,6,synth,train
syn_000391_smfiujfwepþkopr_ᛊᛗᚠᛁᚢᛃᚠᚹᛖᛈᚦᚲᛟᛈᚱ.png,,391,smfiujfwepþkopr,ᛊᛗᚠᛁᚢᛃᚠᚹᛖᛈᚦᚲᛟᛈᚱ,15,synth,train
syn_000392_gnswmfïwh_ᚷᚾᛊᚹᛗᚠᛇᚹᚺ.png,,392,gnswmfïwh,ᚷᚾᛊᚹᛗᚠᛇᚹᚺ,9,synth,train
syn_000392_psearþïo_ᛈᛊᛖᚨᚱᚦᛇᛟ.png,,392,psearþïo,ᛈᛊᛖᚨᚱᚦᛇᛟ,8,synth,train
syn_000392_ttbnpRorgwjihm_ᛏᛏᛒᚾᛈᛉᛟᚱᚷᚹᛃᛁᚺᛗ.png,,392,ttbnpRorgwjihm,ᛏᛏᛒᚾᛈᛉᛟᚱᚷᚹᛃᛁᚺᛗ,14,synth,train
syn_000392_ŋidRituoakmþtnrap_ᛜᛁᛞᛉᛁᛏᚢᛟᚨᚲᛗᚦᛏᚾᚱᚨᛈ.png,,392,ŋidRituoakmþtnrap,ᛜᛁᛞᛉᛁᛏᚢᛟᚨᚲᛗᚦᛏᚾᚱᚨᛈ,17,synth,train
syn_000393_ïtuRRellfoege_ᛇᛏᚢᛉᛉᛖᛚᛚᚠᛟᛖᚷᛖ.png,,393,ïtuRRellfoege,ᛇᛏᚢᛉᛉᛖᛚᛚᚠᛟᛖᚷᛖ,13,synth,train
syn_000393_nRlhjdŋlRtdïdþppgs_ᚾᛉᛚᚺᛃᛞᛜᛚᛉᛏᛞᛇᛞᚦᛈᛈᚷᛊ.png,,393,nRlhjdŋlRtdïdþppgs,ᚾᛉᛚᚺᛃᛞᛜᛚᛉᛏᛞᛇᛞᚦᛈᛈᚷᛊ,18,synth,test
syn_000393_ŋpdaaugþg_ᛜᛈᛞᚨᚨᚢᚷᚦᚷ.png,,393,ŋpdaaugþg,ᛜᛈᛞᚨᚨᚢᚷᚦᚷ,9,synth,train
syn_000394_jawidw_ᛃᚨᚹᛁᛞᚹ.png,,394,jawidw,ᛃᚨᚹᛁᛞᚹ,6,synth,train
syn_000394_kwbmbŋrjR_ᚲᚹᛒᛗᛒᛜᚱᛃᛉ.png,,394,kwbmbŋrjR,ᚲᚹᛒᛗᛒᛜᚱᛃᛉ,9,synth,train
syn_000394_mesïwlh_ᛗᛖᛊᛇᚹᛚᚺ.png,,394,mesïwlh,ᛗᛖᛊᛇᚹᛚᚺ,7,synth,train
syn_000395_bggpwuïmReorþtŋn_ᛒᚷᚷᛈᚹᚢᛇᛗᛉᛖᛟᚱᚦᛏᛜᚾ.png,,395,bggpwuïmReorþtŋn,ᛒᚷᚷᛈᚹᚢᛇᛗᛉᛖᛟᚱᚦᛏᛜᚾ,16,synth,train
syn_000395_huŋsïkuud_ᚺᚢᛜᛊᛇᚲᚢᚢᛞ.png,,395,huŋsïkuud,ᚺᚢᛜᛊᛇᚲᚢᚢᛞ,9,synth,train
syn_000395_pddmordgsmþr_ᛈᛞᛞᛗᛟᚱᛞᚷᛊᛗᚦᚱ.png,,395,pddmordgsmþr,ᛈᛞᛞᛗᛟᚱᛞᚷᛊᛗᚦᚱ,12,synth,train
syn_000396_alu_ᚨᛚᚢ.png,,396,alu,ᚨᛚᚢ,3,synth,test
syn_000396_rk_ᚱᚲ.png,,396,rk,ᚱᚲ,2,synth,train
syn_000396_wRRumRŋoïþRamow_ᚹᛉᛉᚢᛗᛉᛜᛟᛇᚦᛉᚨᛗᛟᚹ.png,,396,wRRumRŋoïþRamow,ᚹᛉᛉᚢᛗᛉᛜᛟᛇᚦᛉᚨᛗᛟᚹ,15,synth,train
syn_000397_alu_ᚨᛚᚢ.png,,397,alu,ᚨᛚᚢ,3,synth,test
syn_000397_iwsiþhþnlplþbbw_ᛁᚹᛊᛁᚦᚺᚦᚾᛚᛈᛚᚦᛒᛒᚹ.png,,397,iwsiþhþnlplþbbw,ᛁᚹᛊᛁᚦᚺᚦᚾᛚᛈᛚᚦᛒᛒᚹ,15,synth,train
syn_000397_laukáR_ᛚᚨᚢᚲᚨᛉ.png,,397,laukáR,ᛚᚨᚢᚲᚨᛉ,6,synth,train
syn_000398_alun_ᚨᛚᚢᚾ.png,,398,alun,ᚨᛚᚢᚾ,4,synth,train
syn_000398_eblsRokdkmdek_ᛖᛒᛚᛊᛉᛟᚲᛞᚲᛗᛞᛖᚲ.png,,398,eblsRokdkmdek,ᛖᛒᛚᛊᛉᛟᚲᛞᚲᛗᛞᛖᚲ,13,synth,train
syn_000398_ïkng_ᛇᚲᚾᚷ.png,,398,ïkng,ᛇᚲᚾᚷ,4,synth,train
syn_000399_eelsreRngfgþRta_ᛖᛖᛚᛊᚱᛖᛉᚾᚷᚠᚷᚦᛉᛏᚨ.png,,399,eelsreRngfgþRta,ᛖᛖᛚᛊᚱᛖᛉᚾᚷᚠᚷᚦᛉᛏᚨ,15,synth,test
syn_000399_gnk_ᚷᚾᚲ.png,,399,gnk,ᚷᚾᚲ,3,synth,train
syn_000399_ïlwkiordnwnplurRt_ᛇᛚᚹᚲᛁᛟᚱᛞᚾᚹᚾᛈᛚᚢᚱᛉᛏ.png,,399,ïlwkiordnwnplurRt,ᛇᛚᚹᚲᛁᛟᚱᛞᚾᚹᚾᛈᛚᚢᚱᛉᛏ,17,synth,train
syn_000400_kmdnktgt_ᚲᛗᛞᚾᚲᛏᚷᛏ.png,,400,kmdnktgt,ᚲᛗᛞᚾᚲᛏᚷᛏ,8,synth,train
syn_000400_tŋŋwbrþiwstr_ᛏᛜᛜᚹᛒᚱᚦᛁᚹᛊᛏᚱ.png,,400,tŋŋwbrþiwstr,ᛏᛜᛜᚹᛒᚱᚦᛁᚹᛊᛏᚱ,12,synth,train
syn_000400_uujŋopraRþpmRR_ᚢᚢᛃᛜᛟᛈᚱᚨᛉᚦᛈᛗᛉᛉ.png,,400,uujŋopraRþpmRR,ᚢᚢᛃᛜᛟᛈᚱᚨᛉᚦᛈᛗᛉᛉ,14,synth,train
syn_000401_btad_ᛒᛏᚨᛞ.png,,401,btad,ᛒᛏᚨᛞ,4,synth,train
syn_000401_laukáR_ᛚᚨᚢᚲᚨᛉ.png,,401,laukáR,ᛚᚨᚢᚲᚨᛉ,6,synth,train
syn_000401_sjrnRnkwolgip_ᛊᛃᚱᚾᛉᚾᚲᚹᛟᛚᚷᛁᛈ.png,,401,sjrnRnkwolgip,ᛊᛃᚱᚾᛉᚾᚲᚹᛟᛚᚷᛁᛈ,13,synth,train
syn_000402_bþnjRtmŋþstŋp_ᛒᚦᚾᛃᛉᛏᛗᛜᚦᛊᛏᛜᛈ.png,,402,bþnjRtmŋþstŋp,ᛒᚦᚾᛃᛉᛏᛗᛜᚦᛊᛏᛜᛈ,13,synth,train
syn_000402_fdnrjrrp_ᚠᛞᚾᚱᛃᚱᚱᛈ.png,,402,fdnrjrrp,ᚠᛞᚾᚱᛃᚱᚱᛈ,8,synth,train
syn_000402_twpnjnwdtmd_ᛏᚹᛈᚾᛃᚾᚹᛞᛏᛗᛞ.png,,402,twpnjnwdtmd,ᛏᚹᛈᚾᛃᚾᚹᛞᛏᛗᛞ,11,synth,train
syn_000403_ingwaRþl_ᛁᚾᚷᚹᚨᛉᚦᛚ.png,,403,ingwaRþl,ᛁᚾᚷᚹᚨᛉᚦᛚ,8,synth,train
syn_000403_psŋbuRsnjn_ᛈᛊᛜᛒᚢᛉᛊᚾᛃᚾ.png,,403,psŋbuRsnjn,ᛈᛊᛜᛒᚢᛉᛊᚾᛃᚾ,10,synth,train
syn_000403_tiwaRtoj_ᛏᛁᚹᚨᛉᛏᛟᛃ.png,,403,tiwaRtoj,ᛏᛁᚹᚨᛉᛏᛟᛃ,8,synth,train
syn_000404_dwbrŋfssdrþhŋhbb_ᛞᚹᛒᚱᛜᚠᛊᛊᛞᚱᚦᚺᛜᚺᛒᛒ.png,,404,dwbrŋfssdrþhŋhbb,ᛞᚹᛒᚱᛜᚠᛊᛊᛞᚱᚦᚺᛜᚺᛒᛒ,16,synth,train
syn_000404_mmkeþapd_ᛗᛗᚲᛖᚦᚨᛈᛞ.png,,404,mmkeþapd,ᛗᛗᚲᛖᚦᚨᛈᛞ,8,synth,val
syn_000404_ndwdRï_ᚾᛞᚹᛞᛉᛇ.png,,404,ndwdRï,ᚾᛞᚹᛞᛉᛇ,6,synth,train
syn_000405_degsdtbuudlm_ᛞᛖᚷᛊᛞᛏᛒᚢᚢᛞᛚᛗ.png,,405,degsdtbuudlm,ᛞᛖᚷᛊᛞᛏᛒᚢᚢᛞᛚᛗ,12,synth,train
syn_000405_ïudjrdft_ᛇᚢᛞᛃᚱᛞᚠᛏ.png,,405,ïudjrdft,ᛇᚢᛞᛃᚱᛞᚠᛏ,8,synth,train
syn_000405_op_ᛟᛈ.png,,405,op,ᛟᛈ,2,synth,train
syn_000406_sllwïli_ᛊᛚᛚᚹᛇᛚᛁ.png,,406,sllwïli,ᛊᛚᛚᚹᛇᛚᛁ,7,synth,train
syn_000406_tpooiiRbbswbp_ᛏᛈᛟᛟᛁᛁᛉᛒᛒᛊᚹᛒᛈ.png,,406,tpooiiRbbswbp,ᛏᛈᛟᛟᛁᛁᛉᛒᛒᛊᚹᛒᛈ,13,synth,train
syn_000406_ŋuïŋofRe_ᛜᚢᛇᛜᛟᚠᛉᛖ.png,,406,ŋuïŋofRe,ᛜᚢᛇᛜᛟᚠᛉᛖ,8,synth,train
syn_000407_dibkdgjsgb_ᛞᛁᛒᚲᛞᚷᛃᛊᚷᛒ.png,,407,dibkdgjsgb,ᛞᛁᛒᚲᛞᚷᛃᛊᚷᛒ,10,synth,train
syn_000407_nmpnrRdibknldoRh_ᚾᛗᛈᚾᚱᛉᛞᛁᛒᚲᚾᛚᛞᛟᛉᚺ.png,,407,nmpnrRdibknldoRh,ᚾᛗᛈᚾᚱᛉᛞᛁᛒᚲᚾᛚᛞᛟᛉᚺ,16,synth,train
syn_000407_we_ᚹᛖ.png,,407,we,ᚹᛖ,2,synth,train
syn_000408_Rkewbŋtbgpejgwt_ᛉᚲᛖᚹᛒᛜᛏᛒᚷᛈᛖᛃᚷᚹᛏ.png,,408,Rkewbŋtbgpejgwt,ᛉᚲᛖᚹᛒᛜᛏᛒᚷᛈᛖᛃᚷᚹᛏ,15,synth,train
syn_000408_dwkmi_ᛞᚹᚲᛗᛁ.png,,408,dwkmi,ᛞᚹᚲᛗᛁ,5,synth,train
syn_000408_tiwaRs_ᛏᛁᚹᚨᛉᛊ.png,,408,tiwaRs,ᛏᛁᚹᚨᛉᛊ,6,synth,train
syn_000409_gaþnpRw_ᚷᚨᚦᚾᛈᛉᚹ.png,,409,gaþnpRw,ᚷᚨᚦᚾᛈᛉᚹ,7,synth,train
syn_000409_mpRmRŋwlRl_ᛗᛈᛉᛗᛉᛜᚹᛚᛉᛚ.png,,409,mpRmRŋwlRl,ᛗᛈᛉᛗᛉᛜᚹᛚᛉᛚ,10,synth,train
syn_000409_thpbhbek_ᛏᚺᛈᛒᚺᛒᛖᚲ.png,,409,thpbhbek,ᛏᚺᛈᛒᚺᛒᛖᚲ,8,synth,train
syn_000410_badtslrndrþlobï_ᛒᚨᛞᛏᛊᛚᚱᚾᛞᚱᚦᛚᛟᛒᛇ.png,,410,badtslrndrþlobï,ᛒᚨᛞᛏᛊᛚᚱᚾᛞᚱᚦᛚᛟᛒᛇ,15,synth,train
syn_000410_laukáR_ᛚᚨᚢᚲᚨᛉ.png,,410,laukáR,ᛚᚨᚢᚲᚨᛉ,6,synth,train
syn_000410_sufkwekŋurbw_ᛊᚢᚠᚲᚹᛖᚲᛜᚢᚱᛒᚹ.png,,410,sufkwekŋurbw,ᛊᚢᚠᚲᚹᛖᚲᛜᚢᚱᛒᚹ,12,synth,train
syn_000411_alu_ᚨᛚᚢ.png,,411,alu,ᚨᛚᚢ,3,synth,test
syn_000411_geRmkïbdïndmmdŋ_ᚷᛖᛉᛗᚲᛇᛒᛞᛇᚾᛞᛗᛗᛞᛜ.png,,411,geRmkïbdïndmmdŋ,ᚷᛖᛉᛗᚲᛇᛒᛞᛇᚾᛞᛗᛗᛞᛜ,15,synth,train
syn_000411_ingwaR_ᛁᚾᚷᚹᚨᛉ.png,,411,ingwaR,ᛁᚾᚷᚹᚨᛉ,6,synth,train
syn_000412_ashu_ᚨᛊᚺᚢ.png,,412,ashu,ᚨᛊᚺᚢ,4,synth,train
syn_000412_emŋnkjukŋlirdh_ᛖᛗᛜᚾᚲᛃᚢᚲᛜᛚᛁᚱᛞᚺ.png,,412,emŋnkjukŋlirdh,ᛖᛗᛜᚾᚲᛃᚢᚲᛜᛚᛁᚱᛞᚺ,14,synth,train
syn_000412_paaþp_ᛈᚨᚨᚦᛈ.png,,412,paaþp,ᛈᚨᚨᚦᛈ,5,synth,train
syn_000413_frtpsŋese_ᚠᚱᛏᛈᛊᛜᛖᛊᛖ.png,,413,frtpsŋese,ᚠᚱᛏᛈᛊᛜᛖᛊᛖ,9,synth,train
syn_000413_ktrŋeŋgk_ᚲᛏᚱᛜᛖᛜᚷᚲ.png,,413,ktrŋeŋgk,ᚲᛏᚱᛜᛖᛜᚷᚲ,8,synth,train
syn_000413_þbieglowbŋjþnlsŋp_ᚦᛒᛁᛖᚷᛚᛟᚹᛒᛜᛃᚦᚾᛚᛊᛜᛈ.png,,413,þbieglowbŋjþnlsŋp,ᚦᛒᛁᛖᚷᛚᛟᚹᛒᛜᛃᚦᚾᛚᛊᛜᛈ,17,synth,train
syn_000414_fhewlmitpwïrh_ᚠᚺᛖᚹᛚᛗᛁᛏᛈᚹᛇᚱᚺ.png,,414,fhewlmitpwïrh,ᚠᚺᛖᚹᛚᛗᛁᛏᛈᚹᛇᚱᚺ,13,synth,train
syn_000414_hlokwŋŋeŋRmfþg_ᚺᛚᛟᚲᚹᛜᛜᛖᛜᛉᛗᚠᚦᚷ.png,,414,hlokwŋŋeŋRmfþg,ᚺᛚᛟᚲᚹᛜᛜᛖᛜᛉᛗᚠᚦᚷ,14,synth,train
syn_000414_obwg_ᛟᛒᚹᚷ.png,,414,obwg,ᛟᛒᚹᚷ,4,synth,test
syn_000415_ianrwjhaaïaokslkf_ᛁᚨᚾᚱᚹᛃᚺᚨᚨᛇᚨᛟᚲᛊᛚᚲᚠ.png,,415,ianrwjhaaïaokslkf,ᛁᚨᚾᚱᚹᛃᚺᚨᚨᛇᚨᛟᚲᛊᛚᚲᚠ,17,synth,train
syn_000415_ïbusþr_ᛇᛒᚢᛊᚦᚱ.png,,415,ïbusþr,ᛇᛒᚢᛊᚦᚱ,6,synth,train
syn_000415_uRþjbrpw_ᚢᛉᚦᛃᛒᚱᛈᚹ.png,,415,uRþjbrpw,ᚢᛉᚦᛃᛒᚱᛈᚹ,8,synth,train
syn_000416_alu_ᚨᛚᚢ.png,,416,alu,ᚨᛚᚢ,3,synth,test
syn_000416_imhnRooiïmŋrbwaboj_ᛁᛗᚺᚾᛉᛟᛟᛁᛇᛗᛜᚱᛒᚹᚨᛒᛟᛃ.png,,416,imhnRooiïmŋrbwaboj,ᛁᛗᚺᚾᛉᛟᛟᛁᛇᛗᛜᚱᛒᚹᚨᛒᛟᛃ,18,synth,val
syn_000416_wehR_ᚹᛖᚺᛉ.png,,416,wehR,ᚹᛖᚺᛉ,4,synth,train
syn_000417_alu_ᚨᛚᚢ.png,,417,alu,ᚨᛚᚢ,3,synth,test
syn_000417_ltþaimuuittssk_ᛚᛏᚦᚨᛁᛗᚢᚢᛁᛏᛏᛊᛊᚲ.png,,417,ltþaimuuittssk,ᛚᛏᚦᚨᛁᛗᚢᚢᛁᛏᛏᛊᛊᚲ,14,synth,train
syn_000417_nmfwtj_ᚾᛗᚠᚹᛏᛃ.png,,417,nmfwtj,ᚾᛗᚠᚹᛏᛃ,6,synth,train
syn_000418_blpudmdpRRRRka_ᛒᛚᛈᚢᛞᛗᛞᛈᛉᛉᛉᛉᚲᚨ.png,,418,blpudmdpRRRRka,ᛒᛚᛈᚢᛞᛗᛞᛈᛉᛉᛉᛉᚲᚨ,14,synth,train
syn_000418_hhŋsanaoni_ᚺᚺᛜᛊᚨᚾᚨᛟᚾᛁ.png,,418,hhŋsanaoni,ᚺᚺᛜᛊᚨᚾᚨᛟᚾᛁ,10,synth,train
syn_000418_tiwaR_ᛏᛁᚹᚨᛉ.png,,418,tiwaR,ᛏᛁᚹᚨᛉ,5,synth,test
syn_000419_lŋmdnro_ᛚᛜᛗᛞᚾᚱᛟ.png,,419,lŋmdnro,ᛚᛜᛗᛞᚾᚱᛟ,7,synth,train
syn_000419_tiwaR_ᛏᛁᚹᚨᛉ.png,,419,tiwaR,ᛏᛁᚹᚨᛉ,5,synth,test
syn_000419_wnrlfot_ᚹᚾᚱᛚᚠᛟᛏ.png,,419,wnrlfot,ᚹᚾᚱᛚᚠᛟᛏ,7,synth,train
syn_000420_Rsnmskfþþinas_ᛉᛊᚾᛗᛊᚲᚠᚦᚦᛁᚾᚨᛊ.png,,420,Rsnmskfþþinas,ᛉᛊᚾᛗᛊᚲᚠᚦᚦᛁᚾᚨᛊ,13,synth,train
syn_000420_bkhsRjogtdk_ᛒᚲᚺᛊᛉᛃᛟᚷᛏᛞᚲ.png,,420,bkhsRjogtdk,ᛒᚲᚺᛊᛉᛃᛟᚷᛏᛞᚲ,11,synth,train
syn_000420_fuþark_ᚠᚢᚦᚨᚱᚲ.png,,420,fuþark,ᚠᚢᚦᚨᚱᚲ,6,synth,train
syn_000421_dnfþRïdïimRþh_ᛞᚾᚠᚦᛉᛇᛞᛇᛁᛗᛉᚦᚺ.png,,421,dnfþRïdïimRþh,ᛞᚾᚠᚦᛉᛇᛞᛇᛁᛗᛉᚦᚺ,13,synth,train
syn_000421_ihnad_ᛁᚺᚾᚨᛞ.png,,421,ihnad,ᛁᚺᚾᚨᛞ,5,synth,train
syn_000421_ingwaR_ᛁᚾᚷᚹᚨᛉ.png,,421,ingwaR,ᛁᚾᚷᚹᚨᛉ,6,synth,train
syn_000422_fhosþjïnusll_ᚠᚺᛟᛊᚦᛃᛇᚾᚢᛊᛚᛚ.png,,422,fhosþjïnusll,ᚠᚺᛟᛊᚦᛃᛇᚾᚢᛊᛚᛚ,12,synth,train
syn_000422_tiwaR_ᛏᛁᚹᚨᛉ.png,,422,tiwaR,ᛏᛁᚹᚨᛉ,5,synth,test
syn_000423_adŋrabhm_ᚨᛞᛜᚱᚨᛒᚺᛗ.png,,423,adŋrabhm,ᚨᛞᛜᚱᚨᛒᚺᛗ,8,synth,train
syn_000423_ekome_ᛖᚲᛟᛗᛖ.png,,423,ekome,ᛖᚲᛟᛗᛖ,5,synth,val
syn_000423_nRrgfï_ᚾᛉᚱᚷᚠᛇ.png,,423,nRrgfï,ᚾᛉᚱᚷᚠᛇ,6,synth,train
syn_000424_aþkdmmwlagf_ᚨᚦᚲᛞᛗᛗᚹᛚᚨᚷᚠ.png,,424,aþkdmmwlagf,ᚨᚦᚲᛞᛗᛗᚹᛚᚨᚷᚠ,11,synth,train
syn_000424_dnauRlrf_ᛞᚾᚨᚢᛉᛚᚱᚠ.png,,424,dnauRlrf,ᛞᚾᚨᚢᛉᛚᚱᚠ,8,synth,train
syn_000424_pglnoufhamfdf_ᛈᚷᛚᚾᛟᚢᚠᚺᚨᛗᚠᛞᚠ.png,,424,pglnoufhamfdf,ᛈᚷᛚᚾᛟᚢᚠᚺᚨᛗᚠᛞᚠ,13,synth,train
syn_000425_fïrelruirjsþþtaþr_ᚠᛇᚱᛖᛚᚱᚢᛁᚱᛃᛊᚦᚦᛏᚨᚦᚱ.png,,425,fïrelruirjsþþtaþr,ᚠᛇᚱᛖᛚᚱᚢᛁᚱᛃᛊᚦᚦᛏᚨᚦᚱ,17,synth,train
syn_000425_ïeþom_ᛇᛖᚦᛟᛗ.png,,425,ïeþom,ᛇᛖᚦᛟᛗ,5,synth,train
syn_000425_jjkgïg_ᛃᛃᚲᚷᛇᚷ.png,,425,jjkgïg,ᛃᛃᚲᚷᛇᚷ,6,synth,train
syn_000425_wrweRmrooïi_ᚹᚱᚹᛖᛉᛗᚱᛟᛟᛇᛁ.png,,425,wrweRmrooïi,ᚹᚱᚹᛖᛉᛗᚱᛟᛟᛇᛁ,11,synth,train
syn_000426_fdjgRkwswotuao_ᚠᛞᛃᚷᛉᚲᚹᛊᚹᛟᛏᚢᚨᛟ.png,,426,fdjgRkwswotuao,ᚠᛞᛃᚷᛉᚲᚹᛊᚹᛟᛏᚢᚨᛟ,14,synth,train
syn_000426_jdwsuwi_ᛃᛞᚹᛊᚢᚹᛁ.png,,426,jdwsuwi,ᛃᛞᚹᛊᚢᚹᛁ,7,synth,train
syn_000426_laukáR_ᛚᚨᚢᚲᚨᛉ.png,,426,laukáR,ᛚᚨᚢᚲᚨᛉ,6,synth,train
syn_000426_ngþjokghgŋhusrtgbdo_ᚾᚷᚦᛃᛟᚲᚷᚺᚷᛜᚺᚢᛊᚱᛏᚷᛒᛞᛟ.png,,426,ngþjokghgŋhusrtgbdo,ᚾᚷᚦᛃᛟᚲᚷᚺᚷᛜᚺᚢᛊᚱᛏᚷᛒᛞᛟ,19,synth,train
syn_000427_inbshïŋpaaahiRŋ_ᛁᚾᛒᛊᚺᛇᛜᛈᚨᚨᚨᚺᛁᛉᛜ.png,,427,inbshïŋpaaahiRŋ,ᛁᚾᛒᛊᚺᛇᛜᛈᚨᚨᚨᚺᛁᛉᛜ,15,synth,train
syn_000427_ïghaiïŋdï_ᛇᚷᚺᚨᛁᛇᛜᛞᛇ.png,,427,ïghaiïŋdï,ᛇᚷᚺᚨᛁᛇᛜᛞᛇ,9,synth,train
syn_000427_lkŋolmau_ᛚᚲᛜᛟᛚᛗᚨᚢ.png,,427,lkŋolmau,ᛚᚲᛜᛟᛚᛗᚨᚢ,8,synth,train
syn_000427_nuwpuþ_ᚾᚢᚹᛈᚢᚦ.png,,427,nuwpuþ,ᚾᚢᚹᛈᚢᚦ,6,synth,train
syn_000428_nnnauRhgþt_ᚾᚾᚾᚨᚢᛉᚺᚷᚦᛏ.png,,428,nnnauRhgþt,ᚾᚾᚾᚨᚢᛉᚺᚷᚦᛏ,10,synth,train
syn_000428_tjwfeRwrjd_ᛏᛃᚹᚠᛖᛉᚹᚱᛃᛞ.png,,428,tjwfeRwrjd,ᛏᛃᚹᚠᛖᛉᚹᚱᛃᛞ,10,synth,train
syn_000428_uirRiak_ᚢᛁᚱᛉᛁᚨᚲ.png,,428,uirRiak,ᚢᛁᚱᛉᛁᚨᚲ,7,synth,train
syn_000428_wehlfsRsh_ᚹᛖᚺᛚᚠᛊᛉᛊᚺ.png,,428,wehlfsRsh,ᚹᛖᚺᛚᚠᛊᛉᛊᚺ,9,synth,train
syn_000429_bþrdmhkdiuïmmŋno_ᛒᚦᚱᛞᛗᚺᚲᛞᛁᚢᛇᛗᛗᛜᚾᛟ.png,,429,bþrdmhkdiuïmmŋno,ᛒᚦᚱᛞᛗᚺᚲᛞᛁᚢᛇᛗᛗᛜᚾᛟ,16,synth,train
syn_000429_ek_ᛖᚲ.png,,429,ek,ᛖᚲ,2,synth,train
syn_000429_laukáRR_ᛚᚨᚢᚲᚨᛉᛉ.png,,429,laukáRR,ᛚᚨᚢᚲᚨᛉᛉ,7,synth,train
syn_000429_sjkebbdub_ᛊᛃᚲᛖᛒᛒᛞᚢᛒ.png,,429,sjkebbdub,ᛊᛃᚲᛖᛒᛒᛞᚢᛒ,9,synth,train
syn_000430_RiþpiRþi_ᛉᛁᚦᛈᛁᛉᚦᛁ.png,,430,RiþpiRþi,ᛉᛁᚦᛈᛁᛉᚦᛁ,8,synth,train
syn_000430_douekgntpmïþ_ᛞᛟᚢᛖᚲᚷᚾᛏᛈᛗᛇᚦ.png,,430,douekgntpmïþ,ᛞᛟᚢᛖᚲᚷᚾᛏᛈᛗᛇᚦ,12,synth,train
syn_000430_ingwaR_ᛁᚾᚷᚹᚨᛉ.png,,430,ingwaR,ᛁᚾᚷᚹᚨᛉ,6,synth,train
syn_000430_rmljŋd_ᚱᛗᛚᛃᛜᛞ.png,,430,rmljŋd,ᚱᛗᛚᛃᛜᛞ,6,synth,train
syn_000431_fuþark_ᚠᚢᚦᚨᚱᚲ.png,,431,fuþark,ᚠᚢᚦᚨᚱᚲ,6,synth,train
syn_000431_nïoRbdfRþugjï_ᚾᛇᛟᛉᛒᛞᚠᛉᚦᚢᚷᛃᛇ.png,,431,nïoRbdfRþugjï,ᚾᛇᛟᛉᛒᛞᚠᛉᚦᚢᚷᛃᛇ,13,synth,train
syn_000431_oþjtnarsm_ᛟᚦᛃᛏᚾᚨᚱᛊᛗ.png,,431,oþjtnarsm,ᛟᚦᛃᛏᚾᚨᚱᛊᛗ,9,synth,val
syn_000431_uktsuribjŋp_ᚢᚲᛏᛊᚢᚱᛁᛒᛃᛜᛈ.png,,431,uktsuribjŋp,ᚢᚲᛏᛊᚢᚱᛁᛒᛃᛜᛈ,11,synth,train
syn_000432_pdlsnmïwRpŋor_ᛈᛞᛚᛊᚾᛗᛇᚹᛉᛈᛜᛟᚱ.png,,432,pdlsnmïwRpŋor,ᛈᛞᛚᛊᚾᛗᛇᚹᛉᛈᛜᛟᚱ,13,synth,test
syn_000432_rþRonimRþrg_ᚱᚦᛉᛟᚾᛁᛗᛉᚦᚱᚷ.png,,432,rþRonimRþrg,ᚱᚦᛉᛟᚾᛁᛗᛉᚦᚱᚷ,11,synth,train
syn_000432_wthRwkþdjwnoejl_ᚹᛏᚺᛉᚹᚲᚦᛞᛃᚹᚾᛟᛖᛃᛚ.png,,432,wthRwkþdjwnoejl,ᚹᛏᚺᛉᚹᚲᚦᛞᛃᚹᚾᛟᛖᛃᛚ,15,synth,train
syn_000432_ŋpdaaugþghjelg_ᛜᛈᛞᚨᚨᚢᚷᚦᚷᚺᛃᛖᛚᚷ.png,,432,ŋpdaaugþghjelg,ᛜᛈᛞᚨᚨᚢᚷᚦᚷᚺᛃᛖᛚᚷ,14,synth,train
syn_000433_annlsegj_ᚨᚾᚾᛚᛊᛖᚷᛃ.png,,433,annlsegj,ᚨᚾᚾᛚᛊᛖᚷᛃ,8,synth,val
syn_000433_ek_ᛖᚲ.png,,433,ek,ᛖᚲ,2,synth,train
syn_000433_frmkdtkjŋ_ᚠᚱᛗᚲᛞᛏᚲᛃᛜ.png,,433,frmkdtkjŋ,ᚠᚱᛗᚲᛞᛏᚲᛃᛜ,9,synth,train
syn_000433_ŋrjRultlRehuŋ_ᛜᚱᛃᛉᚢᛚᛏᛚᛉᛖᚺᚢᛜ.png,,433,ŋrjRultlRehuŋ,ᛜᚱᛃᛉᚢᛚᛏᛚᛉᛖᚺᚢᛜ,13,synth,train
syn_000434_dddilïbþlhfkRlraRl_ᛞᛞᛞᛁᛚᛇᛒᚦᛚᚺᚠᚲᛉᛚᚱᚨᛉᛚ.png,,434,dddilïbþlhfkRlraRl,ᛞᛞᛞᛁᛚᛇᛒᚦᛚᚺᚠᚲᛉᛚᚱᚨᛉᛚ,18,synth,train
syn_000434_jfpeoReþïaifmtþ_ᛃᚠᛈᛖᛟᛉᛖᚦᛇᚨᛁᚠᛗᛏᚦ.png,,434,jfpeoReþïaifmtþ,ᛃᚠᛈᛖᛟᛉᛖᚦᛇᚨᛁᚠᛗᛏᚦ,15,synth,test
syn_000434_ljaudaRegp_ᛚᛃᚨᚢᛞᚨᛉᛖᚷᛈ.png,,434,ljaudaRegp,ᛚᛃᚨᚢᛞᚨᛉᛖᚷᛈ,10,synth,train
syn_000434_wlhupnrk_ᚹᛚᚺᚢᛈᚾᚱᚲ.png,,434,wlhupnrk,ᚹᛚᚺᚢᛈᚾᚱᚲ,8,synth,train
syn_000435_ehkmlïg_ᛖᚺᚲᛗᛚᛇᚷ.png,,435,ehkmlïg,ᛖᚺᚲᛗᛚᛇᚷ,7,synth,train
syn_000435_laukáR_ᛚᚨᚢᚲᚨᛉ.png,,435,laukáR,ᛚᚨᚢᚲᚨᛉ,6,synth,train
syn_000435_rfhgRmïfthapakn_ᚱᚠᚺᚷᛉᛗᛇᚠᛏᚺᚨᛈᚨᚲᚾ.png,,435,rfhgRmïfthapakn,ᚱᚠᚺᚷᛉᛗᛇᚠᛏᚺᚨᛈᚨᚲᚾ,15,synth,train
syn_000436_ek_ᛖᚲ.png,,436,ek,ᛖᚲ,2,synth,train
syn_000436_ïkngwnurjg_ᛇᚲᚾᚷᚹᚾᚢᚱᛃᚷ.png,,436,ïkngwnurjg,ᛇᚲᚾᚷᚹᚾᚢᚱᛃᚷ,10,synth,train
syn_000436_wtllþpa_ᚹᛏᛚᛚᚦᛈᚨ.png,,436,wtllþpa,ᚹᛏᛚᛚᚦᛈᚨ,7,synth,train
syn_000437_fuþark_ᚠᚢᚦᚨᚱᚲ.png,,437,fuþark,ᚠᚢᚦᚨᚱᚲ,6,synth,train
syn_000437_rŋekmdnkt_ᚱᛜᛖᚲᛗᛞᚾᚲᛏ.png,,437,rŋekmdnkt,ᚱᛜᛖᚲᛗᛞᚾᚲᛏ,9,synth,train
syn_000437_shwhŋþRudnbjfhm_ᛊᚺᚹᚺᛜᚦᛉᚢᛞᚾᛒᛃᚠᚺᛗ.png,,437,shwhŋþRudnbjfhm,ᛊᚺᚹᚺᛜᚦᛉᚢᛞᚾᛒᛃᚠᚺᛗ,15,synth,train
syn_000438_lkbtadktkn_ᛚᚲᛒᛏᚨᛞᚲᛏᚲᚾ.png,,438,lkbtadktkn,ᛚᚲᛒᛏᚨᛞᚲᛏᚲᚾ,10,synth,train
syn_000438_nfkfuk_ᚾᚠᚲᚠᚢᚲ.png,,438,nfkfuk,ᚾᚠᚲᚠᚢᚲ,6,synth,train
syn_000438_ŋmbïrwkkihwïdu_ᛜᛗᛒᛇᚱᚹᚲᚲᛁᚺᚹᛇᛞᚢ.png,,438,ŋmbïrwkkihwïdu,ᛜᛗᛒᛇᚱᚹᚲᚲᛁᚺᚹᛇᛞᚢ,14,synth,train
syn_000439_brRhefpod_ᛒᚱᛉᚺᛖᚠᛈᛟᛞ.png,,439,brRhefpod,ᛒᚱᛉᚺᛖᚠᛈᛟᛞ,9,synth,train
syn_000439_jrrpibbdt_ᛃᚱᚱᛈᛁᛒᛒᛞᛏ.png,,439,jrrpibbdt,ᛃᚱᚱᛈᛁᛒᛒᛞᛏ,9,synth,train
syn_000439_þanwthfotdapatr_ᚦᚨᚾᚹᛏᚺᚠᛟᛏᛞᚨᛈᚨᛏᚱ.png,,439,þanwthfotdapatr,ᚦᚨᚾᚹᛏᚺᚠᛟᛏᛞᚨᛈᚨᛏᚱ,15,synth,train
syn_000440_ekRgg_ᛖᚲᛉᚷᚷ.png,,440,ekRgg,ᛖᚲᛉᚷᚷ,5,synth,train
syn_000440_ek_ᛖᚲ.png,,440,ek,ᛖᚲ,2,synth,train
syn_000440_weiknlmfŋboillïsmgg_ᚹᛖᛁᚲᚾᛚᛗᚠᛜᛒᛟᛁᛚᛚᛇᛊᛗᚷᚷ.png,,440,weiknlmfŋboillïsmgg,ᚹᛖᛁᚲᚾᛚᛗᚠᛜᛒᛟᛁᛚᛚᛇᛊᛗᚷᚷ,19,synth,train
syn_000441_ekd_ᛖᚲᛞ.png,,441,ekd,ᛖᚲᛞ,3,synth,train
syn_000441_ektn_ᛖᚲᛏᚾ.png,,441,ektn,ᛖᚲᛏᚾ,4,synth,train
syn_000441_þejndwdRïþŋïoŋf_ᚦᛖᛃᚾᛞᚹᛞᛉᛇᚦᛜᛇᛟᛜᚠ.png,,441,þejndwdRïþŋïoŋf,ᚦᛖᛃᚾᛞᚹᛞᛉᛇᚦᛜᛇᛟᛜᚠ,15,synth,train
syn_000442_bïsRbmŋRjRps_ᛒᛇᛊᛉᛒᛗᛜᛉᛃᛉᛈᛊ.png,,442,bïsRbmŋRjRps,ᛒᛇᛊᛉᛒᛗᛜᛉᛃᛉᛈᛊ,12,synth,test
syn_000442_laukáR_ᛚᚨᚢᚲᚨᛉ.png,,442,laukáR,ᛚᚨᚢᚲᚨᛉ,6,synth,train
syn_000442_ŋpokfsþrfilr_ᛜᛈᛟᚲᚠᛊᚦᚱᚠᛁᛚᚱ.png,,442,ŋpokfsþrfilr,ᛜᛈᛟᚲᚠᛊᚦᚱᚠᛁᛚᚱ,12,synth,train
syn_000443_iaaounlwegewnm_ᛁᚨᚨᛟᚢᚾᛚᚹᛖᚷᛖᚹᚾᛗ.png,,443,iaaounlwegewnm,ᛁᚨᚨᛟᚢᚾᛚᚹᛖᚷᛖᚹᚾᛗ,14,synth,train
syn_000443_tefaïuhfïpt_ᛏᛖᚠᚨᛇᚢᚺᚠᛇᛈᛏ.png,,443,tefaïuhfïpt,ᛏᛖᚠᚨᛇᚢᚺᚠᛇᛈᛏ,11,synth,train
syn_000443_tiwaRilp_ᛏᛁᚹᚨᛉᛁᛚᛈ.png,,443,tiwaRilp,ᛏᛁᚹᚨᛉᛁᛚᛈ,8,synth,train
syn_000444_Rbfsgpwtw_ᛉᛒᚠᛊᚷᛈᚹᛏᚹ.png,,444,Rbfsgpwtw,ᛉᛒᚠᛊᚷᛈᚹᛏᚹ,9,synth,train
syn_000444_aRshhpgaþnp_ᚨᛉᛊᚺᚺᛈᚷᚨᚦᚾᛈ.png,,444,aRshhpgaþnp,ᚨᛉᛊᚺᚺᛈᚷᚨᚦᚾᛈ,11,synth,train
syn_000444_dftlþwpufbRmedbma_ᛞᚠᛏᛚᚦᚹᛈᚢᚠᛒᛉᛗᛖᛞᛒᛗᚨ.png,,444,dftlþwpufbRmedbma,ᛞᚠᛏᛚᚦᚹᛈᚢᚠᛒᛉᛗᛖᛞᛒᛗᚨ,17,synth,train
syn_000445_droaordhphïtig_ᛞᚱᛟᚨᛟᚱᛞᚺᛈᚺᛇᛏᛁᚷ.png,,445,droaordhphïtig,ᛞᚱᛟᚨᛟᚱᛞᚺᛈᚺᛇᛏᛁᚷ,14,synth,train
syn_000445_tiwaRrfj_ᛏᛁᚹᚨᛉᚱᚠᛃ.png,,445,tiwaRrfj,ᛏᛁᚹᚨᛉᚱᚠᛃ,8,synth,train
syn_000445_ŋþnïïidt_ᛜᚦᚾᛇᛇᛁᛞᛏ.png,,445,ŋþnïïidt,ᛜᚦᚾᛇᛇᛁᛞᛏ,8,synth,train
syn_000446_awsïashukmdlh_ᚨᚹᛊᛇᚨᛊᚺᚢᚲᛗᛞᛚᚺ.png,,446,awsïashukmdlh,ᚨᚹᛊᛇᚨᛊᚺᚢᚲᛗᛞᛚᚺ,13,synth,train
syn_000446_mïwnhhŋ_ᛗᛇᚹᚾᚺᚺᛜ.png,,446,mïwnhhŋ,ᛗᛇᚹᚾᚺᚺᛜ,7,synth,train
syn_000446_sfwwjwfdtrhtjs_ᛊᚠᚹᚹᛃᚹᚠᛞᛏᚱᚺᛏᛃᛊ.png,,446,sfwwjwfdtrhtjs,ᛊᚠᚹᚹᛃᚹᚠᛞᛏᚱᚺᛏᛃᛊ,14,synth,train
syn_000447_Rnguw_ᛉᚾᚷᚢᚹ.png,,447,Rnguw,ᛉᚾᚷᚢᚹ,5,synth,train
syn_000447_ingwaRmw_ᛁᚾᚷᚹᚨᛉᛗᚹ.png,,447,ingwaRmw,ᛁᚾᚷᚹᚨᛉᛗᚹ,8,synth,train
syn_000447_ŋesepomphgobw_ᛜᛖᛊᛖᛈᛟᛗᛈᚺᚷᛟᛒᚹ.png,,447,ŋesepomphgobw,ᛜᛖᛊᛖᛈᛟᛗᛈᚺᚷᛟᛒᚹ,13,synth,train
syn_000448_iïbusþrŋmikjww_ᛁᛇᛒᚢᛊᚦᚱᛜᛗᛁᚲᛃᚹᚹ.png,,448,iïbusþrŋmikjww,ᛁᛇᛒᚢᛊᚦᚱᛜᛗᛁᚲᛃᚹᚹ,14,synth,train
syn_000448_laukáRw_ᛚᚨᚢᚲᚨᛉᚹ.png,,448,laukáRw,ᛚᚨᚢᚲᚨᛉᚹ,7,synth,train
syn_000448_ŋŋeprialnipjd_ᛜᛜᛖᛈᚱᛁᚨᛚᚾᛁᛈᛃᛞ.png,,448,ŋŋeprialnipjd,ᛜᛜᛖᛈᚱᛁᚨᛚᚾᛁᛈᛃᛞ,13,synth,train
syn_000449_ingwaR_ᛁᚾᚷᚹᚨᛉ.png,,449,ingwaR,ᛁᚾᚷᚹᚨᛉ,6,synth,train
syn_000449_laukáR_ᛚᚨᚢᚲᚨᛉ.png,,449,laukáR,ᛚᚨᚢᚲᚨᛉ,6,synth,train
syn_000449_ulntsnb_ᚢᛚᚾᛏᛊᚾᛒ.png,,449,ulntsnb,ᚢᛚᚾᛏᛊᚾᛒ,7,synth,train
syn_000450_ingwaR_ᛁᚾᚷᚹᚨᛉ.png,,450,ingwaR,ᛁᚾᚷᚹᚨᛉ,6,synth,train
syn_000450_jbhkgrpþ_ᛃᛒᚺᚲᚷᚱᛈᚦ.png,,450,jbhkgrpþ,ᛃᛒᚺᚲᚷᚱᛈᚦ,8,synth,test
syn_000450_spgRthjjþsp_ᛊᛈᚷᛉᛏᚺᛃᛃᚦᛊᛈ.png,,450,spgRthjjþsp,ᛊᛈᚷᛉᛏᚺᛃᛃᚦᛊᛈ,11,synth,train
syn_000451_Rolkdlodesnrhïïdkdi_ᛉᛟᛚᚲᛞᛚᛟᛞᛖᛊᚾᚱᚺᛇᛇᛞᚲᛞᛁ.png,,451,Rolkdlodesnrhïïdkdi,ᛉᛟᛚᚲᛞᛚᛟᛞᛖᛊᚾᚱᚺᛇᛇᛞᚲᛞᛁ,19,synth,train
syn_000451_igŋupfufŋnnïbad_ᛁᚷᛜᚢᛈᚠᚢᚠᛜᚾᚾᛇᛒᚨᛞ.png,,451,igŋupfufŋnnïbad,ᛁᚷᛜᚢᛈᚠᚢᚠᛜᚾᚾᛇᛒᚨᛞ,15,synth,train
syn_000451_jkufbþRdnwgw_ᛃᚲᚢᚠᛒᚦᛉᛞᚾᚹᚷᚹ.png,,451,jkufbþRdnwgw,ᛃᚲᚢᚠᛒᚦᛉᛞᚾᚹᚷᚹ,12,synth,train
syn_000452_airhwkebletlntïd_ᚨᛁᚱᚺᚹᚲᛖᛒᛚᛖᛏᛚᚾᛏᛇᛞ.png,,452,airhwkebletlntïd,ᚨᛁᚱᚺᚹᚲᛖᛒᛚᛖᛏᛚᚾᛏᛇᛞ,16,synth,train
syn_000452_ingwaR_ᛁᚾᚷᚹᚨᛉ.png,,452,ingwaR,ᛁᚾᚷᚹᚨᛉ,6,synth,train
syn_000452_oniuŋïbwthtftïg_ᛟᚾᛁᚢᛜᛇᛒᚹᛏᚺᛏᚠᛏᛇᚷ.png,,452,oniuŋïbwthtftïg,ᛟᚾᛁᚢᛜᛇᛒᚹᛏᚺᛏᚠᛏᛇᚷ,15,synth,train
syn_000453_huadothRbabpïau_ᚺᚢᚨᛞᛟᛏᚺᛉᛒᚨᛒᛈᛇᚨᚢ.png,,453,huadothRbabpïau,ᚺᚢᚨᛞᛟᛏᚺᛉᛒᚨᛒᛈᛇᚨᚢ,15,synth,train
syn_000453_ohŋik_ᛟᚺᛜᛁᚲ.png,,453,ohŋik,ᛟᚺᛜᛁᚲ,5,synth,train
syn_000453_tiwaRtpf_ᛏᛁᚹᚨᛉᛏᛈᚠ.png,,453,tiwaRtpf,ᛏᛁᚹᚨᛉᛏᛈᚠ,8,synth,val
syn_000454_iïgfiajkfuw_ᛁᛇᚷᚠᛁᚨᛃᚲᚠᚢᚹ.png,,454,iïgfiajkfuw,ᛁᛇᚷᚠᛁᚨᛃᚲᚠᚢᚹ,11,synth,train
syn_000454_kŋeoerlRd_ᚲᛜᛖᛟᛖᚱᛚᛉᛞ.png,,454,kŋeoerlRd,ᚲᛜᛖᛟᛖᚱᛚᛉᛞ,9,synth,test
syn_000454_laoŋswgŋþskŋ_ᛚᚨᛟᛜᛊᚹᚷᛜᚦᛊᚲᛜ.png,,454,laoŋswgŋþskŋ,ᛚᚨᛟᛜᛊᚹᚷᛜᚦᛊᚲᛜ,12,synth,train
syn_000455_mmRdjfahhbbkat_ᛗᛗᛉᛞᛃᚠᚨᚺᚺᛒᛒᚲᚨᛏ.png,,455,mmRdjfahhbbkat,ᛗᛗᛉᛞᛃᚠᚨᚺᚺᛒᛒᚲᚨᛏ,14,synth,train
syn_000455_tiwaR_ᛏᛁᚹᚨᛉ.png,,455,tiwaR,ᛏᛁᚹᚨᛉ,5,synth,test
syn_000455_uRleþþþesltmijh_ᚢᛉᛚᛖᚦᚦᚦᛖᛊᛚᛏᛗᛁᛃᚺ.png,,455,uRleþþþesltmijh,ᚢᛉᛚᛖᚦᚦᚦᛖᛊᛚᛏᛗᛁᛃᚺ,15,synth,train
syn_000456_bfiwrft_ᛒᚠᛁᚹᚱᚠᛏ.png,,456,bfiwrft,ᛒᚠᛁᚹᚱᚠᛏ,7,synth,train
syn_000456_fuþarkmb_ᚠᚢᚦᚨᚱᚲᛗᛒ.png,,456,fuþarkmb,ᚠᚢᚦᚨᚱᚲᛗᛒ,8,synth,train
syn_000456_ingwaR_ᛁᚾᚷᚹᚨᛉ.png,,456,ingwaR,ᛁᚾᚷᚹᚨᛉ,6,synth,train
syn_000457_feuïidnpwt_ᚠᛖᚢᛇᛁᛞᚾᛈᚹᛏ.png,,457,feuïidnpwt,ᚠᛖᚢᛇᛁᛞᚾᛈᚹᛏ,10,synth,train
syn_000457_ldsnŋsewþjduRlapŋ_ᛚᛞᛊᚾᛜᛊᛖᚹᚦᛃᛞᚢᛉᛚᚨᛈᛜ.png,,457,ldsnŋsewþjduRlapŋ,ᛚᛞᛊᚾᛜᛊᛖᚹᚦᛃᛞᚢᛉᛚᚨᛈᛜ,17,synth,train
syn_000457_tdelmþilpgŋo_ᛏᛞᛖᛚᛗᚦᛁᛚᛈᚷᛜᛟ.png,,457,tdelmþilpgŋo,ᛏᛞᛖᛚᛗᚦᛁᛚᛈᚷᛜᛟ,12,synth,train
syn_000458_ek_ᛖᚲ.png,,458,ek,ᛖᚲ,2,synth,train
syn_000458_rdtbufRpwllïtjaa_ᚱᛞᛏᛒᚢᚠᛉᛈᚹᛚᛚᛇᛏᛃᚨᚨ.png,,458,rdtbufRpwllïtjaa,ᚱᛞᛏᛒᚢᚠᛉᛈᚹᛚᛚᛇᛏᛃᚨᚨ,16,synth,test
syn_000458_tiwaRl_ᛏᛁᚹᚨᛉᛚ.png,,458,tiwaRl,ᛏᛁᚹᚨᛉᛚ,6,synth,test
syn_000459_aomŋs_ᚨᛟᛗᛜᛊ.png,,459,aomŋs,ᚨᛟᛗᛜᛊ,5,synth,train
syn_000459_ingwaRauh_ᛁᚾᚷᚹᚨᛉᚨᚢᚺ.png,,459,ingwaRauh,ᛁᚾᚷᚹᚨᛉᚨᚢᚺ,9,synth,test
syn_000459_pdngim_ᛈᛞᚾᚷᛁᛗ.png,,459,pdngim,ᛈᛞᚾᚷᛁᛗ,6,synth,train
syn_000460_smjhiŋRþowRrrRbdb_ᛊᛗᛃᚺᛁᛜᛉᚦᛟᚹᛉᚱᚱᛉᛒᛞᛒ.png,,460,smjhiŋRþowRrrRbdb,ᛊᛗᛃᚺᛁᛜᛉᚦᛟᚹᛉᚱᚱᛉᛒᛞᛒ,17,synth,train
syn_000460_wtþrpdhdswh_ᚹᛏᚦᚱᛈᛞᚺᛞᛊᚹᚺ.png,,460,wtþrpdhdswh,ᚹᛏᚦᚱᛈᛞᚺᛞᛊᚹᚺ,11,synth,train
syn_000460_þoihugoh_ᚦᛟᛁᚺᚢᚷᛟᚺ.png,,460,þoihugoh,ᚦᛟᛁᚺᚢᚷᛟᚺ,8,synth,train
syn_000461_aluïhw_ᚨᛚᚢᛇᚺᚹ.png,,461,aluïhw,ᚨᛚᚢᛇᚺᚹ,6,synth,train
syn_000461_dRemiwawmulndj_ᛞᛉᛖᛗᛁᚹᚨᚹᛗᚢᛚᚾᛞᛃ.png,,461,dRemiwawmulndj,ᛞᛉᛖᛗᛁᚹᚨᚹᛗᚢᛚᚾᛞᛃ,14,synth,train
syn_000461_iakRŋbŋRtþþww_ᛁᚨᚲᛉᛜᛒᛜᛉᛏᚦᚦᚹᚹ.png,,461,iakRŋbŋRtþþww,ᛁᚨᚲᛉᛜᛒᛜᛉᛏᚦᚦᚹᚹ,13,synth,train
syn_000462_alu_ᚨᛚᚢ.png,,462,alu,ᚨᛚᚢ,3,synth,test
syn_000462_tiwaR_ᛏᛁᚹᚨᛉ.png,,462,tiwaR,ᛏᛁᚹᚨᛉ,5,synth,test
syn_000462_þaïnifmknþlmŋw_ᚦᚨᛇᚾᛁᚠᛗᚲᚾᚦᛚᛗᛜᚹ.png,,462,þaïnifmknþlmŋw,ᚦᚨᛇᚾᛁᚠᛗᚲᚾᚦᛚᛗᛜᚹ,14,synth,val
syn_000463_htggmufdtweks_ᚺᛏᚷᚷᛗᚢᚠᛞᛏᚹᛖᚲᛊ.png,,463,htggmufdtweks,ᚺᛏᚷᚷᛗᚢᚠᛞᛏᚹᛖᚲᛊ,13,synth,train
syn_000463_lsowe_ᛚᛊᛟᚹᛖ.png,,463,lsowe,ᛚᛊᛟᚹᛖ,5,synth,train
syn_000463_mjpsajjolle_ᛗᛃᛈᛊᚨᛃᛃᛟᛚᛚᛖ.png,,463,mjpsajjolle,ᛗᛃᛈᛊᚨᛃᛃᛟᛚᛚᛖ,11,synth,train
syn_000464_gïedkïRberfbu_ᚷᛇᛖᛞᚲᛇᛉᛒᛖᚱᚠᛒᚢ.png,,464,gïedkïRberfbu,ᚷᛇᛖᛞᚲᛇᛉᛒᛖᚱᚠᛒᚢ,13,synth,test
syn_000464_laukáR_ᛚᚨᚢᚲᚨᛉ.png,,464,laukáR,ᛚᚨᚢᚲᚨᛉ,6,synth,train
syn_000464_þbþRomïwfkkt_ᚦᛒᚦᛉᛟᛗᛇᚹᚠᚲᚲᛏ.png,,464,þbþRomïwfkkt,ᚦᛒᚦᛉᛟᛗᛇᚹᚠᚲᚲᛏ,12,synth,train
syn_000465_ingwaR_ᛁᚾᚷᚹᚨᛉ.png,,465,ingwaR,ᛁᚾᚷᚹᚨᛉ,6,synth,train
syn_000465_lmahsgatpfkgïd_ᛚᛗᚨᚺᛊᚷᚨᛏᛈᚠᚲᚷᛇᛞ.png,,465,lmahsgatpfkgïd,ᛚᛗᚨᚺᛊᚷᚨᛏᛈᚠᚲᚷᛇᛞ,14,synth,test
syn_000465_nmdjïoRrlhiki_ᚾᛗᛞᛃᛇᛟᛉᚱᛚᚺᛁᚲᛁ.png,,465,nmdjïoRrlhiki,ᚾᛗᛞᛃᛇᛟᛉᚱᛚᚺᛁᚲᛁ,13,synth,test
syn_000466_hRRjtþRRhjgdlw_ᚺᛉᛉᛃᛏᚦᛉᛉᚺᛃᚷᛞᛚᚹ.png,,466,hRRjtþRRhjgdlw,ᚺᛉᛉᛃᛏᚦᛉᛉᚺᛃᚷᛞᛚᚹ,14,synth,train
syn_000466_laukáRpjb_ᛚᚨᚢᚲᚨᛉᛈᛃᛒ.png,,466,laukáRpjb,ᛚᚨᚢᚲᚨᛉᛈᛃᛒ,9,synth,train
syn_000466_rownup_ᚱᛟᚹᚾᚢᛈ.png,,466,rownup,ᚱᛟᚹᚾᚢᛈ,6,synth,train
syn_000467_RebktuunoRkisr_ᛉᛖᛒᚲᛏᚢᚢᚾᛟᛉᚲᛁᛊᚱ.png,,467,RebktuunoRkisr,ᛉᛖᛒᚲᛏᚢᚢᚾᛟᛉᚲᛁᛊᚱ,14,synth,train
syn_000467_ttbnpRorgwjihm_ᛏᛏᛒᚾᛈᛉᛟᚱᚷᚹᛃᛁᚺᛗ.png,,467,ttbnpRorgwjihm,ᛏᛏᛒᚾᛈᛉᛟᚱᚷᚹᛃᛁᚺᛗ,14,synth,train
syn_000467_ŋidRituoakmþtnrap_ᛜᛁᛞᛉᛁᛏᚢᛟᚨᚲᛗᚦᛏᚾᚱᚨᛈ.png,,467,ŋidRituoakmþtnrap,ᛜᛁᛞᛉᛁᛏᚢᛟᚨᚲᛗᚦᛏᚾᚱᚨᛈ,17,synth,train
syn_000468_ggwuasgR_ᚷᚷᚹᚢᚨᛊᚷᛉ.png,,468,ggwuasgR,ᚷᚷᚹᚢᚨᛊᚷᛉ,8,synth,train
syn_000468_nRlhjdŋlRtdïdþppgs_ᚾᛉᛚᚺᛃᛞᛜᛚᛉᛏᛞᛇᛞᚦᛈᛈᚷᛊ.png,,468,nRlhjdŋlRtdïdþppgs,ᚾᛉᛚᚺᛃᛞᛜᛚᛉᛏᛞᛇᛞᚦᛈᛈᚷᛊ,18,synth,test
syn_000468_publjïþgth_ᛈᚢᛒᛚᛃᛇᚦᚷᛏᚺ.png,,468,publjïþgth,ᛈᚢᛒᛚᛃᛇᚦᚷᛏᚺ,10,synth,train
syn_000469_kopfþoþgjkþlnmd_ᚲᛟᛈᚠᚦᛟᚦᚷᛃᚲᚦᛚᚾᛗᛞ.png,,469,kopfþoþgjkþlnmd,ᚲᛟᛈᚠᚦᛟᚦᚷᛃᚲᚦᛚᚾᛗᛞ,15,synth,train
syn_000469_laukáR_ᛚᚨᚢᚲᚨᛉ.png,,469,laukáR,ᛚᚨᚢᚲᚨᛉ,6,synth,train
syn_000469_mesïwlh_ᛗᛖᛊᛇᚹᛚᚺ.png,,469,mesïwlh,ᛗᛖᛊᛇᚹᛚᚺ,7,synth,train
syn_000470_RkfeRRdsj_ᛉᚲᚠᛖᛉᛉᛞᛊᛃ.png,,470,RkfeRRdsj,ᛉᚲᚠᛖᛉᛉᛞᛊᛃ,9,synth,train
syn_000470_fhwhajbkdnapu_ᚠᚺᚹᚺᚨᛃᛒᚲᛞᚾᚨᛈᚢ.png,,470,fhwhajbkdnapu,ᚠᚺᚹᚺᚨᛃᛒᚲᛞᚾᚨᛈᚢ,13,synth,train
syn_000470_pddmordgsmþr_ᛈᛞᛞᛗᛟᚱᛞᚷᛊᛗᚦᚱ.png,,470,pddmordgsmþr,ᛈᛞᛞᛗᛟᚱᛞᚷᛊᛗᚦᚱ,12,synth,train
syn_000471_alu_ᚨᛚᚢ.png,,471,alu,ᚨᛚᚢ,3,synth,test
syn_000471_ingwaR_ᛁᚾᚷᚹᚨᛉ.png,,471,ingwaR,ᛁᚾᚷᚹᚨᛉ,6,synth,train
syn_000472_iwsiþhþnlplþbbw_ᛁᚹᛊᛁᚦᚺᚦᚾᛚᛈᛚᚦᛒᛒᚹ.png,,472,iwsiþhþnlplþbbw,ᛁᚹᛊᛁᚦᚺᚦᚾᛚᛈᛚᚦᛒᛒᚹ,15,synth,train
syn_000472_nmbulpþmttnpŋ_ᚾᛗᛒᚢᛚᛈᚦᛗᛏᛏᚾᛈᛜ.png,,472,nmbulpþmttnpŋ,ᚾᛗᛒᚢᛚᛈᚦᛗᛏᛏᚾᛈᛜ,13,synth,train
syn_000472_stajomu_ᛊᛏᚨᛃᛟᛗᚢ.png,,472,stajomu,ᛊᛏᚨᛃᛟᛗᚢ,7,synth,train
syn_000473_alun_ᚨᛚᚢᚾ.png,,473,alun,ᚨᛚᚢᚾ,4,synth,train
syn_000473_tiwaRi_ᛏᛁᚹᚨᛉᛁ.png,,473,tiwaRi,ᛏᛁᚹᚨᛉᛁ,6,synth,train
syn_000473_wwjtmfeï_ᚹᚹᛃᛏᛗᚠᛖᛇ.png,,473,wwjtmfeï,ᚹᚹᛃᛏᛗᚠᛖᛇ,8,synth,train
syn_000474_deRfeŋ_ᛞᛖᛉᚠᛖᛜ.png,,474,deRfeŋ,ᛞᛖᛉᚠᛖᛜ,6,synth,train
syn_000474_ïlwkiordnwnplurRt_ᛇᛚᚹᚲᛁᛟᚱᛞᚾᚹᚾᛈᛚᚢᚱᛉᛏ.png,,474,ïlwkiordnwnplurRt,ᛇᛚᚹᚲᛁᛟᚱᛞᚾᚹᚾᛈᛚᚢᚱᛉᛏ,17,synth,train
syn_000474_laukáR_ᛚᚨᚢᚲᚨᛉ.png,,474,laukáR,ᛚᚨᚢᚲᚨᛉ,6,synth,train
syn_000475_bappŋþlkpw_ᛒᚨᛈᛈᛜᚦᛚᚲᛈᚹ.png,,475,bappŋþlkpw,ᛒᚨᛈᛈᛜᚦᛚᚲᛈᚹ,10,synth,train
syn_000475_tiwaR_ᛏᛁᚹᚨᛉ.png,,475,tiwaR,ᛏᛁᚹᚨᛉ,5,synth,test
syn_000475_tŋŋwbrþiwstr_ᛏᛜᛜᚹᛒᚱᚦᛁᚹᛊᛏᚱ.png,,475,tŋŋwbrþiwstr,ᛏᛜᛜᚹᛒᚱᚦᛁᚹᛊᛏᚱ,12,synth,train
syn_000475_þffnaguis_ᚦᚠᚠᚾᚨᚷᚢᛁᛊ.png,,475,þffnaguis,ᚦᚠᚠᚾᚨᚷᚢᛁᛊ,9,synth,train
syn_000476_bkhsRjogtdk_ᛒᚲᚺᛊᛉᛃᛟᚷᛏᛞᚲ.png,,476,bkhsRjogtdk,ᛒᚲᚺᛊᛉᛃᛟᚷᛏᛞᚲ,11,synth,train
syn_000476_gljidbdo_ᚷᛚᛃᛁᛞᛒᛞᛟ.png,,476,gljidbdo,ᚷᛚᛃᛁᛞᛒᛞᛟ,8,synth,train
syn_000476_laukáR_ᛚᚨᚢᚲᚨᛉ.png,,476,laukáR,ᛚᚨᚢᚲᚨᛉ,6,synth,train
syn_000476_mmggïhemwlRmoh_ᛗᛗᚷᚷᛇᚺᛖᛗᚹᛚᛉᛗᛟᚺ.png,,476,mmggïhemwlRmoh,ᛗᛗᚷᚷᛇᚺᛖᛗᚹᛚᛉᛗᛟᚺ,14,synth,val
syn_000477_dnfþRïdïimRþh_ᛞᚾᚠᚦᛉᛇᛞᛇᛁᛗᛉᚦᚺ.png,,477,dnfþRïdïimRþh,ᛞᚾᚠᚦᛉᛇᛞᛇᛁᛗᛉᚦᚺ,13,synth,train
syn_000477_nghhjfbjuu_ᚾᚷᚺᚺᛃᚠᛒᛃᚢᚢ.png,,477,nghhjfbjuu,ᚾᚷᚺᚺᛃᚠᛒᛃᚢᚢ,10,synth,train
syn_000477_tiwaR_ᛏᛁᚹᚨᛉ.png,,477,tiwaR,ᛏᛁᚹᚨᛉ,5,synth,test
syn_000477_twpnjnwdtmd_ᛏᚹᛈᚾᛃᚾᚹᛞᛏᛗᛞ.png,,477,twpnjnwdtmd,ᛏᚹᛈᚾᛃᚾᚹᛞᛏᛗᛞ,11,synth,train
syn_000478_fuþark_ᚠᚢᚦᚨᚱᚲ.png,,478,fuþark,ᚠᚢᚦᚨᚱᚲ,6,synth,train
syn_000478_ingwaRþl_ᛁᚾᚷᚹᚨᛉᚦᛚ.png,,478,ingwaRþl,ᛁᚾᚷᚹᚨᛉᚦᛚ,8,synth,train
syn_000478_tiwaR_ᛏᛁᚹᚨᛉ.png,,478,tiwaR,ᛏᛁᚹᚨᛉ,5,synth,test
syn_000478_tuobkŋwŋ_ᛏᚢᛟᛒᚲᛜᚹᛜ.png,,478,tuobkŋwŋ,ᛏᚢᛟᛒᚲᛜᚹᛜ,8,synth,train
syn_000479_adŋrabhm_ᚨᛞᛜᚱᚨᛒᚺᛗ.png,,479,adŋrabhm,ᚨᛞᛜᚱᚨᛒᚺᛗ,8,synth,train
syn_000479_kïppgtdmggoepjRs_ᚲᛇᛈᛈᚷᛏᛞᛗᚷᚷᛟᛖᛈᛃᛉᛊ.png,,479,kïppgtdmggoepjRs,ᚲᛇᛈᛈᚷᛏᛞᛗᚷᚷᛟᛖᛈᛃᛉᛊ,16,synth,train
syn_000479_mmkeþapd_ᛗᛗᚲᛖᚦᚨᛈᛞ.png,,479,mmkeþapd,ᛗᛗᚲᛖᚦᚨᛈᛞ,8,synth,val
syn_000479_tfminupn_ᛏᚠᛗᛁᚾᚢᛈᚾ.png,,479,tfminupn,ᛏᚠᛗᛁᚾᚢᛈᚾ,8,synth,train
syn_000480_alu_ᚨᛚᚢ.png,,480,alu,ᚨᛚᚢ,3,synth,test
syn_000480_dnauRlrf_ᛞᚾᚨᚢᛉᛚᚱᚠ.png,,480,dnauRlrf,ᛞᚾᚨᚢᛉᛚᚱᚠ,8,synth,train
syn_000480_dsïïiþmfholþ_ᛞᛊᛇᛇᛁᚦᛗᚠᚺᛟᛚᚦ.png,,480,dsïïiþmfholþ,ᛞᛊᛇᛇᛁᚦᛗᚠᚺᛟᛚᚦ,12,synth,train
syn_000480_ïudjrdft_ᛇᚢᛞᛃᚱᛞᚠᛏ.png,,480,ïudjrdft,ᛇᚢᛞᛃᚱᛞᚠᛏ,8,synth,train
syn_000481_abwmafhirmii_ᚨᛒᚹᛗᚨᚠᚺᛁᚱᛗᛁᛁ.png,,481,abwmafhirmii,ᚨᛒᚹᛗᚨᚠᚺᛁᚱᛗᛁᛁ,12,synth,train
syn_000481_joilRnfeuïReg_ᛃᛟᛁᛚᛉᚾᚠᛖᚢᛇᛉᛖᚷ.png,,481,joilRnfeuïReg,ᛃᛟᛁᛚᛉᚾᚠᛖᚢᛇᛉᛖᚷ,13,synth,train
syn_000481_wrweRmrooïi_ᚹᚱᚹᛖᛉᛗᚱᛟᛟᛇᛁ.png,,481,wrweRmrooïi,ᚹᚱᚹᛖᛉᛗᚱᛟᛟᛇᛁ,11,synth,train
syn_000481_ŋuïŋofRe_ᛜᚢᛇᛜᛟᚠᛉᛖ.png,,481,ŋuïŋofRe,ᛜᚢᛇᛜᛟᚠᛉᛖ,8,synth,train
syn_000482_fdjgRkwswotuao_ᚠᛞᛃᚷᛉᚲᚹᛊᚹᛟᛏᚢᚨᛟ.png,,482,fdjgRkwswotuao,ᚠᛞᛃᚷᛉᚲᚹᛊᚹᛟᛏᚢᚨᛟ,14,synth,train
syn_000482_nmpnrRdibknldoRh_ᚾᛗᛈᚾᚱᛉᛞᛁᛒᚲᚾᛚᛞᛟᛉᚺ.png,,482,nmpnrRdibknldoRh,ᚾᛗᛈᚾᚱᛉᛞᛁᛒᚲᚾᛚᛞᛟᛉᚺ,16,synth,train
syn_000482_onmlþtdkspfr_ᛟᚾᛗᛚᚦᛏᛞᚲᛊᛈᚠᚱ.png,,482,onmlþtdkspfr,ᛟᚾᛗᛚᚦᛏᛞᚲᛊᛈᚠᚱ,12,synth,train
syn_000482_tiwaR_ᛏᛁᚹᚨᛉ.png,,482,tiwaR,ᛏᛁᚹᚨᛉ,5,synth,test
syn_000483_Rpŋŋŋnlbnohbwm_ᛉᛈᛜᛜᛜᚾᛚᛒᚾᛟᚺᛒᚹᛗ.png,,483,Rpŋŋŋnlbnohbwm,ᛉᛈᛜᛜᛜᚾᛚᛒᚾᛟᚺᛒᚹᛗ,14,synth,train
syn_000483_afjþnmahre_ᚨᚠᛃᚦᚾᛗᚨᚺᚱᛖ.png,,483,afjþnmahre,ᚨᚠᛃᚦᚾᛗᚨᚺᚱᛖ,10,synth,train
syn_000483_inbshïŋpaaahiRŋ_ᛁᚾᛒᛊᚺᛇᛜᛈᚨᚨᚨᚺᛁᛉᛜ.png,,483,inbshïŋpaaahiRŋ,ᛁᚾᛒᛊᚺᛇᛜᛈᚨᚨᚨᚺᛁᛉᛜ,15,synth,train
syn_000483_tiwaRs_ᛏᛁᚹᚨᛉᛊ.png,,483,tiwaRs,ᛏᛁᚹᚨᛉᛊ,6,synth,train
syn_000484_mpRmRŋwlRl_ᛗᛈᛉᛗᛉᛜᚹᛚᛉᛚ.png,,484,mpRmRŋwlRl,ᛗᛈᛉᛗᛉᛜᚹᛚᛉᛚ,10,synth,train
syn_000484_tiwaR_ᛏᛁᚹᚨᛉ.png,,484,tiwaR,ᛏᛁᚹᚨᛉ,5,synth,test
syn_000484_wehlfsRsh_ᚹᛖᚺᛚᚠᛊᛉᛊᚺ.png,,484,wehlfsRsh,ᚹᛖᚺᛚᚠᛊᛉᛊᚺ,9,synth,train
syn_000484_ŋþkþiwïlnke_ᛜᚦᚲᚦᛁᚹᛇᛚᚾᚲᛖ.png,,484,ŋþkþiwïlnke,ᛜᚦᚲᚦᛁᚹᛇᛚᚾᚲᛖ,11,synth,train
syn_000485_bReseoR_ᛒᛉᛖᛊᛖᛟᛉ.png,,485,bReseoR,ᛒᛉᛖᛊᛖᛟᛉ,7,synth,train
syn_000485_badtslrndrþlobï_ᛒᚨᛞᛏᛊᛚᚱᚾᛞᚱᚦᛚᛟᛒᛇ.png,,485,badtslrndrþlobï,ᛒᚨᛞᛏᛊᛚᚱᚾᛞᚱᚦᛚᛟᛒᛇ,15,synth,train
syn_000485_lhhuŋmoïa_ᛚᚺᚺᚢᛜᛗᛟᛇᚨ.png,,485,lhhuŋmoïa,ᛚᚺᚺᚢᛜᛗᛟᛇᚨ,9,synth,train
syn_000485_sjkebbdub_ᛊᛃᚲᛖᛒᛒᛞᚢᛒ.png,,485,sjkebbdub,ᛊᛃᚲᛖᛒᛒᛞᚢᛒ,9,synth,train
syn_000486_geRmkïbdïndmmdŋ_ᚷᛖᛉᛗᚲᛇᛒᛞᛇᚾᛞᛗᛗᛞᛜ.png,,486,geRmkïbdïndmmdŋ,ᚷᛖᛉᛗᚲᛇᛒᛞᛇᚾᛞᛗᛗᛞᛜ,15,synth,train
syn_000486_ingwaR_ᛁᚾᚷᚹᚨᛉ.png,,486,ingwaR,ᛁᚾᚷᚹᚨᛉ,6,synth,train
syn_000486_nljfsneïrf_ᚾᛚᛃᚠᛊᚾᛖᛇᚱᚠ.png,,486,nljfsneïrf,ᚾᛚᛃᚠᛊᚾᛖᛇᚱᚠ,10,synth,train
syn_000486_tiwaR_ᛏᛁᚹᚨᛉ.png,,486,tiwaR,ᛏᛁᚹᚨᛉ,5,synth,test
syn_000487_Roenprddph_ᛉᛟᛖᚾᛈᚱᛞᛞᛈᚺ.png,,487,Roenprddph,ᛉᛟᛖᚾᛈᚱᛞᛞᛈᚺ,10,synth,train
syn_000487_bdfdïumeRm_ᛒᛞᚠᛞᛇᚢᛗᛖᛉᛗ.png,,487,bdfdïumeRm,ᛒᛞᚠᛞᛇᚢᛗᛖᛉᛗ,10,synth,train
syn_000487_fuþark_ᚠᚢᚦᚨᚱᚲ.png,,487,fuþark,ᚠᚢᚦᚨᚱᚲ,6,synth,train
syn_000487_paaþp_ᛈᚨᚨᚦᛈ.png,,487,paaþp,ᛈᚨᚨᚦᛈ,5,synth,train
syn_000488_rhefdmsrthoh_ᚱᚺᛖᚠᛞᛗᛊᚱᛏᚺᛟᚺ.png,,488,rhefdmsrthoh,ᚱᚺᛖᚠᛞᛗᛊᚱᛏᚺᛟᚺ,12,synth,train
syn_000488_smfedŋ_ᛊᛗᚠᛖᛞᛜ.png,,488,smfedŋ,ᛊᛗᚠᛖᛞᛜ,6,synth,train
syn_000488_þbieglowbŋjþnlsŋp_ᚦᛒᛁᛖᚷᛚᛟᚹᛒᛜᛃᚦᚾᛚᛊᛜᛈ.png,,488,þbieglowbŋjþnlsŋp,ᚦᛒᛁᛖᚷᛚᛟᚹᛒᛜᛃᚦᚾᛚᛊᛜᛈ,17,synth,train
syn_000488_ŋpdaaugþghjelg_ᛜᛈᛞᚨᚨᚢᚷᚦᚷᚺᛃᛖᛚᚷ.png,,488,ŋpdaaugþghjelg,ᛜᛈᛞᚨᚨᚢᚷᚦᚷᚺᛃᛖᛚᚷ,14,synth,train
syn_000489_Rklffŋiwf_ᛉᚲᛚᚠᚠᛜᛁᚹᚠ.png,,489,Rklffŋiwf,ᛉᚲᛚᚠᚠᛜᛁᚹᚠ,9,synth,val
syn_000489_fhewlmitpwïrh_ᚠᚺᛖᚹᛚᛗᛁᛏᛈᚹᛇᚱᚺ.png,,489,fhewlmitpwïrh,ᚠᚺᛖᚹᛚᛗᛁᛏᛈᚹᛇᚱᚺ,13,synth,train
syn_000489_uobþbRþrjfŋlg_ᚢᛟᛒᚦᛒᛉᚦᚱᛃᚠᛜᛚᚷ.png,,489,uobþbRþrjfŋlg,ᚢᛟᛒᚦᛒᛉᚦᚱᛃᚠᛜᛚᚷ,13,synth,train
syn_000489_ŋrjRultlRehuŋ_ᛜᚱᛃᛉᚢᛚᛏᛚᛉᛖᚺᚢᛜ.png,,489,ŋrjRultlRehuŋ,ᛜᚱᛃᛉᚢᛚᛏᛚᛉᛖᚺᚢᛜ,13,synth,train
syn_000490_eksb_ᛖᚲᛊᛒ.png,,490,eksb,ᛖᚲᛊᛒ,4,synth,train
syn_000490_geïRwþnþaaaua_ᚷᛖᛇᛉᚹᚦᚾᚦᚨᚨᚨᚢᚨ.png,,490,geïRwþnþaaaua,ᚷᛖᛇᛉᚹᚦᚾᚦᚨᚨᚨᚢᚨ,13,synth,train
syn_000490_ianrwjhaaïaokslkf_ᛁᚨᚾᚱᚹᛃᚺᚨᚨᛇᚨᛟᚲᛊᛚᚲᚠ.png,,490,ianrwjhaaïaokslkf,ᛁᚨᚾᚱᚹᛃᚺᚨᚨᛇᚨᛟᚲᛊᛚᚲᚠ,17,synth,train
syn_000490_wlhupnrk_ᚹᛚᚺᚢᛈᚾᚱᚲ.png,,490,wlhupnrk,ᚹᛚᚺᚢᛈᚾᚱᚲ,8,synth,train
syn_000491_fsmmadïs_ᚠᛊᛗᛗᚨᛞᛇᛊ.png,,491,fsmmadïs,ᚠᛊᛗᛗᚨᛞᛇᛊ,8,synth,train
syn_000491_imhnRooiïmŋrbwaboj_ᛁᛗᚺᚾᛉᛟᛟᛁᛇᛗᛜᚱᛒᚹᚨᛒᛟᛃ.png,,491,imhnRooiïmŋrbwaboj,ᛁᛗᚺᚾᛉᛟᛟᛁᛇᛗᛜᚱᛒᚹᚨᛒᛟᛃ,18,synth,val
syn_000491_jafRdŋi_ᛃᚨᚠᛉᛞᛜᛁ.png,,491,jafRdŋi,ᛃᚨᚠᛉᛞᛜᛁ,7,synth,train
syn_000491_laukáR_ᛚᚨᚢᚲᚨᛉ.png,,491,laukáR,ᛚᚨᚢᚲᚨᛉ,6,synth,train
syn_000492_alu_ᚨᛚᚢ.png,,492,alu,ᚨᛚᚢ,3,synth,test
syn_000492_bdtlpRgdpsrthg_ᛒᛞᛏᛚᛈᛉᚷᛞᛈᛊᚱᛏᚺᚷ.png,,492,bdtlpRgdpsrthg,ᛒᛞᛏᛚᛈᛉᚷᛞᛈᛊᚱᛏᚺᚷ,14,synth,train
syn_000492_ïkngwnurjg_ᛇᚲᚾᚷᚹᚾᚢᚱᛃᚷ.png,,492,ïkngwnurjg,ᛇᚲᚾᚷᚹᚾᚢᚱᛃᚷ,10,synth,train
syn_000492_sipgfmmknŋhþpj_ᛊᛁᛈᚷᚠᛗᛗᚲᚾᛜᚺᚦᛈᛃ.png,,492,sipgfmmknŋhþpj,ᛊᛁᛈᚷᚠᛗᛗᚲᚾᛜᚺᚦᛈᛃ,14,synth,train
syn_000493_ek_ᛖᚲ.png,,493,ek,ᛖᚲ,2,synth,train
syn_000493_hhŋsanaoni_ᚺᚺᛜᛊᚨᚾᚨᛟᚾᛁ.png,,493,hhŋsanaoni,ᚺᚺᛜᛊᚨᚾᚨᛟᚾᛁ,10,synth,train
syn_000493_ingwaR_ᛁᚾᚷᚹᚨᛉ.png,,493,ingwaR,ᛁᚾᚷᚹᚨᛉ,6,synth,train
syn_000493_rŋekmdnkt_ᚱᛜᛖᚲᛗᛞᚾᚲᛏ.png,,493,rŋekmdnkt,ᚱᛜᛖᚲᛗᛞᚾᚲᛏ,9,synth,train
syn_000494_alu_ᚨᛚᚢ.png,,494,alu,ᚨᛚᚢ,3,synth,test
syn_000494_lkbtadktkn_ᛚᚲᛒᛏᚨᛞᚲᛏᚲᚾ.png,,494,lkbtadktkn,ᛚᚲᛒᛏᚨᛞᚲᛏᚲᚾ,10,synth,train
syn_000494_tiwaRd_ᛏᛁᚹᚨᛉᛞ.png,,494,tiwaRd,ᛏᛁᚹᚨᛉᛞ,6,synth,train
syn_000494_wnrlfot_ᚹᚾᚱᛚᚠᛟᛏ.png,,494,wnrlfot,ᚹᚾᚱᛚᚠᛟᛏ,7,synth,train
syn_000495_apskdnfmjRuoar_ᚨᛈᛊᚲᛞᚾᚠᛗᛃᛉᚢᛟᚨᚱ.png,,495,apskdnfmjRuoar,ᚨᛈᛊᚲᛞᚾᚠᛗᛃᛉᚢᛟᚨᚱ,14,synth,train
syn_000495_fuþark_ᚠᚢᚦᚨᚱᚲ.png,,495,fuþark,ᚠᚢᚦᚨᚱᚲ,6,synth,train
syn_000495_jrrpibbdt_ᛃᚱᚱᛈᛁᛒᛒᛞᛏ.png,,495,jrrpibbdt,ᛃᚱᚱᛈᛁᛒᛒᛞᛏ,9,synth,train
syn_000495_ojwbope_ᛟᛃᚹᛒᛟᛈᛖ.png,,495,ojwbope,ᛟᛃᚹᛒᛟᛈᛖ,7,synth,train
syn_000496_ek_ᛖᚲ.png,,496,ek,ᛖᚲ,2,synth,train
syn_000496_ihnad_ᛁᚺᚾᚨᛞ.png,,496,ihnad,ᛁᚺᚾᚨᛞ,5,synth,train
syn_000496_mrþmfwke_ᛗᚱᚦᛗᚠᚹᚲᛖ.png,,496,mrþmfwke,ᛗᚱᚦᛗᚠᚹᚲᛖ,8,synth,train
syn_000496_srrthsbsRhjsRr_ᛊᚱᚱᛏᚺᛊᛒᛊᛉᚺᛃᛊᛉᚱ.png,,496,srrthsbsRhjsRr,ᛊᚱᚱᛏᚺᛊᛒᛊᛉᚺᛃᛊᛉᚱ,14,synth,train
syn_000497_awïahdajhe_ᚨᚹᛇᚨᚺᛞᚨᛃᚺᛖ.png,,497,awïahdajhe,ᚨᚹᛇᚨᚺᛞᚨᛃᚺᛖ,10,synth,train
syn_000497_ofjpmuRpml_ᛟᚠᛃᛈᛗᚢᛉᛈᛗᛚ.png,,497,ofjpmuRpml,ᛟᚠᛃᛈᛗᚢᛉᛈᛗᛚ,10,synth,train
syn_000497_tiwaR_ᛏᛁᚹᚨᛉ.png,,497,tiwaR,ᛏᛁᚹᚨᛉ,5,synth,test
syn_000497_þejndwdRïþŋïoŋf_ᚦᛖᛃᚾᛞᚹᛞᛉᛇᚦᛜᛇᛟᛜᚠ.png,,497,þejndwdRïþŋïoŋf,ᚦᛖᛃᚾᛞᚹᛞᛉᛇᚦᛜᛇᛟᛜᚠ,15,synth,train
syn_000498_dtpkïehuieg_ᛞᛏᛈᚲᛇᛖᚺᚢᛁᛖᚷ.png,,498,dtpkïehuieg,ᛞᛏᛈᚲᛇᛖᚺᚢᛁᛖᚷ,11,synth,train
syn_000498_laukáR_ᛚᚨᚢᚲᚨᛉ.png,,498,laukáR,ᛚᚨᚢᚲᚨᛉ,6,synth,train
syn_000498_nRrgfï_ᚾᛉᚱᚷᚠᛇ.png,,498,nRrgfï,ᚾᛉᚱᚷᚠᛇ,6,synth,train
syn_000498_sapfrijtnt_ᛊᚨᛈᚠᚱᛁᛃᛏᚾᛏ.png,,498,sapfrijtnt,ᛊᚨᛈᚠᚱᛁᛃᛏᚾᛏ,10,synth,train
syn_000499_aþkdmmwlagf_ᚨᚦᚲᛞᛗᛗᚹᛚᚨᚷᚠ.png,,499,aþkdmmwlagf,ᚨᚦᚲᛞᛗᛗᚹᛚᚨᚷᚠ,11,synth,train
syn_000499_iaaounlwegewnm_ᛁᚨᚨᛟᚢᚾᛚᚹᛖᚷᛖᚹᚾᛗ.png,,499,iaaounlwegewnm,ᛁᚨᚨᛟᚢᚾᛚᚹᛖᚷᛖᚹᚾᛗ,14,synth,train
syn_000499_laukáR_ᛚᚨᚢᚲᚨᛉ.png,,499,laukáR,ᛚᚨᚢᚲᚨᛉ,6,synth,train
syn_000500_aRshhpgaþnp_ᚨᛉᛊᚺᚺᛈᚷᚨᚦᚾᛈ.png,,500,aRshhpgaþnp,ᚨᛉᛊᚺᚺᛈᚷᚨᚦᚾᛈ,11,synth,train
syn_000500_ïeþom_ᛇᛖᚦᛟᛗ.png,,500,ïeþom,ᛇᛖᚦᛟᛗ,5,synth,train
syn_000500_laukáRd_ᛚᚨᚢᚲᚨᛉᛞ.png,,500,laukáRd,ᛚᚨᚢᚲᚨᛉᛞ,7,synth,train
syn_000501_jdwsuwi_ᛃᛞᚹᛊᚢᚹᛁ.png,,501,jdwsuwi,ᛃᛞᚹᛊᚢᚹᛁ,7,synth,train
syn_000501_tiwaR_ᛏᛁᚹᚨᛉ.png,,501,tiwaR,ᛏᛁᚹᚨᛉ,5,synth,test
syn_000501_ŋþnïïidt_ᛜᚦᚾᛇᛇᛁᛞᛏ.png,,501,ŋþnïïidt,ᛜᚦᚾᛇᛇᛁᛞᛏ,8,synth,train
syn_000502_awsïashukmdlh_ᚨᚹᛊᛇᚨᛊᚺᚢᚲᛗᛞᛚᚺ.png,,502,awsïashukmdlh,ᚨᚹᛊᛇᚨᛊᚺᚢᚲᛗᛞᛚᚺ,13,synth,train
syn_000502_ingwaR_ᛁᚾᚷᚹᚨᛉ.png,,502,ingwaR,ᛁᚾᚷᚹᚨᛉ,6,synth,train
syn_000502_lkŋolmau_ᛚᚲᛜᛟᛚᛗᚨᚢ.png,,502,lkŋolmau,ᛚᚲᛜᛟᛚᛗᚨᚢ,8,synth,train
syn_000503_eeafŋwrgiplfgfRb_ᛖᛖᚨᚠᛜᚹᚱᚷᛁᛈᛚᚠᚷᚠᛉᛒ.png,,503,eeafŋwrgiplfgfRb,ᛖᛖᚨᚠᛜᚹᚱᚷᛁᛈᛚᚠᚷᚠᛉᛒ,16,synth,train
syn_000503_uirRiak_ᚢᛁᚱᛉᛁᚨᚲ.png,,503,uirRiak,ᚢᛁᚱᛉᛁᚨᚲ,7,synth,train
syn_000503_ŋesepomphgobw_ᛜᛖᛊᛖᛈᛟᛗᛈᚺᚷᛟᛒᚹ.png,,503,ŋesepomphgobw,ᛜᛖᛊᛖᛈᛟᛗᛈᚺᚷᛟᛒᚹ,13,synth,train
syn_000504_ek_ᛖᚲ.png,,504,ek,ᛖᚲ,2,synth,train
syn_000504_iïbusþrŋmikjww_ᛁᛇᛒᚢᛊᚦᚱᛜᛗᛁᚲᛃᚹᚹ.png,,504,iïbusþrŋmikjww,ᛁᛇᛒᚢᛊᚦᚱᛜᛗᛁᚲᛃᚹᚹ,14,synth,train
syn_000504_sRtgigfjïn_ᛊᛉᛏᚷᛁᚷᚠᛃᛇᚾ.png,,504,sRtgigfjïn,ᛊᛉᛏᚷᛁᚷᚠᛃᛇᚾ,10,synth,train
syn_000505_douekgntpmïþ_ᛞᛟᚢᛖᚲᚷᚾᛏᛈᛗᛇᚦ.png,,505,douekgntpmïþ,ᛞᛟᚢᛖᚲᚷᚾᛏᛈᛗᛇᚦ,12,synth,train
syn_000505_ingwaR_ᛁᚾᚷᚹᚨᛉ.png,,505,ingwaR,ᛁᚾᚷᚹᚨᛉ,6,synth,train
syn_000505_jpemkgb_ᛃᛈᛖᛗᚲᚷᛒ.png,,505,jpemkgb,ᛃᛈᛖᛗᚲᚷᛒ,7,synth,train
syn_000506_jbhkgrpþ_ᛃᛒᚺᚲᚷᚱᛈᚦ.png,,506,jbhkgrpþ,ᛃᛒᚺᚲᚷᚱᛈᚦ,8,synth,test
syn_000506_tndslfag_ᛏᚾᛞᛊᛚᚠᚨᚷ.png,,506,tndslfag,ᛏᚾᛞᛊᛚᚠᚨᚷ,8,synth,val
syn_000506_uktsuribjŋp_ᚢᚲᛏᛊᚢᚱᛁᛒᛃᛜᛈ.png,,506,uktsuribjŋp,ᚢᚲᛏᛊᚢᚱᛁᛒᛃᛜᛈ,11,synth,train
syn_000507_jkufbþRdnwgw_ᛃᚲᚢᚠᛒᚦᛉᛞᚾᚹᚷᚹ.png,,507,jkufbþRdnwgw,ᛃᚲᚢᚠᛒᚦᛉᛞᚾᚹᚷᚹ,12,synth,train
syn_000507_rþRonimRþrg_ᚱᚦᛉᛟᚾᛁᛗᛉᚦᚱᚷ.png,,507,rþRonimRþrg,ᚱᚦᛉᛟᚾᛁᛗᛉᚦᚱᚷ,11,synth,train
syn_000507_ttfjwbwŋbbeof_ᛏᛏᚠᛃᚹᛒᚹᛜᛒᛒᛖᛟᚠ.png,,507,ttfjwbwŋbbeof,ᛏᛏᚠᛃᚹᛒᚹᛜᛒᛒᛖᛟᚠ,13,synth,train
syn_000508_ek_ᛖᚲ.png,,508,ek,ᛖᚲ,2,synth,train
syn_000508_oniuŋïbwthtftïg_ᛟᚾᛁᚢᛜᛇᛒᚹᛏᚺᛏᚠᛏᛇᚷ.png,,508,oniuŋïbwthtftïg,ᛟᚾᛁᚢᛜᛇᛒᚹᛏᚺᛏᚠᛏᛇᚷ,15,synth,train
syn_000508_wwarþþ_ᚹᚹᚨᚱᚦᚦ.png,,508,wwarþþ,ᚹᚹᚨᚱᚦᚦ,6,synth,train
syn_000509_dddilïbþlhfkRlraRl_ᛞᛞᛞᛁᛚᛇᛒᚦᛚᚺᚠᚲᛉᛚᚱᚨᛉᛚ.png,,509,dddilïbþlhfkRlraRl,ᛞᛞᛞᛁᛚᛇᛒᚦᛚᚺᚠᚲᛉᛚᚱᚨᛉᛚ,18,synth,train
syn_000509_huadothRbabpïau_ᚺᚢᚨᛞᛟᛏᚺᛉᛒᚨᛒᛈᛇᚨᚢ.png,,509,huadothRbabpïau,ᚺᚢᚨᛞᛟᛏᚺᛉᛒᚨᛒᛈᛇᚨᚢ,15,synth,train
syn_000509_mmorppïamb_ᛗᛗᛟᚱᛈᛈᛇᚨᛗᛒ.png,,509,mmorppïamb,ᛗᛗᛟᚱᛈᛈᛇᚨᛗᛒ,10,synth,train
syn_000510_fuþarkmŋw_ᚠᚢᚦᚨᚱᚲᛗᛜᚹ.png,,510,fuþarkmŋw,ᚠᚢᚦᚨᚱᚲᛗᛜᚹ,9,synth,train
syn_000510_kŋeoerlRd_ᚲᛜᛖᛟᛖᚱᛚᛉᛞ.png,,510,kŋeoerlRd,ᚲᛜᛖᛟᛖᚱᛚᛉᛞ,9,synth,test
syn_000510_lpaoŋo_ᛚᛈᚨᛟᛜᛟ.png,,510,lpaoŋo,ᛚᛈᚨᛟᛜᛟ,6,synth,train
syn_000511_Rdhkuþŋigpl_ᛉᛞᚺᚲᚢᚦᛜᛁᚷᛈᛚ.png,,511,Rdhkuþŋigpl,ᛉᛞᚺᚲᚢᚦᛜᛁᚷᛈᛚ,11,synth,test
syn_000511_kokphjtshk_ᚲᛟᚲᛈᚺᛃᛏᛊᚺᚲ.png,,511,kokphjtshk,ᚲᛟᚲᛈᚺᛃᛏᛊᚺᚲ,10,synth,train
syn_000511_mmRdjfahhbbkat_ᛗᛗᛉᛞᛃᚠᚨᚺᚺᛒᛒᚲᚨᛏ.png,,511,mmRdjfahhbbkat,ᛗᛗᛉᛞᛃᚠᚨᚺᚺᛒᛒᚲᚨᛏ,14,synth,train
syn_000512_ftghbontnrimŋuwtït_ᚠᛏᚷᚺᛒᛟᚾᛏᚾᚱᛁᛗᛜᚢᚹᛏᛇᛏ.png,,512,ftghbontnrimŋuwtït,ᚠᛏᚷᚺᛒᛟᚾᛏᚾᚱᛁᛗᛜᚢᚹᛏᛇᛏ,18,synth,train
syn_000512_fuþarkmb_ᚠᚢᚦᚨᚱᚲᛗᛒ.png,,512,fuþarkmb,ᚠᚢᚦᚨᚱᚲᛗᛒ,8,synth,train
syn_000512_lemïirwgjŋmdss_ᛚᛖᛗᛇᛁᚱᚹᚷᛃᛜᛗᛞᛊᛊ.png,,512,lemïirwgjŋmdss,ᛚᛖᛗᛇᛁᚱᚹᚷᛃᛜᛗᛞᛊᛊ,14,synth,train
syn_000513_ek_ᛖᚲ.png,,513,ek,ᛖᚲ,2,synth,train
syn_000513_tdelmþilpgŋo_ᛏᛞᛖᛚᛗᚦᛁᛚᛈᚷᛜᛟ.png,,513,tdelmþilpgŋo,ᛏᛞᛖᛚᛗᚦᛁᛚᛈᚷᛜᛟ,12,synth,train
syn_000513_uRowmhmw_ᚢᛉᛟᚹᛗᚺᛗᚹ.png,,513,uRowmhmw,ᚢᛉᛟᚹᛗᚺᛗᚹ,8,synth,train
syn_000514_jiplgwuodtRjruhg_ᛃᛁᛈᛚᚷᚹᚢᛟᛞᛏᛉᛃᚱᚢᚺᚷ.png,,514,jiplgwuodtRjruhg,ᛃᛁᛈᛚᚷᚹᚢᛟᛞᛏᛉᛃᚱᚢᚺᚷ,16,synth,train
syn_000514_lkjebRahmrskbjj_ᛚᚲᛃᛖᛒᛉᚨᚺᛗᚱᛊᚲᛒᛃᛃ.png,,514,lkjebRahmrskbjj,ᛚᚲᛃᛖᛒᛉᚨᚺᛗᚱᛊᚲᛒᛃᛃ,15,synth,train
syn_000514_tiwaRl_ᛏᛁᚹᚨᛉᛚ.png,,514,tiwaRl,ᛏᛁᚹᚨᛉᛚ,6,synth,test
syn_000515_fuþarkm_ᚠᚢᚦᚨᚱᚲᛗ.png,,515,fuþarkm,ᚠᚢᚦᚨᚱᚲᛗ,7,synth,train
syn_000515_ingwaRauh_ᛁᚾᚷᚹᚨᛉᚨᚢᚺ.png,,515,ingwaRauh,ᛁᚾᚷᚹᚨᛉᚨᚢᚺ,9,synth,test
syn_000515_wRnfowllþaaeŋw_ᚹᛉᚾᚠᛟᚹᛚᛚᚦᚨᚨᛖᛜᚹ.png,,515,wRnfowllþaaeŋw,ᚹᛉᚾᚠᛟᚹᛚᛚᚦᚨᚨᛖᛜᚹ,14,synth,val
syn_000516_ebþhmjowfRïh_ᛖᛒᚦᚺᛗᛃᛟᚹᚠᛉᛇᚺ.png,,516,ebþhmjowfRïh,ᛖᛒᚦᚺᛗᛃᛟᚹᚠᛉᛇᚺ,12,synth,train
syn_000516_ulrblnuïmm_ᚢᛚᚱᛒᛚᚾᚢᛇᛗᛗ.png,,516,ulrblnuïmm,ᚢᛚᚱᛒᛚᚾᚢᛇᛗᛗ,10,synth,train
syn_000516_wtþrpdhdswh_ᚹᛏᚦᚱᛈᛞᚺᛞᛊᚹᚺ.png,,516,wtþrpdhdswh,ᚹᛏᚦᚱᛈᛞᚺᛞᛊᚹᚺ,11,synth,train
syn_000517_dRemiwawmulndj_ᛞᛉᛖᛗᛁᚹᚨᚹᛗᚢᛚᚾᛞᛃ.png,,517,dRemiwawmulndj,ᛞᛉᛖᛗᛁᚹᚨᚹᛗᚢᛚᚾᛞᛃ,14,synth,train
syn_000517_gpmŋkgrŋktïjmhiuiuk_ᚷᛈᛗᛜᚲᚷᚱᛜᚲᛏᛇᛃᛗᚺᛁᚢᛁᚢᚲ.png,,517,gpmŋkgrŋktïjmhiuiuk,ᚷᛈᛗᛜᚲᚷᚱᛜᚲᛏᛇᛃᛗᚺᛁᚢᛁᚢᚲ,19,synth,train
syn_000517_nokaifdabgrblbnm_ᚾᛟᚲᚨᛁᚠᛞᚨᛒᚷᚱᛒᛚᛒᚾᛗ.png,,517,nokaifdabgrblbnm,ᚾᛟᚲᚨᛁᚠᛞᚨᛒᚷᚱᛒᛚᛒᚾᛗ,16,synth,train
syn_000518_ïmrïepajfw_ᛇᛗᚱᛇᛖᛈᚨᛃᚠᚹ.png,,518,ïmrïepajfw,ᛇᛗᚱᛇᛖᛈᚨᛃᚠᚹ,10,synth,train
syn_000518_laukáR_ᛚᚨᚢᚲᚨᛉ.png,,518,laukáR,ᛚᚨᚢᚲᚨᛉ,6,synth,train
syn_000518_þaïnifmknþlmŋw_ᚦᚨᛇᚾᛁᚠᛗᚲᚾᚦᛚᛗᛜᚹ.png,,518,þaïnifmknþlmŋw,ᚦᚨᛇᚾᛁᚠᛗᚲᚾᚦᛚᛗᛜᚹ,14,synth,val
syn_000519_htggmufdtweks_ᚺᛏᚷᚷᛗᚢᚠᛞᛏᚹᛖᚲᛊ.png,,519,htggmufdtweks,ᚺᛏᚷᚷᛗᚢᚠᛞᛏᚹᛖᚲᛊ,13,synth,train
syn_000519_laimsjtnŋRnk_ᛚᚨᛁᛗᛊᛃᛏᚾᛜᛉᚾᚲ.png,,519,laimsjtnŋRnk,ᛚᚨᛁᛗᛊᛃᛏᚾᛜᛉᚾᚲ,12,synth,train
syn_000519_þkŋRwRsafijopþhd_ᚦᚲᛜᛉᚹᛉᛊᚨᚠᛁᛃᛟᛈᚦᚺᛞ.png,,519,þkŋRwRsafijopþhd,ᚦᚲᛜᛉᚹᛉᛊᚨᚠᛁᛃᛟᛈᚦᚺᛞ,16,synth,val
syn_000520_dghaþjobkott_ᛞᚷᚺᚨᚦᛃᛟᛒᚲᛟᛏᛏ.png,,520,dghaþjobkott,ᛞᚷᚺᚨᚦᛃᛟᛒᚲᛟᛏᛏ,12,synth,train
syn_000520_gïedkïRberfbu_ᚷᛇᛖᛞᚲᛇᛉᛒᛖᚱᚠᛒᚢ.png,,520,gïedkïRberfbu,ᚷᛇᛖᛞᚲᛇᛉᛒᛖᚱᚠᛒᚢ,13,synth,test
syn_000520_kweddoptut_ᚲᚹᛖᛞᛞᛟᛈᛏᚢᛏ.png,,520,kweddoptut,ᚲᚹᛖᛞᛞᛟᛈᛏᚢᛏ,10,synth,train
syn_000521_bmgïpkhkïjŋ_ᛒᛗᚷᛇᛈᚲᚺᚲᛇᛃᛜ.png,,521,bmgïpkhkïjŋ,ᛒᛗᚷᛇᛈᚲᚺᚲᛇᛃᛜ,11,synth,train
syn_000521_ftlnewpsaom_ᚠᛏᛚᚾᛖᚹᛈᛊᚨᛟᛗ.png,,521,ftlnewpsaom,ᚠᛏᛚᚾᛖᚹᛈᛊᚨᛟᛗ,11,synth,train
syn_000521_ingwaR_ᛁᚾᚷᚹᚨᛉ.png,,521,ingwaR,ᛁᚾᚷᚹᚨᛉ,6,synth,train
syn_000522_hRRjtþRRhjgdlw_ᚺᛉᛉᛃᛏᚦᛉᛉᚺᛃᚷᛞᛚᚹ.png,,522,hRRjtþRRhjgdlw,ᚺᛉᛉᛃᛏᚦᛉᛉᚺᛃᚷᛞᛚᚹ,14,synth,train
syn_000522_mmsbw_ᛗᛗᛊᛒᚹ.png,,522,mmsbw,ᛗᛗᛊᛒᚹ,5,synth,train
syn_000522_wþpþjf_ᚹᚦᛈᚦᛃᚠ.png,,522,wþpþjf,ᚹᚦᛈᚦᛃᚠ,6,synth,train
syn_000523_RebktuunoRkisr_ᛉᛖᛒᚲᛏᚢᚢᚾᛟᛉᚲᛁᛊᚱ.png,,523,RebktuunoRkisr,ᛉᛖᛒᚲᛏᚢᚢᚾᛟᛉᚲᛁᛊᚱ,14,synth,train
syn_000523_dgunïsþooikg_ᛞᚷᚢᚾᛇᛊᚦᛟᛟᛁᚲᚷ.png,,523,dgunïsþooikg,ᛞᚷᚢᚾᛇᛊᚦᛟᛟᛁᚲᚷ,12,synth,train
syn_000523_lkrnmþp_ᛚᚲᚱᚾᛗᚦᛈ.png,,523,lkrnmþp,ᛚᚲᚱᚾᛗᚦᛈ,7,synth,train
syn_000524_ggwuasgR_ᚷᚷᚹᚢᚨᛊᚷᛉ.png,,524,ggwuasgR,ᚷᚷᚹᚢᚨᛊᚷᛉ,8,synth,train
syn_000524_lajRfldfnïwmþ_ᛚᚨᛃᛉᚠᛚᛞᚠᚾᛇᚹᛗᚦ.png,,524,lajRfldfnïwmþ,ᛚᚨᛃᛉᚠᛚᛞᚠᚾᛇᚹᛗᚦ,13,synth,train
syn_000524_laukáRg_ᛚᚨᚢᚲᚨᛉᚷ.png,,524,laukáRg,ᛚᚨᚢᚲᚨᛉᚷ,7,synth,val
syn_000525_dihowïohf_ᛞᛁᚺᛟᚹᛇᛟᚺᚠ.png,,525,dihowïohf,ᛞᛁᚺᛟᚹᛇᛟᚺᚠ,9,synth,train
syn_000525_eakjldj_ᛖᚨᚲᛃᛚᛞᛃ.png,,525,eakjldj,ᛖᚨᚲᛃᛚᛞᛃ,7,synth,train
syn_000525_kopfþoþgjkþlnmd_ᚲᛟᛈᚠᚦᛟᚦᚷᛃᚲᚦᛚᚾᛗᛞ.png,,525,kopfþoþgjkþlnmd,ᚲᛟᛈᚠᚦᛟᚦᚷᛃᚲᚦᛚᚾᛗᛞ,15,synth,train
syn_000525_tktgnmiRkuno_ᛏᚲᛏᚷᚾᛗᛁᛉᚲᚢᚾᛟ.png,,525,tktgnmiRkuno,ᛏᚲᛏᚷᚾᛗᛁᛉᚲᚢᚾᛟ,12,synth,train
syn_000526_fhwhajbkdnapu_ᚠᚺᚹᚺᚨᛃᛒᚲᛞᚾᚨᛈᚢ.png,,526,fhwhajbkdnapu,ᚠᚺᚹᚺᚨᛃᛒᚲᛞᚾᚨᛈᚢ,13,synth,train
syn_000526_fuþarka_ᚠᚢᚦᚨᚱᚲᚨ.png,,526,fuþarka,ᚠᚢᚦᚨᚱᚲᚨ,7,synth,train
syn_000526_odobsmdwþdwþnl_ᛟᛞᛟᛒᛊᛗᛞᚹᚦᛞᚹᚦᚾᛚ.png,,526,odobsmdwþdwþnl,ᛟᛞᛟᛒᛊᛗᛞᚹᚦᛞᚹᚦᚾᛚ,14,synth,train
syn_000526_tiwaR_ᛏᛁᚹᚨᛉ.png,,526,tiwaR,ᛏᛁᚹᚨᛉ,5,synth,test
syn_000527_Rlkimïj_ᛉᛚᚲᛁᛗᛇᛃ.png,,527,Rlkimïj,ᛉᛚᚲᛁᛗᛇᛃ,7,synth,train
syn_000527_fuþark_ᚠᚢᚦᚨᚱᚲ.png,,527,fuþark,ᚠᚢᚦᚨᚱᚲ,6,synth,train
syn_000527_ingwaR_ᛁᚾᚷᚹᚨᛉ.png,,527,ingwaR,ᛁᚾᚷᚹᚨᛉ,6,synth,train
syn_000527_ingwaRs_ᛁᚾᚷᚹᚨᛉᛊ.png,,527,ingwaRs,ᛁᚾᚷᚹᚨᛉᛊ,7,synth,train
syn_000528_awrpttŋgŋdgnohgn_ᚨᚹᚱᛈᛏᛏᛜᚷᛜᛞᚷᚾᛟᚺᚷᚾ.png,,528,awrpttŋgŋdgnohgn,ᚨᚹᚱᛈᛏᛏᛜᚷᛜᛞᚷᚾᛟᚺᚷᚾ,16,synth,train
syn_000528_himsïþakbpwasl_ᚺᛁᛗᛊᛇᚦᚨᚲᛒᛈᚹᚨᛊᛚ.png,,528,himsïþakbpwasl,ᚺᛁᛗᛊᛇᚦᚨᚲᛒᛈᚹᚨᛊᛚ,14,synth,train
syn_000528_mhïabletiRŋ_ᛗᚺᛇᚨᛒᛚᛖᛏᛁᛉᛜ.png,,528,mhïabletiRŋ,ᛗᚺᛇᚨᛒᛚᛖᛏᛁᛉᛜ,11,synth,train
syn_000528_nmbulpþmttnpŋ_ᚾᛗᛒᚢᛚᛈᚦᛗᛏᛏᚾᛈᛜ.png,,528,nmbulpþmttnpŋ,ᚾᛗᛒᚢᛚᛈᚦᛗᛏᛏᚾᛈᛜ,13,synth,train
syn_000529_srwekullglmrwŋppsus_ᛊᚱᚹᛖᚲᚢᛚᛚᚷᛚᛗᚱᚹᛜᛈᛈᛊᚢᛊ.png,,529,srwekullglmrwŋppsus,ᛊᚱᚹᛖᚲᚢᛚᛚᚷᛚᛗᚱᚹᛜᛈᛈᛊᚢᛊ,19,synth,val
syn_000529_uibþdnraphodd_ᚢᛁᛒᚦᛞᚾᚱᚨᛈᚺᛟᛞᛞ.png,,529,uibþdnraphodd,ᚢᛁᛒᚦᛞᚾᚱᚨᛈᚺᛟᛞᛞ,13,synth,train
syn_000529_wphïdbrths_ᚹᛈᚺᛇᛞᛒᚱᛏᚺᛊ.png,,529,wphïdbrths,ᚹᛈᚺᛇᛞᛒᚱᛏᚺᛊ,10,synth,train
syn_000529_wwjtmfeï_ᚹᚹᛃᛏᛗᚠᛖᛇ.png,,529,wwjtmfeï,ᚹᚹᛃᛏᛗᚠᛖᛇ,8,synth,train
syn_000530_ïfbjlþþsuR_ᛇᚠᛒᛃᛚᚦᚦᛊᚢᛉ.png,,530,ïfbjlþþsuR,ᛇᚠᛒᛃᛚᚦᚦᛊᚢᛉ,10,synth,test
syn_000530_jkpRmïhdsaooiowop_ᛃᚲᛈᛉᛗᛇᚺᛞᛊᚨᛟᛟᛁᛟᚹᛟᛈ.png,,530,jkpRmïhdsaooiowop,ᛃᚲᛈᛉᛗᛇᚺᛞᛊᚨᛟᛟᛁᛟᚹᛟᛈ,17,synth,train
syn_000530_laukáR_ᛚᚨᚢᚲᚨᛉ.png,,530,laukáR,ᛚᚨᚢᚲᚨᛉ,6,synth,train
syn_000530_tiwaR_ᛏᛁᚹᚨᛉ.png,,530,tiwaR,ᛏᛁᚹᚨᛉ,5,synth,test
syn_000531_ekjo_ᛖᚲᛃᛟ.png,,531,ekjo,ᛖᚲᛃᛟ,4,synth,train
syn_000531_fuþark_ᚠᚢᚦᚨᚱᚲ.png,,531,fuþark,ᚠᚢᚦᚨᚱᚲ,6,synth,train
syn_000531_staijrnjghlŋþaea_ᛊᛏᚨᛁᛃᚱᚾᛃᚷᚺᛚᛜᚦᚨᛖᚨ.png,,531,staijrnjghlŋþaea,ᛊᛏᚨᛁᛃᚱᚾᛃᚷᚺᛚᛜᚦᚨᛖᚨ,16,synth,train
syn_000531_þffnaguis_ᚦᚠᚠᚾᚨᚷᚢᛁᛊ.png,,531,þffnaguis,ᚦᚠᚠᚾᚨᚷᚢᛁᛊ,9,synth,train
syn_000532_awlfŋjhdŋþReh_ᚨᚹᛚᚠᛜᛃᚺᛞᛜᚦᛉᛖᚺ.png,,532,awlfŋjhdŋþReh,ᚨᚹᛚᚠᛜᛃᚺᛞᛜᚦᛉᛖᚺ,13,synth,train
syn_000532_mmggïhemwlRmoh_ᛗᛗᚷᚷᛇᚺᛖᛗᚹᛚᛉᛗᛟᚺ.png,,532,mmggïhemwlRmoh,ᛗᛗᚷᚷᛇᚺᛖᛗᚹᛚᛉᛗᛟᚺ,14,synth,val
syn_000532_þRuomtRggsgnrb_ᚦᛉᚢᛟᛗᛏᛉᚷᚷᛊᚷᚾᚱᛒ.png,,532,þRuomtRggsgnrb,ᚦᛉᚢᛟᛗᛏᛉᚷᚷᛊᚷᚾᚱᛒ,14,synth,train
syn_000532_ŋwrhnhwŋahŋwd_ᛜᚹᚱᚺᚾᚺᚹᛜᚨᚺᛜᚹᛞ.png,,532,ŋwrhnhwŋahŋwd,ᛜᚹᚱᚺᚾᚺᚹᛜᚨᚺᛜᚹᛞ,13,synth,train
syn_000533_fkbhdshbs_ᚠᚲᛒᚺᛞᛊᚺᛒᛊ.png,,533,fkbhdshbs,ᚠᚲᛒᚺᛞᛊᚺᛒᛊ,9,synth,train
syn_000533_kmrpudskhdþ_ᚲᛗᚱᛈᚢᛞᛊᚲᚺᛞᚦ.png,,533,kmrpudskhdþ,ᚲᛗᚱᛈᚢᛞᛊᚲᚺᛞᚦ,11,synth,train
syn_000533_tiwaR_ᛏᛁᚹᚨᛉ.png,,533,tiwaR,ᛏᛁᚹᚨᛉ,5,synth,test
syn_000533_þwbïgkntfumss_ᚦᚹᛒᛇᚷᚲᚾᛏᚠᚢᛗᛊᛊ.png,,533,þwbïgkntfumss,ᚦᚹᛒᛇᚷᚲᚾᛏᚠᚢᛗᛊᛊ,13,synth,test
syn_000534_fuþark_ᚠᚢᚦᚨᚱᚲ.png,,534,fuþark,ᚠᚢᚦᚨᚱᚲ,6,synth,train
syn_000534_ïfgsrslmjh_ᛇᚠᚷᛊᚱᛊᛚᛗᛃᚺ.png,,534,ïfgsrslmjh,ᛇᚠᚷᛊᚱᛊᛚᛗᛃᚺ,10,synth,train
syn_000534_magkd_ᛗᚨᚷᚲᛞ.png,,534,magkd,ᛗᚨᚷᚲᛞ,5,synth,train
syn_000534_tiwaRhoa_ᛏᛁᚹᚨᛉᚺᛟᚨ.png,,534,tiwaRhoa,ᛏᛁᚹᚨᛉᚺᛟᚨ,8,synth,train
syn_000535_liowjþjsjRnkjrji_ᛚᛁᛟᚹᛃᚦᛃᛊᛃᛉᚾᚲᛃᚱᛃᛁ.png,,535,liowjþjsjRnkjrji,ᛚᛁᛟᚹᛃᚦᛃᛊᛃᛉᚾᚲᛃᚱᛃᛁ,16,synth,train
syn_000535_lŋsŋwfndïReibir_ᛚᛜᛊᛜᚹᚠᚾᛞᛇᛉᛖᛁᛒᛁᚱ.png,,535,lŋsŋwfndïReibir,ᛚᛜᛊᛜᚹᚠᚾᛞᛇᛉᛖᛁᛒᛁᚱ,15,synth,train
syn_000535_tfminupn_ᛏᚠᛗᛁᚾᚢᛈᚾ.png,,535,tfminupn,ᛏᚠᛗᛁᚾᚢᛈᚾ,8,synth,train
syn_000536_alu_ᚨᛚᚢ.png,,536,alu,ᚨᛚᚢ,3,synth,test
syn_000536_sïïou_ᛊᛇᛇᛟᚢ.png,,536,sïïou,ᛊᛇᛇᛟᚢ,5,synth,train
syn_000536_spRhpþŋŋRkiihsmn_ᛊᛈᛉᚺᛈᚦᛜᛜᛉᚲᛁᛁᚺᛊᛗᚾ.png,,536,spRhpþŋŋRkiihsmn,ᛊᛈᛉᚺᛈᚦᛜᛜᛉᚲᛁᛁᚺᛊᛗᚾ,16,synth,train
syn_000537_abwmafhirmii_ᚨᛒᚹᛗᚨᚠᚺᛁᚱᛗᛁᛁ.png,,537,abwmafhirmii,ᚨᛒᚹᛗᚨᚠᚺᛁᚱᛗᛁᛁ,12,synth,train
syn_000537_rþekþRersdefrïn_ᚱᚦᛖᚲᚦᛉᛖᚱᛊᛞᛖᚠᚱᛇᚾ.png,,537,rþekþRersdefrïn,ᚱᚦᛖᚲᚦᛉᛖᚱᛊᛞᛖᚠᚱᛇᚾ,15,synth,train
syn_000537_þfifaj_ᚦᚠᛁᚠᚨᛃ.png,,537,þfifaj,ᚦᚠᛁᚠᚨᛃ,6,synth,train
syn_000538_fuþark_ᚠᚢᚦᚨᚱᚲ.png,,538,fuþark,ᚠᚢᚦᚨᚱᚲ,6,synth,train
syn_000538_mhhfjpljlsktmþjlŋsï_ᛗᚺᚺᚠᛃᛈᛚᛃᛚᛊᚲᛏᛗᚦᛃᛚᛜᛊᛇ.png,,538,mhhfjpljlsktmþjlŋsï,ᛗᚺᚺᚠᛃᛈᛚᛃᛚᛊᚲᛏᛗᚦᛃᛚᛜᛊᛇ,19,synth,train
syn_000538_tiwaR_ᛏᛁᚹᚨᛉ.png,,538,tiwaR,ᛏᛁᚹᚨᛉ,5,synth,test
syn_000539_afjþnmahre_ᚨᚠᛃᚦᚾᛗᚨᚺᚱᛖ.png,,539,afjþnmahre,ᚨᚠᛃᚦᚾᛗᚨᚺᚱᛖ,10,synth,train
syn_000539_bnþgþiaoŋwŋeþp_ᛒᚾᚦᚷᚦᛁᚨᛟᛜᚹᛜᛖᚦᛈ.png,,539,bnþgþiaoŋwŋeþp,ᛒᚾᚦᚷᚦᛁᚨᛟᛜᚹᛜᛖᚦᛈ,14,synth,train
syn_000539_whïunlshdwunhihr_ᚹᚺᛇᚢᚾᛚᛊᚺᛞᚹᚢᚾᚺᛁᚺᚱ.png,,539,whïunlshdwunhihr,ᚹᚺᛇᚢᚾᛚᛊᚺᛞᚹᚢᚾᚺᛁᚺᚱ,16,synth,train
syn_000540_Rþgmŋkjjlïlglpfjo_ᛉᚦᚷᛗᛜᚲᛃᛃᛚᛇᛚᚷᛚᛈᚠᛃᛟ.png,,540,Rþgmŋkjjlïlglpfjo,ᛉᚦᚷᛗᛜᚲᛃᛃᛚᛇᛚᚷᛚᛈᚠᛃᛟ,17,synth,test
syn_000540_rþruRjw_ᚱᚦᚱᚢᛉᛃᚹ.png,,540,rþruRjw,ᚱᚦᚱᚢᛉᛃᚹ,7,synth,train
syn_000540_tiwaR_ᛏᛁᚹᚨᛉ.png,,540,tiwaR,ᛏᛁᚹᚨᛉ,5,synth,test
syn_000541_ekoei_ᛖᚲᛟᛖᛁ.png,,541,ekoei,ᛖᚲᛟᛖᛁ,5,synth,train
syn_000541_lhhuŋmoïa_ᛚᚺᚺᚢᛜᛗᛟᛇᚨ.png,,541,lhhuŋmoïa,ᛚᚺᚺᚢᛜᛗᛟᛇᚨ,9,synth,train
syn_000541_þjbRua_ᚦᛃᛒᛉᚢᚨ.png,,541,þjbRua,ᚦᛃᛒᛉᚢᚨ,6,synth,train
syn_000542_jrïpŋþe_ᛃᚱᛇᛈᛜᚦᛖ.png,,542,jrïpŋþe,ᛃᚱᛇᛈᛜᚦᛖ,7,synth,train
syn_000542_nljfsneïrf_ᚾᛚᛃᚠᛊᚾᛖᛇᚱᚠ.png,,542,nljfsneïrf,ᚾᛚᛃᚠᛊᚾᛖᛇᚱᚠ,10,synth,train
syn_000542_þjhsþ_ᚦᛃᚺᛊᚦ.png,,542,þjhsþ,ᚦᛃᚺᛊᚦ,5,synth,train
syn_000543_Roenprddph_ᛉᛟᛖᚾᛈᚱᛞᛞᛈᚺ.png,,543,Roenprddph,ᛉᛟᛖᚾᛈᚱᛞᛞᛈᚺ,10,synth,train
syn_000543_fþgwo_ᚠᚦᚷᚹᛟ.png,,543,fþgwo,ᚠᚦᚷᚹᛟ,5,synth,train
syn_000543_prfmtu_ᛈᚱᚠᛗᛏᚢ.png,,543,prfmtu,ᛈᚱᚠᛗᛏᚢ,6,synth,val
syn_000544_eaþnapglpdŋdbogau_ᛖᚨᚦᚾᚨᛈᚷᛚᛈᛞᛜᛞᛒᛟᚷᚨᚢ.png,,544,eaþnapglpdŋdbogau,ᛖᚨᚦᚾᚨᛈᚷᛚᛈᛞᛜᛞᛒᛟᚷᚨᚢ,17,synth,train
syn_000544_ïphjosbjiŋmn_ᛇᛈᚺᛃᛟᛊᛒᛃᛁᛜᛗᚾ.png,,544,ïphjosbjiŋmn,ᛇᛈᚺᛃᛟᛊᛒᛃᛁᛜᛗᚾ,12,synth,train
syn_000544_rhefdmsrthoh_ᚱᚺᛖᚠᛞᛗᛊᚱᛏᚺᛟᚺ.png,,544,rhefdmsrthoh,ᚱᚺᛖᚠᛞᛗᛊᚱᛏᚺᛟᚺ,12,synth,train
syn_000545_nïphfaokgsaŋbdt_ᚾᛇᛈᚺᚠᚨᛟᚲᚷᛊᚨᛜᛒᛞᛏ.png,,545,nïphfaokgsaŋbdt,ᚾᛇᛈᚺᚠᚨᛟᚲᚷᛊᚨᛜᛒᛞᛏ,15,synth,train
syn_000545_odrïhd_ᛟᛞᚱᛇᚺᛞ.png,,545,odrïhd,ᛟᛞᚱᛇᚺᛞ,6,synth,train
syn_000545_uobþbRþrjfŋlg_ᚢᛟᛒᚦᛒᛉᚦᚱᛃᚠᛜᛚᚷ.png,,545,uobþbRþrjfŋlg,ᚢᛟᛒᚦᛒᛉᚦᚱᛃᚠᛜᛚᚷ,13,synth,train
syn_000546_eksb_ᛖᚲᛊᛒ.png,,546,eksb,ᛖᚲᛊᛒ,4,synth,train
syn_000546_lþmaghlmrï_ᛚᚦᛗᚨᚷᚺᛚᛗᚱᛇ.png,,546,lþmaghlmrï,ᛚᚦᛗᚨᚷᚺᛚᛗᚱᛇ,10,synth,train
syn_000546_rkgjgpþr_ᚱᚲᚷᛃᚷᛈᚦᚱ.png,,546,rkgjgpþr,ᚱᚲᚷᛃᚷᛈᚦᚱ,8,synth,train
syn_000547_dmdRub_ᛞᛗᛞᛉᚢᛒ.png,,547,dmdRub,ᛞᛗᛞᛉᚢᛒ,6,synth,train
syn_000547_fsmmadïs_ᚠᛊᛗᛗᚨᛞᛇᛊ.png,,547,fsmmadïs,ᚠᛊᛗᛗᚨᛞᛇᛊ,8,synth,train
syn_000547_laukáRd_ᛚᚨᚢᚲᚨᛉᛞ.png,,547,laukáRd,ᛚᚨᚢᚲᚨᛉᛞ,7,synth,train
syn_000548_bdtlpRgdpsrthg_ᛒᛞᛏᛚᛈᛉᚷᛞᛈᛊᚱᛏᚺᚷ.png,,548,bdtlpRgdpsrthg,ᛒᛞᛏᛚᛈᛉᚷᛞᛈᛊᚱᛏᚺᚷ,14,synth,train
syn_000548_hRsrnt_ᚺᛉᛊᚱᚾᛏ.png,,548,hRsrnt,ᚺᛉᛊᚱᚾᛏ,6,synth,train
syn_000548_lmsgoRfsrhiakïo_ᛚᛗᛊᚷᛟᛉᚠᛊᚱᚺᛁᚨᚲᛇᛟ.png,,548,lmsgoRfsrhiakïo,ᛚᛗᛊᚷᛟᛉᚠᛊᚱᚺᛁᚨᚲᛇᛟ,15,synth,train
syn_000549_ek_ᛖᚲ.png,,549,ek,ᛖᚲ,2,synth,train
syn_000549_ïknïgawmp_ᛇᚲᚾᛇᚷᚨᚹᛗᛈ.png,,549,ïknïgawmp,ᛇᚲᚾᛇᚷᚨᚹᛗᛈ,9,synth,train
syn_000549_rnïusosŋeet_ᚱᚾᛇᚢᛊᛟᛊᛜᛖᛖᛏ.png,,549,rnïusosŋeet,ᚱᚾᛇᚢᛊᛟᛊᛜᛖᛖᛏ,11,synth,train
syn_000550_alu_ᚨᛚᚢ.png,,550,alu,ᚨᛚᚢ,3,synth,test
syn_000550_nlRhrfwïtrnefþet_ᚾᛚᛉᚺᚱᚠᚹᛇᛏᚱᚾᛖᚠᚦᛖᛏ.png,,550,nlRhrfwïtrnefþet,ᚾᛚᛉᚺᚱᚠᚹᛇᛏᚱᚾᛖᚠᚦᛖᛏ,16,synth,train
syn_000550_tiwaR_ᛏᛁᚹᚨᛉ.png,,550,tiwaR,ᛏᛁᚹᚨᛉ,5,synth,test
syn_000550_þadslglbpneabj_ᚦᚨᛞᛊᛚᚷᛚᛒᛈᚾᛖᚨᛒᛃ.png,,550,þadslglbpneabj,ᚦᚨᛞᛊᛚᚷᛚᛒᛈᚾᛖᚨᛒᛃ,14,synth,train
syn_000551_Rsounodmsrïjjnru_ᛉᛊᛟᚢᚾᛟᛞᛗᛊᚱᛇᛃᛃᚾᚱᚢ.png,,551,Rsounodmsrïjjnru,ᛉᛊᛟᚢᚾᛟᛞᛗᛊᚱᛇᛃᛃᚾᚱᚢ,16,synth,train
syn_000551_apskdnfmjRuoar_ᚨᛈᛊᚲᛞᚾᚠᛗᛃᛉᚢᛟᚨᚱ.png,,551,apskdnfmjRuoar,ᚨᛈᛊᚲᛞᚾᚠᛗᛃᛉᚢᛟᚨᚱ,14,synth,train
syn_000551_bkhsRjogtdk_ᛒᚲᚺᛊᛉᛃᛟᚷᛏᛞᚲ.png,,551,bkhsRjogtdk,ᛒᚲᚺᛊᛉᛃᛟᚷᛏᛞᚲ,11,synth,train
syn_000551_ingwaRmir_ᛁᚾᚷᚹᚨᛉᛗᛁᚱ.png,,551,ingwaRmir,ᛁᚾᚷᚹᚨᛉᛗᛁᚱ,9,synth,train
syn_000552_dnfþRïdïimRþh_ᛞᚾᚠᚦᛉᛇᛞᛇᛁᛗᛉᚦᚺ.png,,552,dnfþRïdïimRþh,ᛞᚾᚠᚦᛉᛇᛞᛇᛁᛗᛉᚦᚺ,13,synth,train
syn_000552_klwpgþtnoa_ᚲᛚᚹᛈᚷᚦᛏᚾᛟᚨ.png,,552,klwpgþtnoa,ᚲᛚᚹᛈᚷᚦᛏᚾᛟᚨ,10,synth,train
syn_000552_mrþmfwke_ᛗᚱᚦᛗᚠᚹᚲᛖ.png,,552,mrþmfwke,ᛗᚱᚦᛗᚠᚹᚲᛖ,8,synth,train
syn_000552_omwufjïktd_ᛟᛗᚹᚢᚠᛃᛇᚲᛏᛞ.png,,552,omwufjïktd,ᛟᛗᚹᚢᚠᛃᛇᚲᛏᛞ,10,synth,train
syn_000553_awïahdajhe_ᚨᚹᛇᚨᚺᛞᚨᛃᚺᛖ.png,,553,awïahdajhe,ᚨᚹᛇᚨᚺᛞᚨᛃᚺᛖ,10,synth,train
syn_000553_dklsþmnuurrl_ᛞᚲᛚᛊᚦᛗᚾᚢᚢᚱᚱᛚ.png,,553,dklsþmnuurrl,ᛞᚲᛚᛊᚦᛗᚾᚢᚢᚱᚱᛚ,12,synth,train
syn_000553_lhghdRhfammdbnip_ᛚᚺᚷᚺᛞᛉᚺᚠᚨᛗᛗᛞᛒᚾᛁᛈ.png,,553,lhghdRhfammdbnip,ᛚᚺᚷᚺᛞᛉᚺᚠᚨᛗᛗᛞᛒᚾᛁᛈ,16,synth,train
syn_000553_tiwaR_ᛏᛁᚹᚨᛉ.png,,553,tiwaR,ᛏᛁᚹᚨᛉ,5,synth,test
syn_000554_adŋrabhm_ᚨᛞᛜᚱᚨᛒᚺᛗ.png,,554,adŋrabhm,ᚨᛞᛜᚱᚨᛒᚺᛗ,8,synth,train
syn_000554_ekkoktsead_ᛖᚲᚲᛟᚲᛏᛊᛖᚨᛞ.png,,554,ekkoktsead,ᛖᚲᚲᛟᚲᛏᛊᛖᚨᛞ,10,synth,train
syn_000554_frsetResþwkŋnanl_ᚠᚱᛊᛖᛏᛉᛖᛊᚦᚹᚲᛜᚾᚨᚾᛚ.png,,554,frsetResþwkŋnanl,ᚠᚱᛊᛖᛏᛉᛖᛊᚦᚹᚲᛜᚾᚨᚾᛚ,16,synth,test
syn_000554_sapfrijtnt_ᛊᚨᛈᚠᚱᛁᛃᛏᚾᛏ.png,,554,sapfrijtnt,ᛊᚨᛈᚠᚱᛁᛃᛏᚾᛏ,10,synth,train
syn_000555_dnauRlrf_ᛞᚾᚨᚢᛉᛚᚱᚠ.png,,555,dnauRlrf,ᛞᚾᚨᚢᛉᛚᚱᚠ,8,synth,train
syn_000555_heiïjarwwj_ᚺᛖᛁᛇᛃᚨᚱᚹᚹᛃ.png,,555,heiïjarwwj,ᚺᛖᛁᛇᛃᚨᚱᚹᚹᛃ,10,synth,train
syn_000555_ruþtgntu_ᚱᚢᚦᛏᚷᚾᛏᚢ.png,,555,ruþtgntu,ᚱᚢᚦᛏᚷᚾᛏᚢ,8,synth,train
syn_000555_sgþkgdwhï_ᛊᚷᚦᚲᚷᛞᚹᚺᛇ.png,,555,sgþkgdwhï,ᛊᚷᚦᚲᚷᛞᚹᚺᛇ,9,synth,train
syn_000556_ekkmR_ᛖᚲᚲᛗᛉ.png,,556,ekkmR,ᛖᚲᚲᛗᛉ,5,synth,train
syn_000556_ingmþþrmgþfkdk_ᛁᚾᚷᛗᚦᚦᚱᛗᚷᚦᚠᚲᛞᚲ.png,,556,ingmþþrmgþfkdk,ᛁᚾᚷᛗᚦᚦᚱᛗᚷᚦᚠᚲᛞᚲ,14,synth,train
syn_000556_mrïRŋsrwkŋrlsrlw_ᛗᚱᛇᛉᛜᛊᚱᚹᚲᛜᚱᛚᛊᚱᛚᚹ.png,,556,mrïRŋsrwkŋrlsrlw,ᛗᚱᛇᛉᛜᛊᚱᚹᚲᛜᚱᛚᛊᚱᛚᚹ,16,synth,train
syn_000556_wrweRmrooïi_ᚹᚱᚹᛖᛉᛗᚱᛟᛟᛇᛁ.png,,556,wrweRmrooïi,ᚹᚱᚹᛖᛉᛗᚱᛟᛟᛇᛁ,11,synth,train
syn_000557_dllsu_ᛞᛚᛚᛊᚢ.png,,557,dllsu,ᛞᛚᛚᛊᚢ,5,synth,train
syn_000557_fdjgRkwswotuao_ᚠᛞᛃᚷᛉᚲᚹᛊᚹᛟᛏᚢᚨᛟ.png,,557,fdjgRkwswotuao,ᚠᛞᛃᚷᛉᚲᚹᛊᚹᛟᛏᚢᚨᛟ,14,synth,train
syn_000557_fuþark_ᚠᚢᚦᚨᚱᚲ.png,,557,fuþark,ᚠᚢᚦᚨᚱᚲ,6,synth,train
syn_000557_uklneïiïft_ᚢᚲᛚᚾᛖᛇᛁᛇᚠᛏ.png,,557,uklneïiïft,ᚢᚲᛚᚾᛖᛇᛁᛇᚠᛏ,10,synth,train
syn_000558_inbshïŋpaaahiRŋ_ᛁᚾᛒᛊᚺᛇᛜᛈᚨᚨᚨᚺᛁᛉᛜ.png,,558,inbshïŋpaaahiRŋ,ᛁᚾᛒᛊᚺᛇᛜᛈᚨᚨᚨᚺᛁᛉᛜ,15,synth,train
syn_000558_ptgijndhw_ᛈᛏᚷᛁᛃᚾᛞᚺᚹ.png,,558,ptgijndhw,ᛈᛏᚷᛁᛃᚾᛞᚺᚹ,9,synth,train
syn_000558_rgnubpegŋlR_ᚱᚷᚾᚢᛒᛈᛖᚷᛜᛚᛉ.png,,558,rgnubpegŋlR,ᚱᚷᚾᚢᛒᛈᛖᚷᛜᛚᛉ,11,synth,train
syn_000558_ŋlRfelrfdmstb_ᛜᛚᛉᚠᛖᛚᚱᚠᛞᛗᛊᛏᛒ.png,,558,ŋlRfelrfdmstb,ᛜᛚᛉᚠᛖᛚᚱᚠᛞᛗᛊᛏᛒ,13,synth,train
syn_000559_akrwbRhwknhŋ_ᚨᚲᚱᚹᛒᛉᚺᚹᚲᚾᚺᛜ.png,,559,akrwbRhwknhŋ,ᚨᚲᚱᚹᛒᛉᚺᚹᚲᚾᚺᛜ,12,synth,train
syn_000559_tiwaR_ᛏᛁᚹᚨᛉ.png,,559,tiwaR,ᛏᛁᚹᚨᛉ,5,synth,test
syn_000559_tiwaRbm_ᛏᛁᚹᚨᛉᛒᛗ.png,,559,tiwaRbm,ᛏᛁᚹᚨᛉᛒᛗ,7,synth,train
syn_000559_wehlfsRsh_ᚹᛖᚺᛚᚠᛊᛉᛊᚺ.png,,559,wehlfsRsh,ᚹᛖᚺᛚᚠᛊᛉᛊᚺ,9,synth,train
syn_000560_isrïlïR_ᛁᛊᚱᛇᛚᛇᛉ.png,,560,isrïlïR,ᛁᛊᚱᛇᛚᛇᛉ,7,synth,train
syn_000560_ïwŋuabejRnhkï_ᛇᚹᛜᚢᚨᛒᛖᛃᛉᚾᚺᚲᛇ.png,,560,ïwŋuabejRnhkï,ᛇᚹᛜᚢᚨᛒᛖᛃᛉᚾᚺᚲᛇ,13,synth,train
syn_000560_sjkebbdub_ᛊᛃᚲᛖᛒᛒᛞᚢᛒ.png,,560,sjkebbdub,ᛊᛃᚲᛖᛒᛒᛞᚢᛒ,9,synth,train
syn_000560_þïpiRr_ᚦᛇᛈᛁᛉᚱ.png,,560,þïpiRr,ᚦᛇᛈᛁᛉᚱ,6,synth,train
syn_000561_ingwaR_ᛁᚾᚷᚹᚨᛉ.png,,561,ingwaR,ᛁᚾᚷᚹᚨᛉ,6,synth,train
syn_000561_jheþuhmkR_ᛃᚺᛖᚦᚢᚺᛗᚲᛉ.png,,561,jheþuhmkR,ᛃᚺᛖᚦᚢᚺᛗᚲᛉ,9,synth,train
syn_000561_nsgjhŋjŋbsimmajip_ᚾᛊᚷᛃᚺᛜᛃᛜᛒᛊᛁᛗᛗᚨᛃᛁᛈ.png,,561,nsgjhŋjŋbsimmajip,ᚾᛊᚷᛃᚺᛜᛃᛜᛒᛊᛁᛗᛗᚨᛃᛁᛈ,17,synth,train
syn_000561_rrkmmrspjRsbsldR_ᚱᚱᚲᛗᛗᚱᛊᛈᛃᛉᛊᛒᛊᛚᛞᛉ.png,,561,rrkmmrspjRsbsldR,ᚱᚱᚲᛗᛗᚱᛊᛈᛃᛉᛊᛒᛊᛚᛞᛉ,16,synth,train
syn_000562_dksjtmfk_ᛞᚲᛊᛃᛏᛗᚠᚲ.png,,562,dksjtmfk,ᛞᚲᛊᛃᛏᛗᚠᚲ,8,synth,train
syn_000562_fuþark_ᚠᚢᚦᚨᚱᚲ.png,,562,fuþark,ᚠᚢᚦᚨᚱᚲ,6,synth,train
syn_000562_phtRoewlhafemwif_ᛈᚺᛏᛉᛟᛖᚹᛚᚺᚨᚠᛖᛗᚹᛁᚠ.png,,562,phtRoewlhafemwif,ᛈᚺᛏᛉᛟᛖᚹᛚᚺᚨᚠᛖᛗᚹᛁᚠ,16,synth,train
syn_000562_ukeslbdlleŋ_ᚢᚲᛖᛊᛚᛒᛞᛚᛚᛖᛜ.png,,562,ukeslbdlleŋ,ᚢᚲᛖᛊᛚᛒᛞᛚᛚᛖᛜ,11,synth,train
syn_000563_Rdwdwïbnll_ᛉᛞᚹᛞᚹᛇᛒᚾᛚᛚ.png,,563,Rdwdwïbnll,ᛉᛞᚹᛞᚹᛇᛒᚾᛚᛚ,10,synth,train
syn_000563_þgodkwïjRd_ᚦᚷᛟᛞᚲᚹᛇᛃᛉᛞ.png,,563,þgodkwïjRd,ᚦᚷᛟᛞᚲᚹᛇᛃᛉᛞ,10,synth,train
syn_000563_ŋpdaaugþghjelg_ᛜᛈᛞᚨᚨᚢᚷᚦᚷᚺᛃᛖᛚᚷ.png,,563,ŋpdaaugþghjelg,ᛜᛈᛞᚨᚨᚢᚷᚦᚷᚺᛃᛖᛚᚷ,14,synth,train
syn_000564_laukáR_ᛚᚨᚢᚲᚨᛉ.png,,564,laukáR,ᛚᚨᚢᚲᚨᛉ,6,synth,train
syn_000564_wkïkrþRrbstŋ_ᚹᚲᛇᚲᚱᚦᛉᚱᛒᛊᛏᛜ.png,,564,wkïkrþRrbstŋ,ᚹᚲᛇᚲᚱᚦᛉᚱᛒᛊᛏᛜ,12,synth,test
syn_000564_ŋrjRultlRehuŋ_ᛜᚱᛃᛉᚢᛚᛏᛚᛉᛖᚺᚢᛜ.png,,564,ŋrjRultlRehuŋ,ᛜᚱᛃᛉᚢᛚᛏᛚᛉᛖᚺᚢᛜ,13,synth,train
syn_000565_fuþark_ᚠᚢᚦᚨᚱᚲ.png,,565,fuþark,ᚠᚢᚦᚨᚱᚲ,6,synth,train
syn_000565_joþharþnuŋraegoi_ᛃᛟᚦᚺᚨᚱᚦᚾᚢᛜᚱᚨᛖᚷᛟᛁ.png,,565,joþharþnuŋraegoi,ᛃᛟᚦᚺᚨᚱᚦᚾᚢᛜᚱᚨᛖᚷᛟᛁ,16,synth,train
syn_000565_wlhupnrk_ᚹᛚᚺᚢᛈᚾᚱᚲ.png,,565,wlhupnrk,ᚹᛚᚺᚢᛈᚾᚱᚲ,8,synth,train
syn_000566_laukáR_ᛚᚨᚢᚲᚨᛉ.png,,566,laukáR,ᛚᚨᚢᚲᚨᛉ,6,synth,train
syn_000566_sþudj_ᛊᚦᚢᛞᛃ.png,,566,sþudj,ᛊᚦᚢᛞᛃ,5,synth,train
syn_000566_tiwaR_ᛏᛁᚹᚨᛉ.png,,566,tiwaR,ᛏᛁᚹᚨᛉ,5,synth,test
syn_000567_doïmki_ᛞᛟᛇᛗᚲᛁ.png,,567,doïmki,ᛞᛟᛇᛗᚲᛁ,6,synth,train
syn_000567_ergtusmïaw_ᛖᚱᚷᛏᚢᛊᛗᛇᚨᚹ.png,,567,ergtusmïaw,ᛖᚱᚷᛏᚢᛊᛗᛇᚨᚹ,10,synth,train
syn_000567_ïkngwnurjg_ᛇᚲᚾᚷᚹᚾᚢᚱᛃᚷ.png,,567,ïkngwnurjg,ᛇᚲᚾᚷᚹᚾᚢᚱᛃᚷ,10,synth,train
syn_000568_ek_ᛖᚲ.png,,568,ek,ᛖᚲ,2,synth,train
syn_000568_fuþarkwïp_ᚠᚢᚦᚨᚱᚲᚹᛇᛈ.png,,568,fuþarkwïp,ᚠᚢᚦᚨᚱᚲᚹᛇᛈ,9,synth,train
syn_000568_rŋekmdnkt_ᚱᛜᛖᚲᛗᛞᚾᚲᛏ.png,,568,rŋekmdnkt,ᚱᛜᛖᚲᛗᛞᚾᚲᛏ,9,synth,train
syn_000569_dtgtuR_ᛞᛏᚷᛏᚢᛉ.png,,569,dtgtuR,ᛞᛏᚷᛏᚢᛉ,6,synth,train
syn_000569_lkbtadktkn_ᛚᚲᛒᛏᚨᛞᚲᛏᚲᚾ.png,,569,lkbtadktkn,ᛚᚲᛒᛏᚨᛞᚲᛏᚲᚾ,10,synth,train
syn_000570_jrrpibbdt_ᛃᚱᚱᛈᛁᛒᛒᛞᛏ.png,,570,jrrpibbdt,ᛃᚱᚱᛈᛁᛒᛒᛞᛏ,9,synth,train
syn_000570_þhrtreRkhapns_ᚦᚺᚱᛏᚱᛖᛉᚲᚺᚨᛈᚾᛊ.png,,570,þhrtreRkhapns,ᚦᚺᚱᛏᚱᛖᛉᚲᚺᚨᛈᚾᛊ,13,synth,train
syn_000571_ek_ᛖᚲ.png,,571,ek,ᛖᚲ,2,synth,train
syn_000571_kïhjmþaïusimgoiu_ᚲᛇᚺᛃᛗᚦᚨᛇᚢᛊᛁᛗᚷᛟᛁᚢ.png,,571,kïhjmþaïusimgoiu,ᚲᛇᚺᛃᛗᚦᚨᛇᚢᛊᛁᛗᚷᛟᛁᚢ,16,synth,train
syn_000572_uuþtmkRbgdrïbf_ᚢᚢᚦᛏᛗᚲᛉᛒᚷᛞᚱᛇᛒᚠ.png,,572,uuþtmkRbgdrïbf,ᚢᚢᚦᛏᛗᚲᛉᛒᚷᛞᚱᛇᛒᚠ,14,synth,train
syn_000572_þejndwdRïþŋïoŋf_ᚦᛖᛃᚾᛞᚹᛞᛉᛇᚦᛜᛇᛟᛜᚠ.png,,572,þejndwdRïþŋïoŋf,ᚦᛖᛃᚾᛞᚹᛞᛉᛇᚦᛜᛇᛟᛜᚠ,15,synth,train
syn_000573_hueRgr_ᚺᚢᛖᛉᚷᚱ.png,,573,hueRgr,ᚺᚢᛖᛉᚷᚱ,6,synth,val
syn_000573_laukáR_ᛚᚨᚢᚲᚨᛉ.png,,573,laukáR,ᛚᚨᚢᚲᚨᛉ,6,synth,train
syn_000574_iaaounlwegewnm_ᛁᚨᚨᛟᚢᚾᛚᚹᛖᚷᛖᚹᚾᛗ.png,,574,iaaounlwegewnm,ᛁᚨᚨᛟᚢᚾᛚᚹᛖᚷᛖᚹᚾᛗ,14,synth,train
syn_000574_owwtmRtngwŋgdii_ᛟᚹᚹᛏᛗᛉᛏᚾᚷᚹᛜᚷᛞᛁᛁ.png,,574,owwtmRtngwŋgdii,ᛟᚹᚹᛏᛗᛉᛏᚾᚷᚹᛜᚷᛞᛁᛁ,15,synth,train
syn_000575_aRshhpgaþnp_ᚨᛉᛊᚺᚺᛈᚷᚨᚦᚾᛈ.png,,575,aRshhpgaþnp,ᚨᛉᛊᚺᚺᛈᚷᚨᚦᚾᛈ,11,synth,train
syn_000575_ïpdagŋfnŋwei_ᛇᛈᛞᚨᚷᛜᚠᚾᛜᚹᛖᛁ.png,,575,ïpdagŋfnŋwei,ᛇᛈᛞᚨᚷᛜᚠᚾᛜᚹᛖᛁ,12,synth,train
syn_000576_iwïkRw_ᛁᚹᛇᚲᛉᚹ.png,,576,iwïkRw,ᛁᚹᛇᚲᛉᚹ,6,synth,val
syn_000576_ŋþnïïidt_ᛜᚦᚾᛇᛇᛁᛞᛏ.png,,576,ŋþnïïidt,ᛜᚦᚾᛇᛇᛁᛞᛏ,8,synth,train
syn_000577_awsïashukmdlh_ᚨᚹᛊᛇᚨᛊᚺᚢᚲᛗᛞᛚᚺ.png,,577,awsïashukmdlh,ᚨᚹᛊᛇᚨᛊᚺᚢᚲᛗᛞᛚᚺ,13,synth,train
syn_000577_ingwaR_ᛁᚾᚷᚹᚨᛉ.png,,577,ingwaR,ᛁᚾᚷᚹᚨᛉ,6,synth,train
syn_000578_ohgŋlganegmibbs_ᛟᚺᚷᛜᛚᚷᚨᚾᛖᚷᛗᛁᛒᛒᛊ.png,,578,ohgŋlganegmibbs,ᛟᚺᚷᛜᛚᚷᚨᚾᛖᚷᛗᛁᛒᛒᛊ,15,synth,val
syn_000578_ŋesepomphgobw_ᛜᛖᛊᛖᛈᛟᛗᛈᚺᚷᛟᛒᚹ.png,,578,ŋesepomphgobw,ᛜᛖᛊᛖᛈᛟᛗᛈᚺᚷᛟᛒᚹ,13,synth,train
syn_000579_alujho_ᚨᛚᚢᛃᚺᛟ.png,,579,alujho,ᚨᛚᚢᛃᚺᛟ,6,synth,train
syn_000579_iïbusþrŋmikjww_ᛁᛇᛒᚢᛊᚦᚱᛜᛗᛁᚲᛃᚹᚹ.png,,579,iïbusþrŋmikjww,ᛁᛇᛒᚢᛊᚦᚱᛜᛗᛁᚲᛃᚹᚹ,14,synth,train
syn_000580_ingwaR_ᛁᚾᚷᚹᚨᛉ.png,,580,ingwaR,ᛁᚾᚷᚹᚨᛉ,6,synth,train
syn_000580_ingwaRmb_ᛁᚾᚷᚹᚨᛉᛗᛒ.png,,580,ingwaRmb,ᛁᚾᚷᚹᚨᛉᛗᛒ,8,synth,train
syn_000581_jbhkgrpþ_ᛃᛒᚺᚲᚷᚱᛈᚦ.png,,581,jbhkgrpþ,ᛃᛒᚺᚲᚷᚱᛈᚦ,8,synth,test
syn_000581_lRoahaRpjl_ᛚᛉᛟᚨᚺᚨᛉᛈᛃᛚ.png,,581,lRoahaRpjl,ᛚᛉᛟᚨᚺᚨᛉᛈᛃᛚ,10,synth,train
syn_000582_bsïitnoïbgp_ᛒᛊᛇᛁᛏᚾᛟᛇᛒᚷᛈ.png,,582,bsïitnoïbgp,ᛒᛊᛇᛁᛏᚾᛟᛇᛒᚷᛈ,11,synth,train
syn_000582_jkufbþRdnwgw_ᛃᚲᚢᚠᛒᚦᛉᛞᚾᚹᚷᚹ.png,,582,jkufbþRdnwgw,ᛃᚲᚢᚠᛒᚦᛉᛞᚾᚹᚷᚹ,12,synth,train
syn_000583_lhfroortlŋm_ᛚᚺᚠᚱᛟᛟᚱᛏᛚᛜᛗ.png,,583,lhfroortlŋm,ᛚᚺᚠᚱᛟᛟᚱᛏᛚᛜᛗ,11,synth,train
syn_000583_oniuŋïbwthtftïg_ᛟᚾᛁᚢᛜᛇᛒᚹᛏᚺᛏᚠᛏᛇᚷ.png,,583,oniuŋïbwthtftïg,ᛟᚾᛁᚢᛜᛇᛒᚹᛏᚺᛏᚠᛏᛇᚷ,15,synth,train
syn_000584_ek_ᛖᚲ.png,,584,ek,ᛖᚲ,2,synth,train
syn_000584_huadothRbabpïau_ᚺᚢᚨᛞᛟᛏᚺᛉᛒᚨᛒᛈᛇᚨᚢ.png,,584,huadothRbabpïau,ᚺᚢᚨᛞᛟᛏᚺᛉᛒᚨᛒᛈᛇᚨᚢ,15,synth,train
syn_000585_ariklgïmdjþi_ᚨᚱᛁᚲᛚᚷᛇᛗᛞᛃᚦᛁ.png,,585,ariklgïmdjþi,ᚨᚱᛁᚲᛚᚷᛇᛗᛞᛃᚦᛁ,12,synth,train
syn_000585_kŋeoerlRd_ᚲᛜᛖᛟᛖᚱᛚᛉᛞ.png,,585,kŋeoerlRd,ᚲᛜᛖᛟᛖᚱᛚᛉᛞ,9,synth,test
syn_000586_ingwaRþ_ᛁᚾᚷᚹᚨᛉᚦ.png,,586,ingwaRþ,ᛁᚾᚷᚹᚨᛉᚦ,7,synth,train
syn_000586_mmRdjfahhbbkat_ᛗᛗᛉᛞᛃᚠᚨᚺᚺᛒᛒᚲᚨᛏ.png,,586,mmRdjfahhbbkat,ᛗᛗᛉᛞᛃᚠᚨᚺᚺᛒᛒᚲᚨᛏ,14,synth,train
syn_000587_fuþarkmb_ᚠᚢᚦᚨᚱᚲᛗᛒ.png,,587,fuþarkmb,ᚠᚢᚦᚨᚱᚲᛗᛒ,8,synth,train
syn_000587_osrwjfïrshspk_ᛟᛊᚱᚹᛃᚠᛇᚱᛊᚺᛊᛈᚲ.png,,587,osrwjfïrshspk,ᛟᛊᚱᚹᛃᚠᛇᚱᛊᚺᛊᛈᚲ,13,synth,train
syn_000588_tdelmþilpgŋo_ᛏᛞᛖᛚᛗᚦᛁᛚᛈᚷᛜᛟ.png,,588,tdelmþilpgŋo,ᛏᛞᛖᛚᛗᚦᛁᛚᛈᚷᛜᛟ,12,synth,train
syn_000588_uhlkŋeïgiegrd_ᚢᚺᛚᚲᛜᛖᛇᚷᛁᛖᚷᚱᛞ.png,,588,uhlkŋeïgiegrd,ᚢᚺᛚᚲᛜᛖᛇᚷᛁᛖᚷᚱᛞ,13,synth,train
syn_000589_rsaojgr_ᚱᛊᚨᛟᛃᚷᚱ.png,,589,rsaojgr,ᚱᛊᚨᛟᛃᚷᚱ,7,synth,train
syn_000589_tiwaRl_ᛏᛁᚹᚨᛉᛚ.png,,589,tiwaRl,ᛏᛁᚹᚨᛉᛚ,6,synth,test
syn_000590_ingwaRauh_ᛁᚾᚷᚹᚨᛉᚨᚢᚺ.png,,590,ingwaRauh,ᛁᚾᚷᚹᚨᛉᚨᚢᚺ,9,synth,test
syn_000590_kdlawdgwitkt_ᚲᛞᛚᚨᚹᛞᚷᚹᛁᛏᚲᛏ.png,,590,kdlawdgwitkt,ᚲᛞᛚᚨᚹᛞᚷᚹᛁᛏᚲᛏ,12,synth,train
syn_000591_idubtomuhbŋk_ᛁᛞᚢᛒᛏᛟᛗᚢᚺᛒᛜᚲ.png,,591,idubtomuhbŋk,ᛁᛞᚢᛒᛏᛟᛗᚢᚺᛒᛜᚲ,12,synth,train
syn_000591_wtþrpdhdswh_ᚹᛏᚦᚱᛈᛞᚺᛞᛊᚹᚺ.png,,591,wtþrpdhdswh,ᚹᛏᚦᚱᛈᛞᚺᛞᛊᚹᚺ,11,synth,train
syn_000592_dRemiwawmulndj_ᛞᛉᛖᛗᛁᚹᚨᚹᛗᚢᛚᚾᛞᛃ.png,,592,dRemiwawmulndj,ᛞᛉᛖᛗᛁᚹᚨᚹᛗᚢᛚᚾᛞᛃ,14,synth,train
syn_000592_wþflkkldrR_ᚹᚦᚠᛚᚲᚲᛚᛞᚱᛉ.png,,592,wþflkkldrR,ᚹᚦᚠᛚᚲᚲᛚᛞᚱᛉ,10,synth,train
syn_000593_ugbþpldhRRerwmr_ᚢᚷᛒᚦᛈᛚᛞᚺᛉᛉᛖᚱᚹᛗᚱ.png,,593,ugbþpldhRRerwmr,ᚢᚷᛒᚦᛈᛚᛞᚺᛉᛉᛖᚱᚹᛗᚱ,15,synth,train
syn_000593_þaïnifmknþlmŋw_ᚦᚨᛇᚾᛁᚠᛗᚲᚾᚦᛚᛗᛜᚹ.png,,593,þaïnifmknþlmŋw,ᚦᚨᛇᚾᛁᚠᛗᚲᚾᚦᛚᛗᛜᚹ,14,synth,val
syn_000594_htggmufdtweks_ᚺᛏᚷᚷᛗᚢᚠᛞᛏᚹᛖᚲᛊ.png,,594,htggmufdtweks,ᚺᛏᚷᚷᛗᚢᚠᛞᛏᚹᛖᚲᛊ,13,synth,train
syn_000594_kŋïpŋbid_ᚲᛜᛇᛈᛜᛒᛁᛞ.png,,594,kŋïpŋbid,ᚲᛜᛇᛈᛜᛒᛁᛞ,8,synth,train
syn_000595_aluhŋ_ᚨᛚᚢᚺᛜ.png,,595,aluhŋ,ᚨᛚᚢᚺᛜ,5,synth,train
syn_000595_gïedkïRberfbu_ᚷᛇᛖᛞᚲᛇᛉᛒᛖᚱᚠᛒᚢ.png,,595,gïedkïRberfbu,ᚷᛇᛖᛞᚲᛇᛉᛒᛖᚱᚠᛒᚢ,13,synth,test
syn_000596_alu_ᚨᛚᚢ.png,,596,alu,ᚨᛚᚢ,3,synth,test
syn_000596_ingwaR_ᛁᚾᚷᚹᚨᛉ.png,,596,ingwaR,ᛁᚾᚷᚹᚨᛉ,6,synth,train
syn_000597_hRRjtþRRhjgdlw_ᚺᛉᛉᛃᛏᚦᛉᛉᚺᛃᚷᛞᛚᚹ.png,,597,hRRjtþRRhjgdlw,ᚺᛉᛉᛃᛏᚦᛉᛉᚺᛃᚷᛞᛚᚹ,14,synth,train
syn_000597_ogkaorup_ᛟᚷᚲᚨᛟᚱᚢᛈ.png,,597,ogkaorup,ᛟᚷᚲᚨᛟᚱᚢᛈ,8,synth,train
syn_000598_RebktuunoRkisr_ᛉᛖᛒᚲᛏᚢᚢᚾᛟᛉᚲᛁᛊᚱ.png,,598,RebktuunoRkisr,ᛉᛖᛒᚲᛏᚢᚢᚾᛟᛉᚲᛁᛊᚱ,14,synth,train
syn_000598_ekh_ᛖᚲᚺ.png,,598,ekh,ᛖᚲᚺ,3,synth,train
syn_000599_ggwuasgR_ᚷᚷᚹᚢᚨᛊᚷᛉ.png,,599,ggwuasgR,ᚷᚷᚹᚢᚨᛊᚷᛉ,8,synth,train
syn_000599_muesiïŋRþdŋesŋon_ᛗᚢᛖᛊᛁᛇᛜᛉᚦᛞᛜᛖᛊᛜᛟᚾ.png,,599,muesiïŋRþdŋesŋon,ᛗᚢᛖᛊᛁᛇᛜᛉᚦᛞᛜᛖᛊᛜᛟᚾ,16,synth,train
syn_000600_kopfþoþgjkþlnmd_ᚲᛟᛈᚠᚦᛟᚦᚷᛃᚲᚦᛚᚾᛗᛞ.png,,600,kopfþoþgjkþlnmd,ᚲᛟᛈᚠᚦᛟᚦᚷᛃᚲᚦᛚᚾᛗᛞ,15,synth,train
syn_000601_fhwhajbkdnapu_ᚠᚺᚹᚺᚨᛃᛒᚲᛞᚾᚨᛈᚢ.png,,601,fhwhajbkdnapu,ᚠᚺᚹᚺᚨᛃᛒᚲᛞᚾᚨᛈᚢ,13,synth,train
syn_000602_ingwaR_ᛁᚾᚷᚹᚨᛉ.png,,602,ingwaR,ᛁᚾᚷᚹᚨᛉ,6,synth,train
syn_000603_nmbulpþmttnpŋ_ᚾᛗᛒᚢᛚᛈᚦᛗᛏᛏᚾᛈᛜ.png,,603,nmbulpþmttnpŋ,ᚾᛗᛒᚢᛚᛈᚦᛗᛏᛏᚾᛈᛜ,13,synth,train
syn_000604_wwjtmfeï_ᚹᚹᛃᛏᛗᚠᛖᛇ.png,,604,wwjtmfeï,ᚹᚹᛃᛏᛗᚠᛖᛇ,8,synth,train
syn_000605_laukáR_ᛚᚨᚢᚲᚨᛉ.png,,605,laukáR,ᛚᚨᚢᚲᚨᛉ,6,synth,train
syn_000606_þffnaguis_ᚦᚠᚠᚾᚨᚷᚢᛁᛊ.png,,606,þffnaguis,ᚦᚠᚠᚾᚨᚷᚢᛁᛊ,9,synth,train
syn_000607_mmggïhemwlRmoh_ᛗᛗᚷᚷᛇᚺᛖᛗᚹᛚᛉᛗᛟᚺ.png,,607,mmggïhemwlRmoh,ᛗᛗᚷᚷᛇᚺᛖᛗᚹᛚᛉᛗᛟᚺ,14,synth,val
syn_000608_tiwaR_ᛏᛁᚹᚨᛉ.png,,608,tiwaR,ᛏᛁᚹᚨᛉ,5,synth,test
syn_000609_fuþark_ᚠᚢᚦᚨᚱᚲ.png,,609,fuþark,ᚠᚢᚦᚨᚱᚲ,6,synth,train
syn_000610_tfminupn_ᛏᚠᛗᛁᚾᚢᛈᚾ.png,,610,tfminupn,ᛏᚠᛗᛁᚾᚢᛈᚾ,8,synth,train
syn_000611_alu_ᚨᛚᚢ.png,,611,alu,ᚨᛚᚢ,3,synth,test
syn_000612_abwmafhirmii_ᚨᛒᚹᛗᚨᚠᚺᛁᚱᛗᛁᛁ.png,,612,abwmafhirmii,ᚨᛒᚹᛗᚨᚠᚺᛁᚱᛗᛁᛁ,12,synth,train
syn_000613_tiwaR_ᛏᛁᚹᚨᛉ.png,,613,tiwaR,ᛏᛁᚹᚨᛉ,5,synth,test
syn_000614_afjþnmahre_ᚨᚠᛃᚦᚾᛗᚨᚺᚱᛖ.png,,614,afjþnmahre,ᚨᚠᛃᚦᚾᛗᚨᚺᚱᛖ,10,synth,train
syn_000615_tiwaR_ᛏᛁᚹᚨᛉ.png,,615,tiwaR,ᛏᛁᚹᚨᛉ,5,synth,test
syn_000616_lhhuŋmoïa_ᛚᚺᚺᚢᛜᛗᛟᛇᚨ.png,,616,lhhuŋmoïa,ᛚᚺᚺᚢᛜᛗᛟᛇᚨ,9,synth,train
syn_000617_nljfsneïrf_ᚾᛚᛃᚠᛊᚾᛖᛇᚱᚠ.png,,617,nljfsneïrf,ᚾᛚᛃᚠᛊᚾᛖᛇᚱᚠ,10,synth,train
syn_000618_Roenprddph_ᛉᛟᛖᚾᛈᚱᛞᛞᛈᚺ.png,,618,Roenprddph,ᛉᛟᛖᚾᛈᚱᛞᛞᛈᚺ,10,synth,train
syn_000619_rhefdmsrthoh_ᚱᚺᛖᚠᛞᛗᛊᚱᛏᚺᛟᚺ.png,,619,rhefdmsrthoh,ᚱᚺᛖᚠᛞᛗᛊᚱᛏᚺᛟᚺ,12,synth,train
syn_000620_uobþbRþrjfŋlg_ᚢᛟᛒᚦᛒᛉᚦᚱᛃᚠᛜᛚᚷ.png,,620,uobþbRþrjfŋlg,ᚢᛟᛒᚦᛒᛉᚦᚱᛃᚠᛜᛚᚷ,13,synth,train
syn_000621_eksb_ᛖᚲᛊᛒ.png,,621,eksb,ᛖᚲᛊᛒ,4,synth,train
syn_000622_fsmmadïs_ᚠᛊᛗᛗᚨᛞᛇᛊ.png,,622,fsmmadïs,ᚠᛊᛗᛗᚨᛞᛇᛊ,8,synth,train
syn_000623_bdtlpRgdpsrthg_ᛒᛞᛏᛚᛈᛉᚷᛞᛈᛊᚱᛏᚺᚷ.png,,623,bdtlpRgdpsrthg,ᛒᛞᛏᛚᛈᛉᚷᛞᛈᛊᚱᛏᚺᚷ,14,synth,train
syn_000624_ek_ᛖᚲ.png,,624,ek,ᛖᚲ,2,synth,train
syn_000625_alu_ᚨᛚᚢ.png,,625,alu,ᚨᛚᚢ,3,synth,test
syn_000626_apskdnfmjRuoar_ᚨᛈᛊᚲᛞᚾᚠᛗᛃᛉᚢᛟᚨᚱ.png,,626,apskdnfmjRuoar,ᚨᛈᛊᚲᛞᚾᚠᛗᛃᛉᚢᛟᚨᚱ,14,synth,train
syn_000627_mrþmfwke_ᛗᚱᚦᛗᚠᚹᚲᛖ.png,,627,mrþmfwke,ᛗᚱᚦᛗᚠᚹᚲᛖ,8,synth,train
syn_000628_awïahdajhe_ᚨᚹᛇᚨᚺᛞᚨᛃᚺᛖ.png,,628,awïahdajhe,ᚨᚹᛇᚨᚺᛞᚨᛃᚺᛖ,10,synth,train
syn_000629_sapfrijtnt_ᛊᚨᛈᚠᚱᛁᛃᛏᚾᛏ.png,,629,sapfrijtnt,ᛊᚨᛈᚠᚱᛁᛃᛏᚾᛏ,10,synth,train
syn_000630_sgþkgdwhï_ᛊᚷᚦᚲᚷᛞᚹᚺᛇ.png,,630,sgþkgdwhï,ᛊᚷᚦᚲᚷᛞᚹᚺᛇ,9,synth,train
syn_000631_ekkmR_ᛖᚲᚲᛗᛉ.png,,631,ekkmR,ᛖᚲᚲᛗᛉ,5,synth,train
syn_000632_fuþark_ᚠᚢᚦᚨᚱᚲ.png,,632,fuþark,ᚠᚢᚦᚨᚱᚲ,6,synth,train
syn_000633_ŋlRfelrfdmstb_ᛜᛚᛉᚠᛖᛚᚱᚠᛞᛗᛊᛏᛒ.png,,633,ŋlRfelrfdmstb,ᛜᛚᛉᚠᛖᛚᚱᚠᛞᛗᛊᛏᛒ,13,synth,train
syn_000634_akrwbRhwknhŋ_ᚨᚲᚱᚹᛒᛉᚺᚹᚲᚾᚺᛜ.png,,634,akrwbRhwknhŋ,ᚨᚲᚱᚹᛒᛉᚺᚹᚲᚾᚺᛜ,12,synth,train
syn_000635_ïwŋuabejRnhkï_ᛇᚹᛜᚢᚨᛒᛖᛃᛉᚾᚺᚲᛇ.png,,635,ïwŋuabejRnhkï,ᛇᚹᛜᚢᚨᛒᛖᛃᛉᚾᚺᚲᛇ,13,synth,train
syn_000636_jheþuhmkR_ᛃᚺᛖᚦᚢᚺᛗᚲᛉ.png,,636,jheþuhmkR,ᛃᚺᛖᚦᚢᚺᛗᚲᛉ,9,synth,train
syn_000637_dksjtmfk_ᛞᚲᛊᛃᛏᛗᚠᚲ.png,,637,dksjtmfk,ᛞᚲᛊᛃᛏᛗᚠᚲ,8,synth,train
syn_000638_gkïsaugratŋuid_ᚷᚲᛇᛊᚨᚢᚷᚱᚨᛏᛜᚢᛁᛞ.png,,638,gkïsaugratŋuid,ᚷᚲᛇᛊᚨᚢᚷᚱᚨᛏᛜᚢᛁᛞ,14,synth,train
syn_000639_dtoswþgwuf_ᛞᛏᛟᛊᚹᚦᚷᚹᚢᚠ.png,,639,dtoswþgwuf,ᛞᛏᛟᛊᚹᚦᚷᚹᚢᚠ,10,synth,train
syn_000640_rwŋetmRa_ᚱᚹᛜᛖᛏᛗᛉᚨ.png,,640,rwŋetmRa,ᚱᚹᛜᛖᛏᛗᛉᚨ,8,synth,train
syn_000641_jkRhïdhpnþRm_ᛃᚲᛉᚺᛇᛞᚺᛈᚾᚦᛉᛗ.png,,641,jkRhïdhpnþRm,ᛃᚲᛉᚺᛇᛞᚺᛈᚾᚦᛉᛗ,12,synth,train
syn_000642_urbtmpïjadRRŋp_ᚢᚱᛒᛏᛗᛈᛇᛃᚨᛞᛉᛉᛜᛈ.png,,642,urbtmpïjadRRŋp,ᚢᚱᛒᛏᛗᛈᛇᛃᚨᛞᛉᛉᛜᛈ,14,synth,train
syn_000643_aþkafþaddw_ᚨᚦᚲᚨᚠᚦᚨᛞᛞᚹ.png,,643,aþkafþaddw,ᚨᚦᚲᚨᚠᚦᚨᛞᛞᚹ,10,synth,train
syn_000644_igïsojoeþþkl_ᛁᚷᛇᛊᛟᛃᛟᛖᚦᚦᚲᛚ.png,,644,igïsojoeþþkl,ᛁᚷᛇᛊᛟᛃᛟᛖᚦᚦᚲᛚ,12,synth,test
syn_000645_ek_ᛖᚲ.png,,645,ek,ᛖᚲ,2,synth,train
syn_000646_kiimghþgsd_ᚲᛁᛁᛗᚷᚺᚦᚷᛊᛞ.png,,646,kiimghþgsd,ᚲᛁᛁᛗᚷᚺᚦᚷᛊᛞ,10,synth,train
syn_000647_þaimïjwggulmb_ᚦᚨᛁᛗᛇᛃᚹᚷᚷᚢᛚᛗᛒ.png,,647,þaimïjwggulmb,ᚦᚨᛁᛗᛇᛃᚹᚷᚷᚢᛚᛗᛒ,13,synth,train
syn_000648_alu_ᚨᛚᚢ.png,,648,alu,ᚨᛚᚢ,3,synth,test
syn_000649_wkïpRhiþtdtmlw_ᚹᚲᛇᛈᛉᚺᛁᚦᛏᛞᛏᛗᛚᚹ.png,,649,wkïpRhiþtdtmlw,ᚹᚲᛇᛈᛉᚺᛁᚦᛏᛞᛏᛗᛚᚹ,14,synth,train
syn_000650_nmRjlþlïmï_ᚾᛗᛉᛃᛚᚦᛚᛇᛗᛇ.png,,650,nmRjlþlïmï,ᚾᛗᛉᛃᛚᚦᛚᛇᛗᛇ,10,synth,train
syn_000651_alui_ᚨᛚᚢᛁ.png,,651,alui,ᚨᛚᚢᛁ,4,synth,train
syn_000652_ek_ᛖᚲ.png,,652,ek,ᛖᚲ,2,synth,train
syn_000653_tilfptntnŋhsopr_ᛏᛁᛚᚠᛈᛏᚾᛏᚾᛜᚺᛊᛟᛈᚱ.png,,653,tilfptntnŋhsopr,ᛏᛁᛚᚠᛈᛏᚾᛏᚾᛜᚺᛊᛟᛈᚱ,15,synth,val
syn_000654_jjljeemf_ᛃᛃᛚᛃᛖᛖᛗᚠ.png,,654,jjljeemf,ᛃᛃᛚᛃᛖᛖᛗᚠ,8,synth,train
syn_000655_þktdffjseaplow_ᚦᚲᛏᛞᚠᚠᛃᛊᛖᚨᛈᛚᛟᚹ.png,,655,þktdffjseaplow,ᚦᚲᛏᛞᚠᚠᛃᛊᛖᚨᛈᛚᛟᚹ,14,synth,train
syn_000656_alu_ᚨᛚᚢ.png,,656,alu,ᚨᛚᚢ,3,synth,test
syn_000657_haŋaplþn_ᚺᚨᛜᚨᛈᛚᚦᚾ.png,,657,haŋaplþn,ᚺᚨᛜᚨᛈᛚᚦᚾ,8,synth,train
syn_000658_tiwaR_ᛏᛁᚹᚨᛉ.png,,658,tiwaR,ᛏᛁᚹᚨᛉ,5,synth,test
syn_000659_laukáRlmr_ᛚᚨᚢᚲᚨᛉᛚᛗᚱ.png,,659,laukáRlmr,ᛚᚨᚢᚲᚨᛉᛚᛗᚱ,9,synth,train
syn_000660_fikjfŋpwRab_ᚠᛁᚲᛃᚠᛜᛈᚹᛉᚨᛒ.png,,660,fikjfŋpwRab,ᚠᛁᚲᛃᚠᛜᛈᚹᛉᚨᛒ,11,synth,train
syn_000661_laukáR_ᛚᚨᚢᚲᚨᛉ.png,,661,laukáR,ᛚᚨᚢᚲᚨᛉ,6,synth,train
syn_000662_umgnrþwikduj_ᚢᛗᚷᚾᚱᚦᚹᛁᚲᛞᚢᛃ.png,,662,umgnrþwikduj,ᚢᛗᚷᚾᚱᚦᚹᛁᚲᛞᚢᛃ,12,synth,train
syn_000663_npnurlbsïþiþh_ᚾᛈᚾᚢᚱᛚᛒᛊᛇᚦᛁᚦᚺ.png,,663,npnurlbsïþiþh,ᚾᛈᚾᚢᚱᛚᛒᛊᛇᚦᛁᚦᚺ,13,synth,train
syn_000664_nsŋtnfpŋ_ᚾᛊᛜᛏᚾᚠᛈᛜ.png,,664,nsŋtnfpŋ,ᚾᛊᛜᛏᚾᚠᛈᛜ,8,synth,train
syn_000665_fhaþfofjwpnŋmoa_ᚠᚺᚨᚦᚠᛟᚠᛃᚹᛈᚾᛜᛗᛟᚨ.png,,665,fhaþfofjwpnŋmoa,ᚠᚺᚨᚦᚠᛟᚠᛃᚹᛈᚾᛜᛗᛟᚨ,15,synth,train
syn_000666_pnsorgsij_ᛈᚾᛊᛟᚱᚷᛊᛁᛃ.png,,666,pnsorgsij,ᛈᚾᛊᛟᚱᚷᛊᛁᛃ,9,synth,train
syn_000667_þdullrbuphja_ᚦᛞᚢᛚᛚᚱᛒᚢᛈᚺᛃᚨ.png,,667,þdullrbuphja,ᚦᛞᚢᛚᛚᚱᛒᚢᛈᚺᛃᚨ,12,synth,train
syn_000668_bgmwrkïoi_ᛒᚷᛗᚹᚱᚲᛇᛟᛁ.png,,668,bgmwrkïoi,ᛒᚷᛗᚹᚱᚲᛇᛟᛁ,9,synth,train
syn_000669_kfuafrfed_ᚲᚠᚢᚨᚠᚱᚠᛖᛞ.png,,669,kfuafrfed,ᚲᚠᚢᚨᚠᚱᚠᛖᛞ,9,synth,train
syn_000670_kþleïbtdslpkþog_ᚲᚦᛚᛖᛇᛒᛏᛞᛊᛚᛈᚲᚦᛟᚷ.png,,670,kþleïbtdslpkþog,ᚲᚦᛚᛖᛇᛒᛏᛞᛊᛚᛈᚲᚦᛟᚷ,15,synth,train
syn_000671_ek_ᛖᚲ.png,,671,ek,ᛖᚲ,2,synth,train
syn_000672_ekj_ᛖᚲᛃ.png,,672,ekj,ᛖᚲᛃ,3,synth,train
syn_000673_seonogŋŋbt_ᛊᛖᛟᚾᛟᚷᛜᛜᛒᛏ.png,,673,seonogŋŋbt,ᛊᛖᛟᚾᛟᚷᛜᛜᛒᛏ,10,synth,train
syn_000674_kgsehdld_ᚲᚷᛊᛖᚺᛞᛚᛞ.png,,674,kgsehdld,ᚲᚷᛊᛖᚺᛞᛚᛞ,8,synth,train
syn_000675_npmþrïmjkRmŋ_ᚾᛈᛗᚦᚱᛇᛗᛃᚲᛉᛗᛜ.png,,675,npmþrïmjkRmŋ,ᚾᛈᛗᚦᚱᛇᛗᛃᚲᛉᛗᛜ,12,synth,train
syn_000676_mjorþuranïlroR_ᛗᛃᛟᚱᚦᚢᚱᚨᚾᛇᛚᚱᛟᛉ.png,,676,mjorþuranïlroR,ᛗᛃᛟᚱᚦᚢᚱᚨᚾᛇᛚᚱᛟᛉ,14,synth,train
syn_000677_lwhdaflŋfg_ᛚᚹᚺᛞᚨᚠᛚᛜᚠᚷ.png,,677,lwhdaflŋfg,ᛚᚹᚺᛞᚨᚠᛚᛜᚠᚷ,10,synth,train
syn_000678_fuþark_ᚠᚢᚦᚨᚱᚲ.png,,678,fuþark,ᚠᚢᚦᚨᚱᚲ,6,synth,train
syn_000679_lŋiwltutamgskau_ᛚᛜᛁᚹᛚᛏᚢᛏᚨᛗᚷᛊᚲᚨᚢ.png,,679,lŋiwltutamgskau,ᛚᛜᛁᚹᛚᛏᚢᛏᚨᛗᚷᛊᚲᚨᚢ,15,synth,val
syn_000680_awudgkdabRuþjþ_ᚨᚹᚢᛞᚷᚲᛞᚨᛒᛉᚢᚦᛃᚦ.png,,680,awudgkdabRuþjþ,ᚨᚹᚢᛞᚷᚲᛞᚨᛒᛉᚢᚦᛃᚦ,14,synth,train
syn_000681_bwabkngi_ᛒᚹᚨᛒᚲᚾᚷᛁ.png,,681,bwabkngi,ᛒᚹᚨᛒᚲᚾᚷᛁ,8,synth,train
syn_000682_ïotapþlttkua_ᛇᛟᛏᚨᛈᚦᛚᛏᛏᚲᚢᚨ.png,,682,ïotapþlttkua,ᛇᛟᛏᚨᛈᚦᛚᛏᛏᚲᚢᚨ,12,synth,train
syn_000683_fuþark_ᚠᚢᚦᚨᚱᚲ.png,,683,fuþark,ᚠᚢᚦᚨᚱᚲ,6,synth,train
syn_000684_pdþjmdur_ᛈᛞᚦᛃᛗᛞᚢᚱ.png,,684,pdþjmdur,ᛈᛞᚦᛃᛗᛞᚢᚱ,8,synth,train
syn_000685_tdwgRwnŋsei_ᛏᛞᚹᚷᛉᚹᚾᛜᛊᛖᛁ.png,,685,tdwgRwnŋsei,ᛏᛞᚹᚷᛉᚹᚾᛜᛊᛖᛁ,11,synth,train
syn_000686_ïifRaRlejRpso_ᛇᛁᚠᛉᚨᛉᛚᛖᛃᛉᛈᛊᛟ.png,,686,ïifRaRlejRpso,ᛇᛁᚠᛉᚨᛉᛚᛖᛃᛉᛈᛊᛟ,13,synth,train
syn_000687_jïþkþgŋagano_ᛃᛇᚦᚲᚦᚷᛜᚨᚷᚨᚾᛟ.png,,687,jïþkþgŋagano,ᛃᛇᚦᚲᚦᚷᛜᚨᚷᚨᚾᛟ,12,synth,val
syn_000688_eprþlorŋeRsþnwï_ᛖᛈᚱᚦᛚᛟᚱᛜᛖᛉᛊᚦᚾᚹᛇ.png,,688,eprþlorŋeRsþnwï,ᛖᛈᚱᚦᛚᛟᚱᛜᛖᛉᛊᚦᚾᚹᛇ,15,synth,train
syn_000689_whmwdnimgmbŋþu_ᚹᚺᛗᚹᛞᚾᛁᛗᚷᛗᛒᛜᚦᚢ.png,,689,whmwdnimgmbŋþu,ᚹᚺᛗᚹᛞᚾᛁᛗᚷᛗᛒᛜᚦᚢ,14,synth,train
syn_000690_ïkŋwemmhhidnu_ᛇᚲᛜᚹᛖᛗᛗᚺᚺᛁᛞᚾᚢ.png,,690,ïkŋwemmhhidnu,ᛇᚲᛜᚹᛖᛗᛗᚺᚺᛁᛞᚾᚢ,13,synth,train
syn_000691_jdewubeaïkRsbRi_ᛃᛞᛖᚹᚢᛒᛖᚨᛇᚲᛉᛊᛒᛉᛁ.png,,691,jdewubeaïkRsbRi,ᛃᛞᛖᚹᚢᛒᛖᚨᛇᚲᛉᛊᛒᛉᛁ,15,synth,train
syn_000692_fþŋewrdjŋhupbRt_ᚠᚦᛜᛖᚹᚱᛞᛃᛜᚺᚢᛈᛒᛉᛏ.png,,692,fþŋewrdjŋhupbRt,ᚠᚦᛜᛖᚹᚱᛞᛃᛜᚺᚢᛈᛒᛉᛏ,15,synth,train
syn_000693_lhïŋsïgRbs_ᛚᚺᛇᛜᛊᛇᚷᛉᛒᛊ.png,,693,lhïŋsïgRbs,ᛚᚺᛇᛜᛊᛇᚷᛉᛒᛊ,10,synth,train
syn_000694_ek_ᛖᚲ.png,,694,ek,ᛖᚲ,2,synth,train
syn_000695_eeRddfuutidïwfï_ᛖᛖᛉᛞᛞᚠᚢᚢᛏᛁᛞᛇᚹᚠᛇ.png,,695,eeRddfuutidïwfï,ᛖᛖᛉᛞᛞᚠᚢᚢᛏᛁᛞᛇᚹᚠᛇ,15,synth,train
syn_000696_Rmmemlsklewŋŋn_ᛉᛗᛗᛖᛗᛚᛊᚲᛚᛖᚹᛜᛜᚾ.png,,696,Rmmemlsklewŋŋn,ᛉᛗᛗᛖᛗᛚᛊᚲᛚᛖᚹᛜᛜᚾ,14,synth,train
syn_000697_ekka_ᛖᚲᚲᚨ.png,,697,ekka,ᛖᚲᚲᚨ,4,synth,train
syn_000698_Riïdwbsd_ᛉᛁᛇᛞᚹᛒᛊᛞ.png,,698,Riïdwbsd,ᛉᛁᛇᛞᚹᛒᛊᛞ,8,synth,train
syn_000699_hswþlwrf_ᚺᛊᚹᚦᛚᚹᚱᚠ.png,,699,hswþlwrf,ᚺᛊᚹᚦᛚᚹᚱᚠ,8,synth,train
syn_000700_uotdisbtkþï_ᚢᛟᛏᛞᛁᛊᛒᛏᚲᚦᛇ.png,,700,uotdisbtkþï,ᚢᛟᛏᛞᛁᛊᛒᛏᚲᚦᛇ,11,synth,test
syn_000700_wsudïnmufbjh_ᚹᛊᚢᛞᛇᚾᛗᚢᚠᛒᛃᚺ.png,,700,wsudïnmufbjh,ᚹᛊᚢᛞᛇᚾᛗᚢᚠᛒᛃᚺ,12,synth,train
syn_000701_gfmjlamh_ᚷᚠᛗᛃᛚᚨᛗᚺ.png,,701,gfmjlamh,ᚷᚠᛗᛃᛚᚨᛗᚺ,8,synth,test
syn_000701_mjtupogbdmjlRd_ᛗᛃᛏᚢᛈᛟᚷᛒᛞᛗᛃᛚᛉᛞ.png,,701,mjtupogbdmjlRd,ᛗᛃᛏᚢᛈᛟᚷᛒᛞᛗᛃᛚᛉᛞ,14,synth,train
syn_000702_fþþbjieweeïïes_ᚠᚦᚦᛒᛃᛁᛖᚹᛖᛖᛇᛇᛖᛊ.png,,702,fþþbjieweeïïes,ᚠᚦᚦᛒᛃᛁᛖᚹᛖᛖᛇᛇᛖᛊ,14,synth,train
syn_000702_smþRkRbra_ᛊᛗᚦᛉᚲᛉᛒᚱᚨ.png,,702,smþRkRbra,ᛊᛗᚦᛉᚲᛉᛒᚱᚨ,9,synth,train
syn_000703_epïjpeaof_ᛖᛈᛇᛃᛈᛖᚨᛟᚠ.png,,703,epïjpeaof,ᛖᛈᛇᛃᛈᛖᚨᛟᚠ,9,synth,test
syn_000703_wgspgubþkhisŋus_ᚹᚷᛊᛈᚷᚢᛒᚦᚲᚺᛁᛊᛜᚢᛊ.png,,703,wgspgubþkhisŋus,ᚹᚷᛊᛈᚷᚢᛒᚦᚲᚺᛁᛊᛜᚢᛊ,15,synth,train
syn_000704_fjrdpmrbprfi_ᚠᛃᚱᛞᛈᛗᚱᛒᛈᚱᚠᛁ.png,,704,fjrdpmrbprfi,ᚠᛃᚱᛞᛈᛗᚱᛒᛈᚱᚠᛁ,12,synth,train
syn_000704_oainuþfrumRjf_ᛟᚨᛁᚾᚢᚦᚠᚱᚢᛗᛉᛃᚠ.png,,704,oainuþfrumRjf,ᛟᚨᛁᚾᚢᚦᚠᚱᚢᛗᛉᛃᚠ,13,synth,train
syn_000705_bŋjfbippkþo_ᛒᛜᛃᚠᛒᛁᛈᛈᚲᚦᛟ.png,,705,bŋjfbippkþo,ᛒᛜᛃᚠᛒᛁᛈᛈᚲᚦᛟ,11,synth,train
syn_000705_ugfuaïjuŋfkjr_ᚢᚷᚠᚢᚨᛇᛃᚢᛜᚠᚲᛃᚱ.png,,705,ugfuaïjuŋfkjr,ᚢᚷᚠᚢᚨᛇᛃᚢᛜᚠᚲᛃᚱ,13,synth,train
syn_000706_ek_ᛖᚲ.png,,706,ek,ᛖᚲ,2,synth,train
syn_000706_ïiwmkmoï_ᛇᛁᚹᛗᚲᛗᛟᛇ.png,,706,ïiwmkmoï,ᛇᛁᚹᛗᚲᛗᛟᛇ,8,synth,train
syn_000707_iiŋïeïsdŋgokgga_ᛁᛁᛜᛇᛖᛇᛊᛞᛜᚷᛟᚲᚷᚷᚨ.png,,707,iiŋïeïsdŋgokgga,ᛁᛁᛜᛇᛖᛇᛊᛞᛜᚷᛟᚲᚷᚷᚨ,15,synth,train
syn_000707_tiwaR_ᛏᛁᚹᚨᛉ.png,,707,tiwaR,ᛏᛁᚹᚨᛉ,5,synth,test
syn_000708_alu_ᚨᛚᚢ.png,,708,alu,ᚨᛚᚢ,3,synth,test
syn_000708_rumlrbatŋdmig_ᚱᚢᛗᛚᚱᛒᚨᛏᛜᛞᛗᛁᚷ.png,,708,rumlrbatŋdmig,ᚱᚢᛗᛚᚱᛒᚨᛏᛜᛞᛗᛁᚷ,13,synth,train
syn_000709_alu_ᚨᛚᚢ.png,,709,alu,ᚨᛚᚢ,3,synth,test
syn_000709_lpftpmrwdfr_ᛚᛈᚠᛏᛈᛗᚱᚹᛞᚠᚱ.png,,709,lpftpmrwdfr,ᛚᛈᚠᛏᛈᛗᚱᚹᛞᚠᚱ,11,synth,train
syn_000710_Rdfnprŋpjhsb_ᛉᛞᚠᚾᛈᚱᛜᛈᛃᚺᛊᛒ.png,,710,Rdfnprŋpjhsb,ᛉᛞᚠᚾᛈᚱᛜᛈᛃᚺᛊᛒ,12,synth,train
syn_000710_ŋRwkþsosuwdpŋjb_ᛜᛉᚹᚲᚦᛊᛟᛊᚢᚹᛞᛈᛜᛃᛒ.png,,710,ŋRwkþsosuwdpŋjb,ᛜᛉᚹᚲᚦᛊᛟᛊᚢᚹᛞᛈᛜᛃᛒ,15,synth,train
syn_000711_tiwaR_ᛏᛁᚹᚨᛉ.png,,711,tiwaR,ᛏᛁᚹᚨᛉ,5,synth,test
syn_000711_wehwhrparbim_ᚹᛖᚺᚹᚺᚱᛈᚨᚱᛒᛁᛗ.png,,711,wehwhrparbim,ᚹᛖᚺᚹᚺᚱᛈᚨᚱᛒᛁᛗ,12,synth,train
syn_000712_ek_ᛖᚲ.png,,712,ek,ᛖᚲ,2,synth,train
syn_000712_laukáR_ᛚᚨᚢᚲᚨᛉ.png,,712,laukáR,ᛚᚨᚢᚲᚨᛉ,6,synth,train
syn_000713_sltikjRs_ᛊᛚᛏᛁᚲᛃᛉᛊ.png,,713,sltikjRs,ᛊᛚᛏᛁᚲᛃᛉᛊ,8,synth,train
syn_000713_uklŋkskoþflh_ᚢᚲᛚᛜᚲᛊᚲᛟᚦᚠᛚᚺ.png,,713,uklŋkskoþflh,ᚢᚲᛚᛜᚲᛊᚲᛟᚦᚠᛚᚺ,12,synth,train
syn_000714_fbïfaarte_ᚠᛒᛇᚠᚨᚨᚱᛏᛖ.png,,714,fbïfaarte,ᚠᛒᛇᚠᚨᚨᚱᛏᛖ,9,synth,train
syn_000714_fuþark_ᚠᚢᚦᚨᚱᚲ.png,,714,fuþark,ᚠᚢᚦᚨᚱᚲ,6,synth,train
syn_000715_swkfgsþpee_ᛊᚹᚲᚠᚷᛊᚦᛈᛖᛖ.png,,715,swkfgsþpee,ᛊᚹᚲᚠᚷᛊᚦᛈᛖᛖ,10,synth,val
syn_000716_ŋsRegwanïe_ᛜᛊᛉᛖᚷᚹᚨᚾᛇᛖ.png,,716,ŋsRegwanïe,ᛜᛊᛉᛖᚷᚹᚨᚾᛇᛖ,10,synth,val
syn_000717_rhinggtimþþp_ᚱᚺᛁᚾᚷᚷᛏᛁᛗᚦᚦᛈ.png,,717,rhinggtimþþp,ᚱᚺᛁᚾᚷᚷᛏᛁᛗᚦᚦᛈ,12,synth,train
syn_000718_laukáR_ᛚᚨᚢᚲᚨᛉ.png,,718,laukáR,ᛚᚨᚢᚲᚨᛉ,6,synth,train
syn_000719_wkŋïsjhhmleï_ᚹᚲᛜᛇᛊᛃᚺᚺᛗᛚᛖᛇ.png,,719,wkŋïsjhhmleï,ᚹᚲᛜᛇᛊᛃᚺᚺᛗᛚᛖᛇ,12,synth,train
syn_000720_smþpwliwþ_ᛊᛗᚦᛈᚹᛚᛁᚹᚦ.png,,720,smþpwliwþ,ᛊᛗᚦᛈᚹᛚᛁᚹᚦ,9,synth,test
syn_000721_ouwuþgŋnag_ᛟᚢᚹᚢᚦᚷᛜᚾᚨᚷ.png,,721,ouwuþgŋnag,ᛟᚢᚹᚢᚦᚷᛜᚾᚨᚷ,10,synth,train
syn_000722_tiwaR_ᛏᛁᚹᚨᛉ.png,,722,tiwaR,ᛏᛁᚹᚨᛉ,5,synth,test
syn_000723_ingwaRiop_ᛁᚾᚷᚹᚨᛉᛁᛟᛈ.png,,723,ingwaRiop,ᛁᚾᚷᚹᚨᛉᛁᛟᛈ,9,synth,val
syn_000724_ingwaR_ᛁᚾᚷᚹᚨᛉ.png,,724,ingwaR,ᛁᚾᚷᚹᚨᛉ,6,synth,train
syn_000725_lŋbuïjewtkRmae_ᛚᛜᛒᚢᛇᛃᛖᚹᛏᚲᛉᛗᚨᛖ.png,,725,lŋbuïjewtkRmae,ᛚᛜᛒᚢᛇᛃᛖᚹᛏᚲᛉᛗᚨᛖ,14,synth,test
syn_000726_tjŋwtfuiwnana_ᛏᛃᛜᚹᛏᚠᚢᛁᚹᚾᚨᚾᚨ.png,,726,tjŋwtfuiwnana,ᛏᛃᛜᚹᛏᚠᚢᛁᚹᚾᚨᚾᚨ,13,synth,train
syn_000727_gebsŋtjgg_ᚷᛖᛒᛊᛜᛏᛃᚷᚷ.png,,727,gebsŋtjgg,ᚷᛖᛒᛊᛜᛏᛃᚷᚷ,9,synth,train
syn_000728_mpRidgdfiþ_ᛗᛈᛉᛁᛞᚷᛞᚠᛁᚦ.png,,728,mpRidgdfiþ,ᛗᛈᛉᛁᛞᚷᛞᚠᛁᚦ,10,synth,train
syn_000729_gktpoailim_ᚷᚲᛏᛈᛟᚨᛁᛚᛁᛗ.png,,729,gktpoailim,ᚷᚲᛏᛈᛟᚨᛁᛚᛁᛗ,10,synth,val
syn_000730_ingwaR_ᛁᚾᚷᚹᚨᛉ.png,,730,ingwaR,ᛁᚾᚷᚹᚨᛉ,6,synth,train
syn_000731_juþejrfbmRdkd_ᛃᚢᚦᛖᛃᚱᚠᛒᛗᛉᛞᚲᛞ.png,,731,juþejrfbmRdkd,ᛃᚢᚦᛖᛃᚱᚠᛒᛗᛉᛞᚲᛞ,13,synth,test
syn_000732_fŋrbþtbtlpgd_ᚠᛜᚱᛒᚦᛏᛒᛏᛚᛈᚷᛞ.png,,732,fŋrbþtbtlpgd,ᚠᛜᚱᛒᚦᛏᛒᛏᛚᛈᚷᛞ,12,synth,train
syn_000733_kjlþrtïakjadd_ᚲᛃᛚᚦᚱᛏᛇᚨᚲᛃᚨᛞᛞ.png,,733,kjlþrtïakjadd,ᚲᛃᛚᚦᚱᛏᛇᚨᚲᛃᚨᛞᛞ,13,synth,train
syn_000734_alu_ᚨᛚᚢ.png,,734,alu,ᚨᛚᚢ,3,synth,test
syn_000735_ingwaR_ᛁᚾᚷᚹᚨᛉ.png,,735,ingwaR,ᛁᚾᚷᚹᚨᛉ,6,synth,train
syn_000736_ek_ᛖᚲ.png,,736,ek,ᛖᚲ,2,synth,train
syn_000737_tiwaR_ᛏᛁᚹᚨᛉ.png,,737,tiwaR,ᛏᛁᚹᚨᛉ,5,synth,test
syn_000738_ingwaReþþ_ᛁᚾᚷᚹᚨᛉᛖᚦᚦ.png,,738,ingwaReþþ,ᛁᚾᚷᚹᚨᛉᛖᚦᚦ,9,synth,train
syn_000739_lswibïRŋur_ᛚᛊᚹᛁᛒᛇᛉᛜᚢᚱ.png,,739,lswibïRŋur,ᛚᛊᚹᛁᛒᛇᛉᛜᚢᚱ,10,synth,train
syn_000740_mttmkwmmjmþhrop_ᛗᛏᛏᛗᚲᚹᛗᛗᛃᛗᚦᚺᚱᛟᛈ.png,,740,mttmkwmmjmþhrop,ᛗᛏᛏᛗᚲᚹᛗᛗᛃᛗᚦᚺᚱᛟᛈ,15,synth,train
syn_000741_urwmþfrŋprp_ᚢᚱᚹᛗᚦᚠᚱᛜᛈᚱᛈ.png,,741,urwmþfrŋprp,ᚢᚱᚹᛗᚦᚠᚱᛜᛈᚱᛈ,11,synth,test
syn_000742_alul_ᚨᛚᚢᛚ.png,,742,alul,ᚨᛚᚢᛚ,4,synth,train
syn_000743_wbriRRiŋessgŋ_ᚹᛒᚱᛁᛉᛉᛁᛜᛖᛊᛊᚷᛜ.png,,743,wbriRRiŋessgŋ,ᚹᛒᚱᛁᛉᛉᛁᛜᛖᛊᛊᚷᛜ,13,synth,train
syn_000744_lpkkjashl_ᛚᛈᚲᚲᛃᚨᛊᚺᛚ.png,,744,lpkkjashl,ᛚᛈᚲᚲᛃᚨᛊᚺᛚ,9,synth,train
syn_000745_ŋknoŋfRsïRehþ_ᛜᚲᚾᛟᛜᚠᛉᛊᛇᛉᛖᚺᚦ.png,,745,ŋknoŋfRsïRehþ,ᛜᚲᚾᛟᛜᚠᛉᛊᛇᛉᛖᚺᚦ,13,synth,train
syn_000746_ingwaR_ᛁᚾᚷᚹᚨᛉ.png,,746,ingwaR,ᛁᚾᚷᚹᚨᛉ,6,synth,train
syn_000747_tiwaR_ᛏᛁᚹᚨᛉ.png,,747,tiwaR,ᛏᛁᚹᚨᛉ,5,synth,test
syn_000748_dukaïwhþakjŋ_ᛞᚢᚲᚨᛇᚹᚺᚦᚨᚲᛃᛜ.png,,748,dukaïwhþakjŋ,ᛞᚢᚲᚨᛇᚹᚺᚦᚨᚲᛃᛜ,12,synth,train
syn_000749_bduprhbpgïlf_ᛒᛞᚢᛈᚱᚺᛒᛈᚷᛇᛚᚠ.png,,749,bduprhbpgïlf,ᛒᛞᚢᛈᚱᚺᛒᛈᚷᛇᛚᚠ,12,synth,train
syn_000750_umhmopkmwl_ᚢᛗᚺᛗᛟᛈᚲᛗᚹᛚ.png,,750,umhmopkmwl,ᚢᛗᚺᛗᛟᛈᚲᛗᚹᛚ,10,synth,train
syn_000751_pjkopbnm_ᛈᛃᚲᛟᛈᛒᚾᛗ.png,,751,pjkopbnm,ᛈᛃᚲᛟᛈᛒᚾᛗ,8,synth,val
syn_000752_ïwmkiŋŋkmŋ_ᛇᚹᛗᚲᛁᛜᛜᚲᛗᛜ.png,,752,ïwmkiŋŋkmŋ,ᛇᚹᛗᚲᛁᛜᛜᚲᛗᛜ,10,synth,train
syn_000753_aibþjïpfbþuwa_ᚨᛁᛒᚦᛃᛇᛈᚠᛒᚦᚢᚹᚨ.png,,753,aibþjïpfbþuwa,ᚨᛁᛒᚦᛃᛇᛈᚠᛒᚦᚢᚹᚨ,13,synth,train
syn_000754_uewtifstRR_ᚢᛖᚹᛏᛁᚠᛊᛏᛉᛉ.png,,754,uewtifstRR,ᚢᛖᚹᛏᛁᚠᛊᛏᛉᛉ,10,synth,train
syn_000755_krlpwmRlerm_ᚲᚱᛚᛈᚹᛗᛉᛚᛖᚱᛗ.png,,755,krlpwmRlerm,ᚲᚱᛚᛈᚹᛗᛉᛚᛖᚱᛗ,11,synth,train
syn_000756_didfsRpomoŋŋ_ᛞᛁᛞᚠᛊᛉᛈᛟᛗᛟᛜᛜ.png,,756,didfsRpomoŋŋ,ᛞᛁᛞᚠᛊᛉᛈᛟᛗᛟᛜᛜ,12,synth,train
syn_000757_iumgdbsïddbens_ᛁᚢᛗᚷᛞᛒᛊᛇᛞᛞᛒᛖᚾᛊ.png,,757,iumgdbsïddbens,ᛁᚢᛗᚷᛞᛒᛊᛇᛞᛞᛒᛖᚾᛊ,14,synth,train
syn_000758_wŋsliŋŋbiRhjRdj_ᚹᛜᛊᛚᛁᛜᛜᛒᛁᛉᚺᛃᛉᛞᛃ.png,,758,wŋsliŋŋbiRhjRdj,ᚹᛜᛊᛚᛁᛜᛜᛒᛁᛉᚺᛃᛉᛞᛃ,15,synth,test
syn_000759_aluhup_ᚨᛚᚢᚺᚢᛈ.png,,759,aluhup,ᚨᛚᚢᚺᚢᛈ,6,synth,train
syn_000760_odhsïfdfrmtoŋr_ᛟᛞᚺᛊᛇᚠᛞᚠᚱᛗᛏᛟᛜᚱ.png,,760,odhsïfdfrmtoŋr,ᛟᛞᚺᛊᛇᚠᛞᚠᚱᛗᛏᛟᛜᚱ,14,synth,train
syn_000761_fuþarke_ᚠᚢᚦᚨᚱᚲᛖ.png,,761,fuþarke,ᚠᚢᚦᚨᚱᚲᛖ,7,synth,train
syn_000762_eeomjohas_ᛖᛖᛟᛗᛃᛟᚺᚨᛊ.png,,762,eeomjohas,ᛖᛖᛟᛗᛃᛟᚺᚨᛊ,9,synth,train
syn_000763_tbpaodesjiïplw_ᛏᛒᛈᚨᛟᛞᛖᛊᛃᛁᛇᛈᛚᚹ.png,,763,tbpaodesjiïplw,ᛏᛒᛈᚨᛟᛞᛖᛊᛃᛁᛇᛈᛚᚹ,14,synth,train
syn_000764_alu_ᚨᛚᚢ.png,,764,alu,ᚨᛚᚢ,3,synth,test
syn_000765_fuþark_ᚠᚢᚦᚨᚱᚲ.png,,765,fuþark,ᚠᚢᚦᚨᚱᚲ,6,synth,train
syn_000766_ingwaR_ᛁᚾᚷᚹᚨᛉ.png,,766,ingwaR,ᛁᚾᚷᚹᚨᛉ,6,synth,train
syn_000767_reliRkrdkfr_ᚱᛖᛚᛁᛉᚲᚱᛞᚲᚠᚱ.png,,767,reliRkrdkfr,ᚱᛖᛚᛁᛉᚲᚱᛞᚲᚠᚱ,11,synth,train
syn_000768_jnlþkokke_ᛃᚾᛚᚦᚲᛟᚲᚲᛖ.png,,768,jnlþkokke,ᛃᚾᛚᚦᚲᛟᚲᚲᛖ,9,synth,train
syn_000769_Reuudŋþatwkb_ᛉᛖᚢᚢᛞᛜᚦᚨᛏᚹᚲᛒ.png,,769,Reuudŋþatwkb,ᛉᛖᚢᚢᛞᛜᚦᚨᛏᚹᚲᛒ,12,synth,train
syn_000770_ibwdsphefgfrþkŋ_ᛁᛒᚹᛞᛊᛈᚺᛖᚠᚷᚠᚱᚦᚲᛜ.png,,770,ibwdsphefgfrþkŋ,ᛁᛒᚹᛞᛊᛈᚺᛖᚠᚷᚠᚱᚦᚲᛜ,15,synth,train
syn_000771_RRgrïjegR_ᛉᛉᚷᚱᛇᛃᛖᚷᛉ.png,,771,RRgrïjegR,ᛉᛉᚷᚱᛇᛃᛖᚷᛉ,9,synth,train
syn_000772_udiwowþRlhrg_ᚢᛞᛁᚹᛟᚹᚦᛉᛚᚺᚱᚷ.png,,772,udiwowþRlhrg,ᚢᛞᛁᚹᛟᚹᚦᛉᛚᚺᚱᚷ,12,synth,train
syn_000773_ekp_ᛖᚲᛈ.png,,773,ekp,ᛖᚲᛈ,3,synth,val
syn_000774_þtpþpnfemþuiïi_ᚦᛏᛈᚦᛈᚾᚠᛖᛗᚦᚢᛁᛇᛁ.png,,774,þtpþpnfemþuiïi,ᚦᛏᛈᚦᛈᚾᚠᛖᛗᚦᚢᛁᛇᛁ,14,synth,test
syn_000775_dkldrmpuku_ᛞᚲᛚᛞᚱᛗᛈᚢᚲᚢ.png,,775,dkldrmpuku,ᛞᚲᛚᛞᚱᛗᛈᚢᚲᚢ,10,synth,test
syn_000776_jjmdŋnudh_ᛃᛃᛗᛞᛜᚾᚢᛞᚺ.png,,776,jjmdŋnudh,ᛃᛃᛗᛞᛜᚾᚢᛞᚺ,9,synth,train
syn_000777_khuhkphnllanf_ᚲᚺᚢᚺᚲᛈᚺᚾᛚᛚᚨᚾᚠ.png,,777,khuhkphnllanf,ᚲᚺᚢᚺᚲᛈᚺᚾᛚᛚᚨᚾᚠ,13,synth,test
syn_000778_wirusnuŋmRw_ᚹᛁᚱᚢᛊᚾᚢᛜᛗᛉᚹ.png,,778,wirusnuŋmRw,ᚹᛁᚱᚢᛊᚾᚢᛜᛗᛉᚹ,11,synth,train
syn_000779_fuþarkbþ_ᚠᚢᚦᚨᚱᚲᛒᚦ.png,,779,fuþarkbþ,ᚠᚢᚦᚨᚱᚲᛒᚦ,8,synth,train
syn_000780_ingwaR_ᛁᚾᚷᚹᚨᛉ.png,,780,ingwaR,ᛁᚾᚷᚹᚨᛉ,6,synth,train
syn_000781_peuïrooRmnf_ᛈᛖᚢᛇᚱᛟᛟᛉᛗᚾᚠ.png,,781,peuïrooRmnf,ᛈᛖᚢᛇᚱᛟᛟᛉᛗᚾᚠ,11,synth,train
syn_000782_hbbwuomkdwh_ᚺᛒᛒᚹᚢᛟᛗᚲᛞᚹᚺ.png,,782,hbbwuomkdwh,ᚺᛒᛒᚹᚢᛟᛗᚲᛞᚹᚺ,11,synth,train
syn_000783_laukáR_ᛚᚨᚢᚲᚨᛉ.png,,783,laukáR,ᛚᚨᚢᚲᚨᛉ,6,synth,train
syn_000784_enbiduwïejl_ᛖᚾᛒᛁᛞᚢᚹᛇᛖᛃᛚ.png,,784,enbiduwïejl,ᛖᚾᛒᛁᛞᚢᚹᛇᛖᛃᛚ,11,synth,train
syn_000785_fïŋŋŋtjbŋb_ᚠᛇᛜᛜᛜᛏᛃᛒᛜᛒ.png,,785,fïŋŋŋtjbŋb,ᚠᛇᛜᛜᛜᛏᛃᛒᛜᛒ,10,synth,test
syn_000786_fuþark_ᚠᚢᚦᚨᚱᚲ.png,,786,fuþark,ᚠᚢᚦᚨᚱᚲ,6,synth,train
syn_000787_wjubbRkppsl_ᚹᛃᚢᛒᛒᛉᚲᛈᛈᛊᛚ.png,,787,wjubbRkppsl,ᚹᛃᚢᛒᛒᛉᚲᛈᛈᛊᛚ,11,synth,train
syn_000788_fuþarki_ᚠᚢᚦᚨᚱᚲᛁ.png,,788,fuþarki,ᚠᚢᚦᚨᚱᚲᛁ,7,synth,train
syn_000789_jŋþŋjhgpnsfŋf_ᛃᛜᚦᛜᛃᚺᚷᛈᚾᛊᚠᛜᚠ.png,,789,jŋþŋjhgpnsfŋf,ᛃᛜᚦᛜᛃᚺᚷᛈᚾᛊᚠᛜᚠ,13,synth,train
syn_000790_umlhrþhþanþfkhi_ᚢᛗᛚᚺᚱᚦᚺᚦᚨᚾᚦᚠᚲᚺᛁ.png,,790,umlhrþhþanþfkhi,ᚢᛗᛚᚺᚱᚦᚺᚦᚨᚾᚦᚠᚲᚺᛁ,15,synth,train
syn_000791_ilgaŋŋrïrhr_ᛁᛚᚷᚨᛜᛜᚱᛇᚱᚺᚱ.png,,791,ilgaŋŋrïrhr,ᛁᛚᚷᚨᛜᛜᚱᛇᚱᚺᚱ,11,synth,train
syn_000792_tjhmbjjtïkfsk_ᛏᛃᚺᛗᛒᛃᛃᛏᛇᚲᚠᛊᚲ.png,,792,tjhmbjjtïkfsk,ᛏᛃᚺᛗᛒᛃᛃᛏᛇᚲᚠᛊᚲ,13,synth,train
syn_000793_alue_ᚨᛚᚢᛖ.png,,793,alue,ᚨᛚᚢᛖ,4,synth,train
syn_000794_pnseRefiltau_ᛈᚾᛊᛖᛉᛖᚠᛁᛚᛏᚨᚢ.png,,794,pnseRefiltau,ᛈᚾᛊᛖᛉᛖᚠᛁᛚᛏᚨᚢ,12,synth,train
syn_000795_fuþark_ᚠᚢᚦᚨᚱᚲ.png,,795,fuþark,ᚠᚢᚦᚨᚱᚲ,6,synth,train
syn_000797_hiothfoltuŋ_ᚺᛁᛟᛏᚺᚠᛟᛚᛏᚢᛜ.png,,797,hiothfoltuŋ,ᚺᛁᛟᛏᚺᚠᛟᛚᛏᚢᛜ,11,synth,train
syn_000798_aþtawtŋm_ᚨᚦᛏᚨᚹᛏᛜᛗ.png,,798,aþtawtŋm,ᚨᚦᛏᚨᚹᛏᛜᛗ,8,synth,train
syn_000799_ikjkleeuph_ᛁᚲᛃᚲᛚᛖᛖᚢᛈᚺ.png,,799,ikjkleeuph,ᛁᚲᛃᚲᛚᛖᛖᚢᛈᚺ,10,synth,train
syn_000800_hïohknïŋŋg_ᚺᛇᛟᚺᚲᚾᛇᛜᛜᚷ.png,,800,hïohknïŋŋg,ᚺᛇᛟᚺᚲᚾᛇᛜᛜᚷ,10,synth,train
syn_000801_laukáR_ᛚᚨᚢᚲᚨᛉ.png,,801,laukáR,ᛚᚨᚢᚲᚨᛉ,6,synth,train
syn_000802_iswpfoshŋhk_ᛁᛊᚹᛈᚠᛟᛊᚺᛜᚺᚲ.png,,802,iswpfoshŋhk,ᛁᛊᚹᛈᚠᛟᛊᚺᛜᚺᚲ,11,synth,train
syn_000803_ekrnh_ᛖᚲᚱᚾᚺ.png,,803,ekrnh,ᛖᚲᚱᚾᚺ,5,synth,train
syn_000805_stfwiuhaseow_ᛊᛏᚠᚹᛁᚢᚺᚨᛊᛖᛟᚹ.png,,805,stfwiuhaseow,ᛊᛏᚠᚹᛁᚢᚺᚨᛊᛖᛟᚹ,12,synth,train
syn_000806_omfawbeejpRamop_ᛟᛗᚠᚨᚹᛒᛖᛖᛃᛈᛉᚨᛗᛟᛈ.png,,806,omfawbeejpRamop,ᛟᛗᚠᚨᚹᛒᛖᛖᛃᛈᛉᚨᛗᛟᛈ,15,synth,train
syn_000807_þsïapiddfhï_ᚦᛊᛇᚨᛈᛁᛞᛞᚠᚺᛇ.png,,807,þsïapiddfhï,ᚦᛊᛇᚨᛈᛁᛞᛞᚠᚺᛇ,11,synth,train
syn_000808_Rbpsfiwŋŋïhruïþ_ᛉᛒᛈᛊᚠᛁᚹᛜᛜᛇᚺᚱᚢᛇᚦ.png,,808,Rbpsfiwŋŋïhruïþ,ᛉᛒᛈᛊᚠᛁᚹᛜᛜᛇᚺᚱᚢᛇᚦ,15,synth,train
syn_000809_ingwaR_ᛁᚾᚷᚹᚨᛉ.png,,809,ingwaR,ᛁᚾᚷᚹᚨᛉ,6,synth,train
syn_000810_anwwstbpo_ᚨᚾᚹᚹᛊᛏᛒᛈᛟ.png,,810,anwwstbpo,ᚨᚾᚹᚹᛊᛏᛒᛈᛟ,9,synth,train
syn_000811_fmRmïdrdsfjnŋnt_ᚠᛗᛉᛗᛇᛞᚱᛞᛊᚠᛃᚾᛜᚾᛏ.png,,811,fmRmïdrdsfjnŋnt,ᚠᛗᛉᛗᛇᛞᚱᛞᛊᚠᛃᚾᛜᚾᛏ,15,synth,train
syn_000812_ŋaiohddogŋwgpid_ᛜᚨᛁᛟᚺᛞᛞᛟᚷᛜᚹᚷᛈᛁᛞ.png,,812,ŋaiohddogŋwgpid,ᛜᚨᛁᛟᚺᛞᛞᛟᚷᛜᚹᚷᛈᛁᛞ,15,synth,train
syn_000813_nþrormmeurïwekt_ᚾᚦᚱᛟᚱᛗᛗᛖᚢᚱᛇᚹᛖᚲᛏ.png,,813,nþrormmeurïwekt,ᚾᚦᚱᛟᚱᛗᛗᛖᚢᚱᛇᚹᛖᚲᛏ,15,synth,train
syn_000814_bpwggalrrbkŋdsf_ᛒᛈᚹᚷᚷᚨᛚᚱᚱᛒᚲᛜᛞᛊᚠ.png,,814,bpwggalrrbkŋdsf,ᛒᛈᚹᚷᚷᚨᛚᚱᚱᛒᚲᛜᛞᛊᚠ,15,synth,train
syn_000815_jpgpsiidfïdfRti_ᛃᛈᚷᛈᛊᛁᛁᛞᚠᛇᛞᚠᛉᛏᛁ.png,,815,jpgpsiidfïdfRti,ᛃᛈᚷᛈᛊᛁᛁᛞᚠᛇᛞᚠᛉᛏᛁ,15,synth,train
syn_000816_dkiþeodt_ᛞᚲᛁᚦᛖᛟᛞᛏ.png,,816,dkiþeodt,ᛞᚲᛁᚦᛖᛟᛞᛏ,8,synth,train
syn_000818_apŋfdiRwndmbuog_ᚨᛈᛜᚠᛞᛁᛉᚹᚾᛞᛗᛒᚢᛟᚷ.png,,818,apŋfdiRwndmbuog,ᚨᛈᛜᚠᛞᛁᛉᚹᚾᛞᛗᛒᚢᛟᚷ,15,synth,train
syn_000819_iktbþwbasþms_ᛁᚲᛏᛒᚦᚹᛒᚨᛊᚦᛗᛊ.png,,819,iktbþwbasþms,ᛁᚲᛏᛒᚦᚹᛒᚨᛊᚦᛗᛊ,12,synth,train
syn_000820_þïuawnisll_ᚦᛇᚢᚨᚹᚾᛁᛊᛚᛚ.png,,820,þïuawnisll,ᚦᛇᚢᚨᚹᚾᛁᛊᛚᛚ,10,synth,train
syn_w0_000000_auk_ræist_kiþka_han_ᛅᚢᚴ᛬ᚱᚫᛁᛋᛏ᛬ᚴᛁᚦᚴᛅ᛬ᚼᛅᚾ.png,w0,0,auk ræist kiþka han,ᛅᚢᚴ᛬ᚱᚫᛁᛋᛏ᛬ᚴᛁᚦᚴᛅ᛬ᚼᛅᚾ,16,synth,train
syn_w0_000000_botu_sek_ainraþa_mintil_ᛒᚮᛏᚢ᛬ᛋᛂᚴ᛬ᛅᛁᚾᚱᛅᚦᛅ᛬ᛘᛁᚾᛏᛁᛚ.png,w0,0,botu sek ainraþa mintil,ᛒᚮᛏᚢ᛬ᛋᛂᚴ᛬ᛅᛁᚾᚱᛅᚦᛅ᛬ᛘᛁᚾᛏᛁᛚ,20,synth,train
syn_w0_000000_broaR_ᛒᚱᚮᛅᛦ.png,w0,0,broaR,ᛒᚱᚮᛅᛦ,5,synth,train
syn_w0_000000_iaka_auk_ᛁᛅᚴᛅ᛬ᛅᚢᚴ.png,w0,0,iaka auk,ᛁᛅᚴᛅ᛬ᛅᚢᚴ,7,synth,train
syn_w0_000000_kuþniutr_stn_ᚴᚢᚦᚾᛁᚢᛏᚱ᛬ᛋᛏᚾ.png,w0,0,kuþniutr stn,ᚴᚢᚦᚾᛁᚢᛏᚱ᛬ᛋᛏᚾ,11,synth,train
syn_w0_000000_mer_ᛘᛂᚱ.png,w0,0,mer,ᛘᛂᚱ,3,synth,train
syn_w0_000000_siną_aftir_ᛋᛁᚾᚬ᛬ᛅᚠᛏᛁᚱ.png,w0,0,siną aftir,ᛋᛁᚾᚬ᛬ᛅᚠᛏᛁᚱ,9,synth,train
syn_w0_000000_tauaþum_ᛏᛅᚢᛅᚦᚢᛘ.png,w0,0,tauaþum,ᛏᛅᚢᛅᚦᚢᛘ,7,synth,train
syn_w0_000000_þina_karl_þati_ᚦᛁᚾᛅ᛬ᚴᛅᚱᛚ᛬ᚦᛅᛏᛁ.png,w0,0,þina karl þati,ᚦᛁᚾᛅ᛬ᚴᛅᚱᛚ᛬ᚦᛅᛏᛁ,12,synth,test
syn_w0_000001_bioþa_hain_asur_kiarþi_ᛒᛁᚮᚦᛅ᛬ᚼᛅᛁᚾ᛬ᛅᛋᚢᚱ᛬ᚴᛁᛅᚱᚦᛁ.png,w0,1,bioþa hain asur kiarþi,ᛒᛁᚮᚦᛅ᛬ᚼᛅᛁᚾ᛬ᛅᛋᚢᚱ᛬ᚴᛁᛅᚱᚦᛁ,19,synth,train
syn_w0_000001_eklanti_iftiR_reistu_ᛂᚴᛚᛅᚾᛏᛁ᛬ᛁᚠᛏᛁᛦ᛬ᚱᛂᛁᛋᛏᚢ.png,w0,1,eklanti iftiR reistu,ᛂᚴᛚᛅᚾᛏᛁ᛬ᛁᚠᛏᛁᛦ᛬ᚱᛂᛁᛋᛏᚢ,18,synth,train
syn_w0_000001_gøt_aiftiR_ᚵᚯᛏ᛬ᛅᛁᚠᛏᛁᛦ.png,w0,1,gøt aiftiR,ᚵᚯᛏ᛬ᛅᛁᚠᛏᛁᛦ,9,synth,train
syn_w0_000001_hakua_bruþur_ᚼᛅᚴᚢᛅ᛬ᛒᚱᚢᚦᚢᚱ.png,w0,1,hakua bruþur,ᚼᛅᚴᚢᛅ᛬ᛒᚱᚢᚦᚢᚱ,11,synth,train
syn_w0_000001_kitilfastr_ᚴᛁᛏᛁᛚᚠᛅᛋᛏᚱ.png,w0,1,kitilfastr,ᚴᛁᛏᛁᛚᚠᛅᛋᛏᚱ,10,synth,train
syn_w0_000001_kristin_sten_ᚴᚱᛁᛋᛏᛁᚾ᛬ᛋᛏᛂᚾ.png,w0,1,kristin sten,ᚴᚱᛁᛋᛏᛁᚾ᛬ᛋᛏᛂᚾ,11,synth,train
syn_w0_000001_lppi_forkuþr_ᛚᛔᛔᛁ᛬ᚠᚮᚱᚴᚢᚦᚱ.png,w0,1,lppi forkuþr,ᛚᛔᛔᛁ᛬ᚠᚮᚱᚴᚢᚦᚱ,11,synth,train
syn_w0_000001_tir_ᛏᛁᚱ.png,w0,1,tir,ᛏᛁᚱ,3,synth,train
syn_w0_000001_þisi_sem_luda_uiþr_ᚦᛁᛋᛁ᛬ᛋᛂᛘ᛬ᛚᚢᛑᛅ᛬ᚢᛁᚦᚱ.png,w0,1,þisi sem luda uiþr,ᚦᛁᛋᛁ᛬ᛋᛂᛘ᛬ᛚᚢᛑᛅ᛬ᚢᛁᚦᚱ,15,synth,train
syn_w0_000002_ans_þurkil_þiuþ_þurkair_ᛅᚾᛋ᛬ᚦᚢᚱᚴᛁᛚ᛬ᚦᛁᚢᚦ᛬ᚦᚢᚱᚴᛅᛁᚱ.png,w0,2,ans þurkil þiuþ þurkair,ᛅᚾᛋ᛬ᚦᚢᚱᚴᛁᛚ᛬ᚦᛁᚢᚦ᛬ᚦᚢᚱᚴᛅᛁᚱ,20,synth,train
syn_w0_000002_aouk_borkulf_wles_ᛅᚮᚢᚴ᛬ᛒᚮᚱᚴᚢᛚᚠ᛬ᚹᛚᛂᛋ.png,w0,2,aouk borkulf wles,ᛅᚮᚢᚴ᛬ᛒᚮᚱᚴᚢᛚᚠ᛬ᚹᛚᛂᛋ,15,synth,train
syn_w0_000002_bryþr_þos_afiriþ_ᛒᚱᚤᚦᚱ᛬ᚦᚮᛋ᛬ᛅᚠᛁᚱᛁᚦ.png,w0,2,bryþr þos afiriþ,ᛒᚱᚤᚦᚱ᛬ᚦᚮᛋ᛬ᛅᚠᛁᚱᛁᚦ,14,synth,train
syn_w0_000002_kifast_ᚴᛁᚠᛅᛋᛏ.png,w0,2,kifast,ᚴᛁᚠᛅᛋᛏ,6,synth,train
syn_w0_000002_kuni_ide_alfkiR_ᚴᚢᚾᛁ᛬ᛁᛑᛂ᛬ᛅᛚᚠᚴᛁᛦ.png,w0,2,kuni ide alfkiR,ᚴᚢᚾᛁ᛬ᛁᛑᛂ᛬ᛅᛚᚠᚴᛁᛦ,13,synth,train
syn_w0_000002_lauk_aiku_ᛚᛅᚢᚴ᛬ᛅᛁᚴᚢ.png,w0,2,lauk aiku,ᛚᛅᚢᚴ᛬ᛅᛁᚴᚢ,8,synth,train
syn_w0_000002_ria_uas_faiau_ᚱᛁᛅ᛬ᚢᛅᛋ᛬ᚠᛅᛁᛅᚢ.png,w0,2,ria uas faiau,ᚱᛁᛅ᛬ᚢᛅᛋ᛬ᚠᛅᛁᛅᚢ,11,synth,val
syn_w0_000002_uinr_hrhls_ᚢᛁᚾᚱ᛬ᚼᚱᚼᛚᛋ.png,w0,2,uinr hrhls,ᚢᛁᚾᚱ᛬ᚼᚱᚼᛚᛋ,9,synth,train
syn_w0_000002_urkræiæeer_patris_unar_harþa_ᚢᚱᚴᚱᚫᛁᚫᛂᛂᚱ᛬ᛔᛅᛏᚱᛁᛋ᛬ᚢᚾᛅᚱ᛬ᚼᛅᚱᚦᛅ.png,w0,2,urkræiæeer patris unar harþa,ᚢᚱᚴᚱᚫᛁᚫᛂᛂᚱ᛬ᛔᛅᛏᚱᛁᛋ᛬ᚢᚾᛅᚱ᛬ᚼᛅᚱᚦᛅ,25,synth,train
syn_w0_000003_bierhi_suir_ᛒᛁᛂᚱᚼᛁ᛬ᛋᚢᛁᚱ.png,w0,3,bierhi suir,ᛒᛁᛂᚱᚼᛁ᛬ᛋᚢᛁᚱ,10,synth,train
syn_w0_000003_esus_gia_uþkni_sina_ᛂᛋᚢᛋ᛬ᚵᛁᛅ᛬ᚢᚦᚴᚾᛁ᛬ᛋᛁᚾᛅ.png,w0,3,esus gia uþkni sina,ᛂᛋᚢᛋ᛬ᚵᛁᛅ᛬ᚢᚦᚴᚾᛁ᛬ᛋᛁᚾᛅ,16,synth,train
syn_w0_000003_gortin_ᚵᚮᚱᛏᛁᚾ.png,w0,3,gortin,ᚵᚮᚱᛏᛁᚾ,6,synth,train
syn_w0_000003_kul_ᚴᚢᛚ.png,w0,3,kul,ᚴᚢᛚ,3,synth,test
syn_w0_000003_kuþ_tunwinisetæ_uarþ_hulmnui_ᚴᚢᚦ᛬ᛏᚢᚾᚹᛁᚾᛁᛋᛂᛏᚫ᛬ᚢᛅᚱᚦ᛬ᚼᚢᛚᛘᚾᚢᛁ.png,w0,3,kuþ tunwinisetæ uarþ hulmnui,ᚴᚢᚦ᛬ᛏᚢᚾᚹᛁᚾᛁᛋᛂᛏᚫ᛬ᚢᛅᚱᚦ᛬ᚼᚢᛚᛘᚾᚢᛁ,25,synth,train
syn_w0_000003_riþ_bosi_ᚱᛁᚦ᛬ᛒᚮᛋᛁ.png,w0,3,riþ bosi,ᚱᛁᚦ᛬ᛒᚮᛋᛁ,7,synth,train
syn_w0_000003_silfrberh_stikuR_heli_ᛋᛁᛚᚠᚱᛒᛂᚱᚼ᛬ᛋᛏᛁᚴᚢᛦ᛬ᚼᛂᛚᛁ.png,w0,3,silfrberh stikuR heli,ᛋᛁᛚᚠᚱᛒᛂᚱᚼ᛬ᛋᛏᛁᚴᚢᛦ᛬ᚼᛂᛚᛁ,19,synth,val
syn_w0_000003_tatberht_sty_ᛏᛅᛏᛒᛂᚱᚼᛏ᛬ᛋᛏᚤ.png,w0,3,tatberht sty,ᛏᛅᛏᛒᛂᚱᚼᛏ᛬ᛋᛏᚤ,11,synth,train
syn_w0_000003_þurfrþa_ᚦᚢᚱᚠᚱᚦᛅ.png,w0,3,þurfrþa,ᚦᚢᚱᚠᚱᚦᛅ,7,synth,train
syn_w0_000004_bru_guþi_ᛒᚱᚢ᛬ᚵᚢᚦᛁ.png,w0,4,bru guþi,ᛒᚱᚢ᛬ᚵᚢᚦᛁ,7,synth,train
syn_w0_000004_bryþr_ᛒᚱᚤᚦᚱ.png,w0,4,bryþr,ᛒᚱᚤᚦᚱ,5,synth,train
syn_w0_000004_byki_burker_þina_ifti_ᛒᚤᚴᛁ᛬ᛒᚢᚱᚴᛂᚱ᛬ᚦᛁᚾᛅ᛬ᛁᚠᛏᛁ.png,w0,4,byki burker þina ifti,ᛒᚤᚴᛁ᛬ᛒᚢᚱᚴᛂᚱ᛬ᚦᛁᚾᛅ᛬ᛁᚠᛏᛁ,18,synth,train
syn_w0_000004_eomos_hagiradaz_lika_stain_ᛂᚮᛘᚮᛋ᛬ᚼᛅᚵᛁᚱᛅᛑᛅᛎ᛬ᛚᛁᚴᛅ᛬ᛋᛏᛅᛁᚾ.png,w0,4,eomos hagiradaz lika stain,ᛂᚮᛘᚮᛋ᛬ᚼᛅᚵᛁᚱᛅᛑᛅᛎ᛬ᛚᛁᚴᛅ᛬ᛋᛏᛅᛁᚾ,23,synth,train
syn_w0_000004_haukui_uarn_famtan_ᚼᛅᚢᚴᚢᛁ᛬ᚢᛅᚱᚾ᛬ᚠᛅᛘᛏᛅᚾ.png,w0,4,haukui uarn famtan,ᚼᛅᚢᚴᚢᛁ᛬ᚢᛅᚱᚾ᛬ᚠᛅᛘᛏᛅᚾ,16,synth,train
syn_w0_000004_hnlbi_tuki_ᚼᚾᛚᛒᛁ᛬ᛏᚢᚴᛁ.png,w0,4,hnlbi tuki,ᚼᚾᛚᛒᛁ᛬ᛏᚢᚴᛁ,9,synth,train
syn_w0_000004_kunukaR_ᚴᚢᚾᚢᚴᛅᛦ.png,w0,4,kunukaR,ᚴᚢᚾᚢᚴᛅᛦ,7,synth,train
syn_w0_000004_tius_zion_uku_ᛏᛁᚢᛋ᛬ᛎᛁᚮᚾ᛬ᚢᚴᚢ.png,w0,4,tius zion uku,ᛏᛁᚢᛋ᛬ᛎᛁᚮᚾ᛬ᚢᚴᚢ,11,synth,train
syn_w0_000004_þøn_þulfR_þorontr_oþintisu_ᚦᚯᚾ᛬ᚦᚢᛚᚠᛦ᛬ᚦᚮᚱᚮᚾᛏᚱ᛬ᚮᚦᛁᚾᛏᛁᛋᚢ.png,w0,4,þøn þulfR þorontr oþintisu,ᚦᚯᚾ᛬ᚦᚢᛚᚠᛦ᛬ᚦᚮᚱᚮᚾᛏᚱ᛬ᚮᚦᛁᚾᛏᛁᛋᚢ,23,synth,train
syn_w0_000005_aikr_rsþu_ᛅᛁᚴᚱ᛬ᚱᛋᚦᚢ.png,w0,5,aikr rsþu,ᛅᛁᚴᚱ᛬ᚱᛋᚦᚢ,8,synth,train
syn_w0_000005_fastbiaurn_hulmtis_ąrkhaiastbm_ᚠᛅᛋᛏᛒᛁᛅᚢᚱᚾ᛬ᚼᚢᛚᛘᛏᛁᛋ᛬ᚬᚱᚴᚼᛅᛁᛅᛋᛏᛒᛘ.png,w0,5,fastbiaurn hulmtis ąrkhaiastbm,ᚠᛅᛋᛏᛒᛁᛅᚢᚱᚾ᛬ᚼᚢᛚᛘᛏᛁᛋ᛬ᚬᚱᚴᚼᛅᛁᛅᛋᛏᛒᛘ,28,synth,train
syn_w0_000005_han_nguænsinæ_auk_fimta_ᚼᛅᚾ᛬ᚾᚵᚢᚫᚾᛋᛁᚾᚫ᛬ᛅᚢᚴ᛬ᚠᛁᛘᛏᛅ.png,w0,5,han nguænsinæ auk fimta,ᚼᛅᚾ᛬ᚾᚵᚢᚫᚾᛋᛁᚾᚫ᛬ᛅᚢᚴ᛬ᚠᛁᛘᛏᛅ,20,synth,train
syn_w0_000005_heilhi_ᚼᛂᛁᛚᚼᛁ.png,w0,5,heilhi,ᚼᛂᛁᛚᚼᛁ,6,synth,train
syn_w0_000005_helha_uifrþuR_aft_ᚼᛂᛚᚼᛅ᛬ᚢᛁᚠᚱᚦᚢᛦ᛬ᛅᚠᛏ.png,w0,5,helha uifrþuR aft,ᚼᛂᛚᚼᛅ᛬ᚢᛁᚠᚱᚦᚢᛦ᛬ᛅᚠᛏ,15,synth,train
syn_w0_000005_hiok_ᚼᛁᚮᚴ.png,w0,5,hiok,ᚼᛁᚮᚴ,4,synth,train
syn_w0_000005_iþi_ᛁᚦᛁ.png,w0,5,iþi,ᛁᚦᛁ,3,synth,train
syn_w0_000005_suein_ᛋᚢᛂᛁᚾ.png,w0,5,suein,ᛋᚢᛂᛁᚾ,5,synth,train
syn_w0_000005_tabu_hiþabu_sioru_ᛏᛅᛒᚢ᛬ᚼᛁᚦᛅᛒᚢ᛬ᛋᛁᚮᚱᚢ.png,w0,5,tabu hiþabu sioru,ᛏᛅᛒᚢ᛬ᚼᛁᚦᛅᛒᚢ᛬ᛋᛁᚮᚱᚢ,15,synth,train
syn_w0_000006_bruþr_anm_auk_ᛒᚱᚢᚦᚱ᛬ᛅᚾᛘ᛬ᛅᚢᚴ.png,w0,6,bruþr anm auk,ᛒᚱᚢᚦᚱ᛬ᛅᚾᛘ᛬ᛅᚢᚴ,11,synth,train
syn_w0_000006_fargaiR_mik_ybi_ᚠᛅᚱᚵᛅᛁᛦ᛬ᛘᛁᚴ᛬ᚤᛒᛁ.png,w0,6,fargaiR mik ybi,ᚠᛅᚱᚵᛅᛁᛦ᛬ᛘᛁᚴ᛬ᚤᛒᛁ,13,synth,train
syn_w0_000006_gera_fulk_ᚵᛂᚱᛅ᛬ᚠᚢᛚᚴ.png,w0,6,gera fulk,ᚵᛂᚱᛅ᛬ᚠᚢᛚᚴ,8,synth,train
syn_w0_000006_hilbi_ruþr_ᚼᛁᛚᛒᛁ᛬ᚱᚢᚦᚱ.png,w0,6,hilbi ruþr,ᚼᛁᛚᛒᛁ᛬ᚱᚢᚦᚱ,9,synth,train
syn_w0_000006_ikuar_lit_ᛁᚴᚢᛅᚱ᛬ᛚᛁᛏ.png,w0,6,ikuar lit,ᛁᚴᚢᛅᚱ᛬ᛚᛁᛏ,8,synth,train
syn_w0_000006_kuþrikr_ᚴᚢᚦᚱᛁᚴᚱ.png,w0,6,kuþrikr,ᚴᚢᚦᚱᛁᚴᚱ,7,synth,train
syn_w0_000006_lir_iRu_sina_ᛚᛁᚱ᛬ᛁᛦᚢ᛬ᛋᛁᚾᛅ.png,w0,6,lir iRu sina,ᛚᛁᚱ᛬ᛁᛦᚢ᛬ᛋᛁᚾᛅ,10,synth,train
syn_w0_000006_naft_orh_ᚾᛅᚠᛏ᛬ᚮᚱᚼ.png,w0,6,naft orh,ᚾᛅᚠᛏ᛬ᚮᚱᚼ,7,synth,train
syn_w0_000006_snti_rrn_kylfinkr_þasi_ᛋᚾᛏᛁ᛬ᚱᚱᚾ᛬ᚴᚤᛚᚠᛁᚾᚴᚱ᛬ᚦᛅᛋᛁ.png,w0,6,snti rrn kylfinkr þasi,ᛋᚾᛏᛁ᛬ᚱᚱᚾ᛬ᚴᚤᛚᚠᛁᚾᚴᚱ᛬ᚦᛅᛋᛁ,19,synth,train
syn_w0_000007_efder_ant_tabu_ᛂᚠᛑᛂᚱ᛬ᛅᚾᛏ᛬ᛏᛅᛒᚢ.png,w0,7,efder ant tabu,ᛂᚠᛑᛂᚱ᛬ᛅᚾᛏ᛬ᛏᛅᛒᚢ,12,synth,train
syn_w0_000007_erin_rþi_sin_hita_ᛂᚱᛁᚾ᛬ᚱᚦᛁ᛬ᛋᛁᚾ᛬ᚼᛁᛏᛅ.png,w0,7,erin rþi sin hita,ᛂᚱᛁᚾ᛬ᚱᚦᛁ᛬ᛋᛁᚾ᛬ᚼᛁᛏᛅ,14,synth,train
syn_w0_000007_fuRkant_ᚠᚢᛦᚴᛅᚾᛏ.png,w0,7,fuRkant,ᚠᚢᛦᚴᛅᚾᛏ,7,synth,train
syn_w0_000007_ilum_ᛁᛚᚢᛘ.png,w0,7,ilum,ᛁᛚᚢᛘ,4,synth,train
syn_w0_000007_mikael_arn_gerua_amen_ᛘᛁᚴᛅᛂᛚ᛬ᛅᚱᚾ᛬ᚵᛂᚱᚢᛅ᛬ᛅᛘᛂᚾ.png,w0,7,mikael arn gerua amen,ᛘᛁᚴᛅᛂᛚ᛬ᛅᚱᚾ᛬ᚵᛂᚱᚢᛅ᛬ᛅᛘᛂᚾ,18,synth,train
syn_w0_000007_oþriti_ᚮᚦᚱᛁᛏᛁ.png,w0,7,oþriti,ᚮᚦᚱᛁᛏᛁ,6,synth,train
syn_w0_000007_sbiorn_broþur_fir_ᛋᛒᛁᚮᚱᚾ᛬ᛒᚱᚮᚦᚢᚱ᛬ᚠᛁᚱ.png,w0,7,sbiorn broþur fir,ᛋᛒᛁᚮᚱᚾ᛬ᛒᚱᚮᚦᚢᚱ᛬ᚠᛁᚱ,15,synth,train
syn_w0_000007_uiþur_ᚢᛁᚦᚢᚱ.png,w0,7,uiþur,ᚢᛁᚦᚢᚱ,5,synth,train
syn_w0_000007_þruntr_ᚦᚱᚢᚾᛏᚱ.png,w0,7,þruntr,ᚦᚱᚢᚾᛏᚱ,6,synth,train
syn_w0_000008_aba_maton_rastu_kitil_ᛅᛒᛅ᛬ᛘᛅᛏᚮᚾ᛬ᚱᛅᛋᛏᚢ᛬ᚴᛁᛏᛁᛚ.png,w0,8,aba maton rastu kitil,ᛅᛒᛅ᛬ᛘᛅᛏᚮᚾ᛬ᚱᛅᛋᛏᚢ᛬ᚴᛁᛏᛁᛚ,18,synth,train
syn_w0_000008_iak_ikuari_ᛁᛅᚴ᛬ᛁᚴᚢᛅᚱᛁ.png,w0,8,iak ikuari,ᛁᛅᚴ᛬ᛁᚴᚢᛅᚱᛁ,9,synth,train
syn_w0_000008_inkuar_hans_ᛁᚾᚴᚢᛅᚱ᛬ᚼᛅᚾᛋ.png,w0,8,inkuar hans,ᛁᚾᚴᚢᛅᚱ᛬ᚼᛅᚾᛋ,10,synth,train
syn_w0_000008_katil_þursin_krist_ᚴᛅᛏᛁᛚ᛬ᚦᚢᚱᛋᛁᚾ᛬ᚴᚱᛁᛋᛏ.png,w0,8,katil þursin krist,ᚴᛅᛏᛁᛚ᛬ᚦᚢᚱᛋᛁᚾ᛬ᚴᚱᛁᛋᛏ,16,synth,train
syn_w0_000008_lkir_staina_kuþan_stain_ᛚᚴᛁᚱ᛬ᛋᛏᛅᛁᚾᛅ᛬ᚴᚢᚦᛅᚾ᛬ᛋᛏᛅᛁᚾ.png,w0,8,lkir staina kuþan stain,ᛚᚴᛁᚱ᛬ᛋᛏᛅᛁᚾᛅ᛬ᚴᚢᚦᛅᚾ᛬ᛋᛏᛅᛁᚾ,20,synth,val
syn_w0_000008_rsti_aui_ᚱᛋᛏᛁ᛬ᛅᚢᛁ.png,w0,8,rsti aui,ᚱᛋᛏᛁ᛬ᛅᚢᛁ,7,synth,train
syn_w0_000008_sąR_muþ_ᛋᚬᛦ᛬ᛘᚢᚦ.png,w0,8,sąR muþ,ᛋᚬᛦ᛬ᛘᚢᚦ,6,synth,train
syn_w0_000008_sin_stenmæstari_þorþr_þræþr_ᛋᛁᚾ᛬ᛋᛏᛂᚾᛘᚫᛋᛏᛅᚱᛁ᛬ᚦᚮᚱᚦᚱ᛬ᚦᚱᚫᚦᚱ.png,w0,8,sin stenmæstari þorþr þræþr,ᛋᛁᚾ᛬ᛋᛏᛂᚾᛘᚫᛋᛏᛅᚱᛁ᛬ᚦᚮᚱᚦᚱ᛬ᚦᚱᚫᚦᚱ,24,synth,train
syn_w0_000008_þurkairþ_uaR_ᚦᚢᚱᚴᛅᛁᚱᚦ᛬ᚢᛅᛦ.png,w0,8,þurkairþ uaR,ᚦᚢᚱᚴᛅᛁᚱᚦ᛬ᚢᛅᛦ,11,synth,train
syn_w0_000009_berþor_ebtiR_eftiR_ᛒᛂᚱᚦᚮᚱ᛬ᛂᛒᛏᛁᛦ᛬ᛂᚠᛏᛁᛦ.png,w0,9,berþor ebtiR eftiR,ᛒᛂᚱᚦᚮᚱ᛬ᛂᛒᛏᛁᛦ᛬ᛂᚠᛏᛁᛦ,16,synth,train
syn_w0_000009_byn_ᛒᚤᚾ.png,w0,9,byn,ᛒᚤᚾ,3,synth,train
syn_w0_000009_inkuar_tosti_sialu_gearf_ᛁᚾᚴᚢᛅᚱ᛬ᛏᚮᛋᛏᛁ᛬ᛋᛁᛅᛚᚢ᛬ᚵᛂᛅᚱᚠ.png,w0,9,inkuar tosti sialu gearf,ᛁᚾᚴᚢᛅᚱ᛬ᛏᚮᛋᛏᛁ᛬ᛋᛁᛅᛚᚢ᛬ᚵᛂᛅᚱᚠ,21,synth,train
syn_w0_000009_khfuþ_fuþorkhniast_faþi_ᚴᚼᚠᚢᚦ᛬ᚠᚢᚦᚮᚱᚴᚼᚾᛁᛅᛋᛏ᛬ᚠᛅᚦᛁ.png,w0,9,khfuþ fuþorkhniast faþi,ᚴᚼᚠᚢᚦ᛬ᚠᚢᚦᚮᚱᚴᚼᚾᛁᛅᛋᛏ᛬ᚠᛅᚦᛁ,21,synth,train
syn_w0_000009_kiuai_ræknit_ᚴᛁᚢᛅᛁ᛬ᚱᚫᚴᚾᛁᛏ.png,w0,9,kiuai ræknit,ᚴᛁᚢᛅᛁ᛬ᚱᚫᚴᚾᛁᛏ,11,synth,train
syn_w0_000009_nes_hufi_ᚾᛂᛋ᛬ᚼᚢᚠᛁ.png,w0,9,nes hufi,ᚾᛂᛋ᛬ᚼᚢᚠᛁ,7,synth,val
syn_w0_000009_oftyr_orar_ræit_ast_ᚮᚠᛏᚤᚱ᛬ᚮᚱᛅᚱ᛬ᚱᚫᛁᛏ᛬ᛅᛋᛏ.png,w0,9,oftyr orar ræit ast,ᚮᚠᛏᚤᚱ᛬ᚮᚱᛅᚱ᛬ᚱᚫᛁᛏ᛬ᛅᛋᛏ,16,synth,train
syn_w0_000009_sialum_ᛋᛁᛅᛚᚢᛘ.png,w0,9,sialum,ᛋᛁᛅᛚᚢᛘ,6,synth,train
syn_w0_000009_str_sin_ᛋᛏᚱ᛬ᛋᛁᚾ.png,w0,9,str sin,ᛋᛏᚱ᛬ᛋᛁᚾ,6,synth,train
syn_w0_000010_baluks_aufþa_fer_latburniR_ᛒᛅᛚᚢᚴᛋ᛬ᛅᚢᚠᚦᛅ᛬ᚠᛂᚱ᛬ᛚᛅᛏᛒᚢᚱᚾᛁᛦ.png,w0,10,baluks aufþa fer latburniR,ᛒᛅᛚᚢᚴᛋ᛬ᛅᚢᚠᚦᛅ᛬ᚠᛂᚱ᛬ᛚᛅᛏᛒᚢᚱᚾᛁᛦ,23,synth,train
syn_w0_000010_guþ_risi_ᚵᚢᚦ᛬ᚱᛁᛋᛁ.png,w0,10,guþ risi,ᚵᚢᚦ᛬ᚱᛁᛋᛁ,7,synth,train
syn_w0_000010_haklati_moþu_ᚼᛅᚴᛚᛅᛏᛁ᛬ᛘᚮᚦᚢ.png,w0,10,haklati moþu,ᚼᛅᚴᛚᛅᛏᛁ᛬ᛘᚮᚦᚢ,11,synth,train
syn_w0_000010_hans_æinskis_ᚼᛅᚾᛋ᛬ᚫᛁᚾᛋᚴᛁᛋ.png,w0,10,hans æinskis,ᚼᛅᚾᛋ᛬ᚫᛁᚾᛋᚴᛁᛋ,11,synth,train
syn_w0_000010_laþu_ᛚᛅᚦᚢ.png,w0,10,laþu,ᛚᛅᚦᚢ,4,synth,train
syn_w0_000010_oitr_hnas_arfa_ᚮᛁᛏᚱ᛬ᚼᚾᛅᛋ᛬ᛅᚱᚠᛅ.png,w0,10,oitr hnas arfa,ᚮᛁᛏᚱ᛬ᚼᚾᛅᛋ᛬ᛅᚱᚠᛅ,12,synth,train
syn_w0_000010_oþintisu_ᚮᚦᛁᚾᛏᛁᛋᚢ.png,w0,10,oþintisu,ᚮᚦᛁᚾᛏᛁᛋᚢ,8,synth,train
syn_w0_000010_þaiR_nar_ᚦᛅᛁᛦ᛬ᚾᛅᚱ.png,w0,10,þaiR nar,ᚦᛅᛁᛦ᛬ᚾᛅᚱ,7,synth,train
syn_w0_000010_þim_bratis_ᚦᛁᛘ᛬ᛒᚱᛅᛏᛁᛋ.png,w0,10,þim bratis,ᚦᛁᛘ᛬ᛒᚱᛅᛏᛁᛋ,9,synth,train
syn_w0_000011_farþakn_asur_byku_ala_ᚠᛅᚱᚦᛅᚴᚾ᛬ᛅᛋᚢᚱ᛬ᛒᚤᚴᚢ᛬ᛅᛚᛅ.png,w0,11,farþakn asur byku ala,ᚠᛅᚱᚦᛅᚴᚾ᛬ᛅᛋᚢᚱ᛬ᛒᚤᚴᚢ᛬ᛅᛚᛅ,18,synth,train
syn_w0_000011_firir_snalt_ᚠᛁᚱᛁᚱ᛬ᛋᚾᛅᛚᛏ.png,w0,11,firir snalt,ᚠᛁᚱᛁᚱ᛬ᛋᚾᛅᛚᛏ,10,synth,train
syn_w0_000011_himinrikis_airik_fuþorkhniastblmy_ᚼᛁᛘᛁᚾᚱᛁᚴᛁᛋ᛬ᛅᛁᚱᛁᚴ᛬ᚠᚢᚦᚮᚱᚴᚼᚾᛁᛅᛋᛏᛒᛚᛘᚤ.png,w0,11,himinrikis airik fuþorkhniastblmy,ᚼᛁᛘᛁᚾᚱᛁᚴᛁᛋ᛬ᛅᛁᚱᛁᚴ᛬ᚠᚢᚦᚮᚱᚴᚼᚾᛁᛅᛋᛏᛒᛚᛘᚤ,31,synth,train
syn_w0_000011_ilu_sotali_ᛁᛚᚢ᛬ᛋᚮᛏᛅᛚᛁ.png,w0,11,ilu sotali,ᛁᛚᚢ᛬ᛋᚮᛏᛅᛚᛁ,9,synth,train
syn_w0_000011_irl_ᛁᚱᛚ.png,w0,11,irl,ᛁᚱᛚ,3,synth,train
syn_w0_000011_kunor_maria_ᚴᚢᚾᚮᚱ᛬ᛘᛅᚱᛁᛅ.png,w0,11,kunor maria,ᚴᚢᚾᚮᚱ᛬ᛘᛅᚱᛁᛅ,10,synth,train
syn_w0_000011_markus_huiler_hauk_ᛘᛅᚱᚴᚢᛋ᛬ᚼᚢᛁᛚᛂᚱ᛬ᚼᛅᚢᚴ.png,w0,11,markus huiler hauk,ᛘᛅᚱᚴᚢᛋ᛬ᚼᚢᛁᛚᛂᚱ᛬ᚼᛅᚢᚴ,16,synth,val
syn_w0_000011_æbbis_sin_kuþ_miþ_ᚫᛒᛒᛁᛋ᛬ᛋᛁᚾ᛬ᚴᚢᚦ᛬ᛘᛁᚦ.png,w0,11,æbbis sin kuþ miþ,ᚫᛒᛒᛁᛋ᛬ᛋᛁᚾ᛬ᚴᚢᚦ᛬ᛘᛁᚦ,14,synth,train
syn_w0_000011_þet_uintR_kuriþi_ᚦᛂᛏ᛬ᚢᛁᚾᛏᛦ᛬ᚴᚢᚱᛁᚦᛁ.png,w0,11,þet uintR kuriþi,ᚦᛂᛏ᛬ᚢᛁᚾᛏᛦ᛬ᚴᚢᚱᛁᚦᛁ,14,synth,train
syn_w0_000012_alu_iystin_kras_þurstins_ᛅᛚᚢ᛬ᛁᚤᛋᛏᛁᚾ᛬ᚴᚱᛅᛋ᛬ᚦᚢᚱᛋᛏᛁᚾᛋ.png,w0,12,alu iystin kras þurstins,ᛅᛚᚢ᛬ᛁᚤᛋᛏᛁᚾ᛬ᚴᚱᛅᛋ᛬ᚦᚢᚱᛋᛏᛁᚾᛋ,21,synth,train
syn_w0_000012_art_sirk_ᛅᚱᛏ᛬ᛋᛁᚱᚴ.png,w0,12,art sirk,ᛅᚱᛏ᛬ᛋᛁᚱᚴ,7,synth,train
syn_w0_000012_auk_aok_sin_ban_ᛅᚢᚴ᛬ᛅᚮᚴ᛬ᛋᛁᚾ᛬ᛒᛅᚾ.png,w0,12,auk aok sin ban,ᛅᚢᚴ᛬ᛅᚮᚴ᛬ᛋᛁᚾ᛬ᛒᛅᚾ,12,synth,train
syn_w0_000012_huit_isbiurn_ᚼᚢᛁᛏ᛬ᛁᛋᛒᛁᚢᚱᚾ.png,w0,12,huit isbiurn,ᚼᚢᛁᛏ᛬ᛁᛋᛒᛁᚢᚱᚾ,11,synth,train
syn_w0_000012_hulmuiþr_rto_amin_skulæ_ᚼᚢᛚᛘᚢᛁᚦᚱ᛬ᚱᛏᚮ᛬ᛅᛘᛁᚾ᛬ᛋᚴᚢᛚᚫ.png,w0,12,hulmuiþr rto amin skulæ,ᚼᚢᛚᛘᚢᛁᚦᚱ᛬ᚱᛏᚮ᛬ᛅᛘᛁᚾ᛬ᛋᚴᚢᛚᚫ,20,synth,train
syn_w0_000012_iarl_runaR_ᛁᛅᚱᛚ᛬ᚱᚢᚾᛅᛦ.png,w0,12,iarl runaR,ᛁᛅᚱᛚ᛬ᚱᚢᚾᛅᛦ,9,synth,val
syn_w0_000012_kerþe_sustiR_ᚴᛂᚱᚦᛂ᛬ᛋᚢᛋᛏᛁᛦ.png,w0,12,kerþe sustiR,ᚴᛂᚱᚦᛂ᛬ᛋᚢᛋᛏᛁᛦ,11,synth,train
syn_w0_000012_mædullis_fastulf_yar_bunir_ᛘᚫᛑᚢᛚᛚᛁᛋ᛬ᚠᛅᛋᛏᚢᛚᚠ᛬ᚤᛅᚱ᛬ᛒᚢᚾᛁᚱ.png,w0,12,mædullis fastulf yar bunir,ᛘᚫᛑᚢᛚᛚᛁᛋ᛬ᚠᛅᛋᛏᚢᛚᚠ᛬ᚤᛅᚱ᛬ᛒᚢᚾᛁᚱ,23,synth,train
syn_w0_000012_rstæ_rasþi_salfæn_ᚱᛋᛏᚫ᛬ᚱᛅᛋᚦᛁ᛬ᛋᛅᛚᚠᚫᚾ.png,w0,12,rstæ rasþi salfæn,ᚱᛋᛏᚫ᛬ᚱᛅᛋᚦᛁ᛬ᛋᛅᛚᚠᚫᚾ,15,synth,train
syn_w0_000013_aut_litu_kierua_kruks_ᛅᚢᛏ᛬ᛚᛁᛏᚢ᛬ᚴᛁᛂᚱᚢᛅ᛬ᚴᚱᚢᚴᛋ.png,w0,13,aut litu kierua kruks,ᛅᚢᛏ᛬ᛚᛁᛏᚢ᛬ᚴᛁᛂᚱᚢᛅ᛬ᚴᚱᚢᚴᛋ,18,synth,train
syn_w0_000013_domios_ᛑᚮᛘᛁᚮᛋ.png,w0,13,domios,ᛑᚮᛘᛁᚮᛋ,6,synth,train
syn_w0_000013_hielbi_rfa_rastu_ᚼᛁᛂᛚᛒᛁ᛬ᚱᚠᛅ᛬ᚱᛅᛋᛏᚢ.png,w0,13,hielbi rfa rastu,ᚼᛁᛂᛚᛒᛁ᛬ᚱᚠᛅ᛬ᚱᛅᛋᛏᚢ,14,synth,train
syn_w0_000013_nikulasa_ᚾᛁᚴᚢᛚᛅᛋᛅ.png,w0,13,nikulasa,ᚾᛁᚴᚢᛚᛅᛋᛅ,8,synth,train
syn_w0_000013_nutr_sturþ_folboa_ᚾᚢᛏᚱ᛬ᛋᛏᚢᚱᚦ᛬ᚠᚮᛚᛒᚮᛅ.png,w0,13,nutr sturþ folboa,ᚾᚢᛏᚱ᛬ᛋᛏᚢᚱᚦ᛬ᚠᚮᛚᛒᚮᛅ,15,synth,train
syn_w0_000013_sialfan_ᛋᛁᛅᛚᚠᛅᚾ.png,w0,13,sialfan,ᛋᛁᛅᛚᚠᛅᚾ,7,synth,train
syn_w0_000013_staþi_faþur_sin_ᛋᛏᛅᚦᛁ᛬ᚠᛅᚦᚢᚱ᛬ᛋᛁᚾ.png,w0,13,staþi faþur sin,ᛋᛏᛅᚦᛁ᛬ᚠᛅᚦᚢᚱ᛬ᛋᛁᚾ,13,synth,train
syn_w0_000013_uaru_æihi_ᚢᛅᚱᚢ᛬ᚫᛁᚼᛁ.png,w0,13,uaru æihi,ᚢᛅᚱᚢ᛬ᚫᛁᚼᛁ,8,synth,train
syn_w0_000013_ulfkitil_hiolbi_tiR_ikialt_ᚢᛚᚠᚴᛁᛏᛁᛚ᛬ᚼᛁᚮᛚᛒᛁ᛬ᛏᛁᛦ᛬ᛁᚴᛁᛅᛚᛏ.png,w0,13,ulfkitil hiolbi tiR ikialt,ᚢᛚᚠᚴᛁᛏᛁᛚ᛬ᚼᛁᚮᛚᛒᛁ᛬ᛏᛁᛦ᛬ᛁᚴᛁᛅᛚᛏ,23,synth,train
syn_w0_000014_ali_ᛅᛚᛁ.png,w0,14,ali,ᛅᛚᛁ,3,synth,train
syn_w0_000014_ata_uinkit_goþom_ᛅᛏᛅ᛬ᚢᛁᚾᚴᛁᛏ᛬ᚵᚮᚦᚮᛘ.png,w0,14,ata uinkit goþom,ᛅᛏᛅ᛬ᚢᛁᚾᚴᛁᛏ᛬ᚵᚮᚦᚮᛘ,14,synth,train
syn_w0_000014_faslaugu_raisa_petr_sunaR_ᚠᛅᛋᛚᛅᚢᚵᚢ᛬ᚱᛅᛁᛋᛅ᛬ᛔᛂᛏᚱ᛬ᛋᚢᚾᛅᛦ.png,w0,14,faslaugu raisa petr sunaR,ᚠᛅᛋᛚᛅᚢᚵᚢ᛬ᚱᛅᛁᛋᛅ᛬ᛔᛂᛏᚱ᛬ᛋᚢᚾᛅᛦ,22,synth,train
syn_w0_000014_ilu_ᛁᛚᚢ.png,w0,14,ilu,ᛁᛚᚢ,3,synth,train
syn_w0_000014_mærkr_sun_stai_ᛘᚫᚱᚴᚱ᛬ᛋᚢᚾ᛬ᛋᛏᛅᛁ.png,w0,14,mærkr sun stai,ᛘᚫᚱᚴᚱ᛬ᛋᚢᚾ᛬ᛋᛏᛅᛁ,12,synth,train
syn_w0_000014_onklati_ᚮᚾᚴᛚᛅᛏᛁ.png,w0,14,onklati,ᚮᚾᚴᛚᛅᛏᛁ,7,synth,train
syn_w0_000014_systur_raisa_ᛋᚤᛋᛏᚢᚱ᛬ᚱᛅᛁᛋᛅ.png,w0,14,systur raisa,ᛋᚤᛋᛏᚢᚱ᛬ᚱᛅᛁᛋᛅ,11,synth,train
syn_w0_000014_unar_þiR_ᚢᚾᛅᚱ᛬ᚦᛁᛦ.png,w0,14,unar þiR,ᚢᚾᛅᚱ᛬ᚦᛁᛦ,7,synth,train
syn_w0_000014_þænna_ᚦᚫᚾᚾᛅ.png,w0,14,þænna,ᚦᚫᚾᚾᛅ,5,synth,train
syn_w0_000015_amut_sin_biþ_ᛅᛘᚢᛏ᛬ᛋᛁᚾ᛬ᛒᛁᚦ.png,w0,15,amut sin biþ,ᛅᛘᚢᛏ᛬ᛋᛁᚾ᛬ᛒᛁᚦ,10,synth,train
syn_w0_000015_for_risti_run_þisa_ᚠᚮᚱ᛬ᚱᛁᛋᛏᛁ᛬ᚱᚢᚾ᛬ᚦᛁᛋᛅ.png,w0,15,for risti run þisa,ᚠᚮᚱ᛬ᚱᛁᛋᛏᛁ᛬ᚱᚢᚾ᛬ᚦᛁᛋᛅ,15,synth,train
syn_w0_000015_fuþorkhniastblmy_inki_far_kunas_ᚠᚢᚦᚮᚱᚴᚼᚾᛁᛅᛋᛏᛒᛚᛘᚤ᛬ᛁᚾᚴᛁ᛬ᚠᛅᚱ᛬ᚴᚢᚾᛅᛋ.png,w0,15,fuþorkhniastblmy inki far kunas,ᚠᚢᚦᚮᚱᚴᚼᚾᛁᛅᛋᛏᛒᛚᛘᚤ᛬ᛁᚾᚴᛁ᛬ᚠᛅᚱ᛬ᚴᚢᚾᛅᛋ,28,synth,train
syn_w0_000015_ginum_gæti_ᚵᛁᚾᚢᛘ᛬ᚵᚫᛏᛁ.png,w0,15,ginum gæti,ᚵᛁᚾᚢᛘ᛬ᚵᚫᛏᛁ,9,synth,train
syn_w0_000015_hiaku_sarþi_ᚼᛁᛅᚴᚢ᛬ᛋᛅᚱᚦᛁ.png,w0,15,hiaku sarþi,ᚼᛁᛅᚴᚢ᛬ᛋᛅᚱᚦᛁ,10,synth,train
syn_w0_000015_lika_bistat_ᛚᛁᚴᛅ᛬ᛒᛁᛋᛏᛅᛏ.png,w0,15,lika bistat,ᛚᛁᚴᛅ᛬ᛒᛁᛋᛏᛅᛏ,10,synth,test
syn_w0_000015_raisa_ᚱᛅᛁᛋᛅ.png,w0,15,raisa,ᚱᛅᛁᛋᛅ,5,synth,train
syn_w0_000015_rib_resa_kaurua_ᚱᛁᛒ᛬ᚱᛂᛋᛅ᛬ᚴᛅᚢᚱᚢᛅ.png,w0,15,rib resa kaurua,ᚱᛁᛒ᛬ᚱᛂᛋᛅ᛬ᚴᛅᚢᚱᚢᛅ,13,synth,train
syn_w0_000015_spi_þat_salu_ᛋᛔᛁ᛬ᚦᛅᛏ᛬ᛋᛅᛚᚢ.png,w0,15,spi þat salu,ᛋᛔᛁ᛬ᚦᛅᛏ᛬ᛋᛅᛚᚢ,10,synth,val
syn_w0_000016_altulfs_lant_ᛅᛚᛏᚢᛚᚠᛋ᛬ᛚᛅᚾᛏ.png,w0,16,altulfs lant,ᛅᛚᛏᚢᛚᚠᛋ᛬ᛚᛅᚾᛏ,11,synth,train
syn_w0_000016_asmutr_kan_won_ᛅᛋᛘᚢᛏᚱ᛬ᚴᛅᚾ᛬ᚹᚮᚾ.png,w0,16,asmutr kan won,ᛅᛋᛘᚢᛏᚱ᛬ᚴᛅᚾ᛬ᚹᚮᚾ,12,synth,train
syn_w0_000016_iala_þos_ᛁᛅᛚᛅ᛬ᚦᚮᛋ.png,w0,16,iala þos,ᛁᛅᛚᛅ᛬ᚦᚮᛋ,7,synth,train
syn_w0_000016_ilRu_ioans_faþur_ᛁᛚᛦᚢ᛬ᛁᚮᛅᚾᛋ᛬ᚠᛅᚦᚢᚱ.png,w0,16,ilRu ioans faþur,ᛁᛚᛦᚢ᛬ᛁᚮᛅᚾᛋ᛬ᚠᛅᚦᚢᚱ,14,synth,train
syn_w0_000016_kuþa_pata_ooo_stena_ᚴᚢᚦᛅ᛬ᛔᛅᛏᛅ᛬ᚮᚮᚮ᛬ᛋᛏᛂᚾᛅ.png,w0,16,kuþa pata ooo stena,ᚴᚢᚦᛅ᛬ᛔᛅᛏᛅ᛬ᚮᚮᚮ᛬ᛋᛏᛂᚾᛅ,16,synth,train
syn_w0_000016_lafr_ᛚᛅᚠᚱ.png,w0,16,lafr,ᛚᛅᚠᚱ,4,synth,train
syn_w0_000016_ritu_ybiR_þorstinR_sina_ᚱᛁᛏᚢ᛬ᚤᛒᛁᛦ᛬ᚦᚮᚱᛋᛏᛁᚾᛦ᛬ᛋᛁᚾᛅ.png,w0,16,ritu ybiR þorstinR sina,ᚱᛁᛏᚢ᛬ᚤᛒᛁᛦ᛬ᚦᚮᚱᛋᛏᛁᚾᛦ᛬ᛋᛁᚾᛅ,20,synth,train
syn_w0_000016_rok_maria_ᚱᚮᚴ᛬ᛘᛅᚱᛁᛅ.png,w0,16,rok maria,ᚱᚮᚴ᛬ᛘᛅᚱᛁᛅ,8,synth,train
syn_w0_000016_skani_hiuk_otki_aria_ᛋᚴᛅᚾᛁ᛬ᚼᛁᚢᚴ᛬ᚮᛏᚴᛁ᛬ᛅᚱᛁᛅ.png,w0,16,skani hiuk otki aria,ᛋᚴᛅᚾᛁ᛬ᚼᛁᚢᚴ᛬ᚮᛏᚴᛁ᛬ᛅᚱᛁᛅ,17,synth,train
syn_w0_000017_arfa_sustr_sial_ᛅᚱᚠᛅ᛬ᛋᚢᛋᛏᚱ᛬ᛋᛁᛅᛚ.png,w0,17,arfa sustr sial,ᛅᚱᚠᛅ᛬ᛋᚢᛋᛏᚱ᛬ᛋᛁᛅᛚ,13,synth,train
syn_w0_000017_auþi_aft_ᛅᚢᚦᛁ᛬ᛅᚠᛏ.png,w0,17,auþi aft,ᛅᚢᚦᛁ᛬ᛅᚠᛏ,7,synth,train
syn_w0_000017_baþiR_ᛒᛅᚦᛁᛦ.png,w0,17,baþiR,ᛒᛅᚦᛁᛦ,5,synth,test
syn_w0_000017_efs_stein_autr_ᛂᚠᛋ᛬ᛋᛏᛂᛁᚾ᛬ᛅᚢᛏᚱ.png,w0,17,efs stein autr,ᛂᚠᛋ᛬ᛋᛏᛂᛁᚾ᛬ᛅᚢᛏᚱ,12,synth,train
syn_w0_000017_hiu_þorkut_ᚼᛁᚢ᛬ᚦᚮᚱᚴᚢᛏ.png,w0,17,hiu þorkut,ᚼᛁᚢ᛬ᚦᚮᚱᚴᚢᛏ,9,synth,train
syn_w0_000017_hrþa_iacobi_uastr_ᚼᚱᚦᛅ᛬ᛁᛅᛍᚮᛒᛁ᛬ᚢᛅᛋᛏᚱ.png,w0,17,hrþa iacobi uastr,ᚼᚱᚦᛅ᛬ᛁᛅᛍᚮᛒᛁ᛬ᚢᛅᛋᛏᚱ,15,synth,train
syn_w0_000017_mon_kan_ᛘᚮᚾ᛬ᚴᛅᚾ.png,w0,17,mon kan,ᛘᚮᚾ᛬ᚴᛅᚾ,6,synth,train
syn_w0_000017_stainiifak_karl_kumbl_ᛋᛏᛅᛁᚾᛁᛁᚠᛅᚴ᛬ᚴᛅᚱᛚ᛬ᚴᚢᛘᛒᛚ.png,w0,17,stainiifak karl kumbl,ᛋᛏᛅᛁᚾᛁᛁᚠᛅᚴ᛬ᚴᛅᚱᛚ᛬ᚴᚢᛘᛒᛚ,19,synth,train
syn_w0_000017_uiþr_kuþfriþi_dag_tarab_ᚢᛁᚦᚱ᛬ᚴᚢᚦᚠᚱᛁᚦᛁ᛬ᛑᛅᚵ᛬ᛏᛅᚱᛅᛒ.png,w0,17,uiþr kuþfriþi dag tarab,ᚢᛁᚦᚱ᛬ᚴᚢᚦᚠᚱᛁᚦᛁ᛬ᛑᛅᚵ᛬ᛏᛅᚱᛅᛒ,20,synth,train
syn_w0_000018_ahs_ᛅᚼᛋ.png,w0,18,ahs,ᛅᚼᛋ,3,synth,train
syn_w0_000018_arlik_baptistam_rib_ᛅᚱᛚᛁᚴ᛬ᛒᛅᛔᛏᛁᛋᛏᛅᛘ᛬ᚱᛁᛒ.png,w0,18,arlik baptistam rib,ᛅᚱᛚᛁᚴ᛬ᛒᛅᛔᛏᛁᛋᛏᛅᛘ᛬ᚱᛁᛒ,17,synth,train
syn_w0_000018_efghiklmn_sakti_ᛂᚠᚵᚼᛁᚴᛚᛘᚾ᛬ᛋᛅᚴᛏᛁ.png,w0,18,efghiklmn sakti,ᛂᚠᚵᚼᛁᚴᛚᛘᚾ᛬ᛋᛅᚴᛏᛁ,14,synth,train
syn_w0_000018_hans_sbialbuþi_buana_ᚼᛅᚾᛋ᛬ᛋᛒᛁᛅᛚᛒᚢᚦᛁ᛬ᛒᚢᛅᚾᛅ.png,w0,18,hans sbialbuþi buana,ᚼᛅᚾᛋ᛬ᛋᛒᛁᛅᛚᛒᚢᚦᛁ᛬ᛒᚢᛅᚾᛅ,18,synth,train
syn_w0_000018_hita_uikterfr_sbarlu_buenta_ᚼᛁᛏᛅ᛬ᚢᛁᚴᛏᛂᚱᚠᚱ᛬ᛋᛒᛅᚱᛚᚢ᛬ᛒᚢᛂᚾᛏᛅ.png,w0,18,hita uikterfr sbarlu buenta,ᚼᛁᛏᛅ᛬ᚢᛁᚴᛏᛂᚱᚠᚱ᛬ᛋᛒᛅᚱᛚᚢ᛬ᛒᚢᛂᚾᛏᛅ,24,synth,val
syn_w0_000018_kuþan_auarþR_stain_ᚴᚢᚦᛅᚾ᛬ᛅᚢᛅᚱᚦᛦ᛬ᛋᛏᛅᛁᚾ.png,w0,18,kuþan auarþR stain,ᚴᚢᚦᛅᚾ᛬ᛅᚢᛅᚱᚦᛦ᛬ᛋᛏᛅᛁᚾ,16,synth,train
syn_w0_000018_monr_hiþinn_rfa_sima_ᛘᚮᚾᚱ᛬ᚼᛁᚦᛁᚾᚾ᛬ᚱᚠᛅ᛬ᛋᛁᛘᛅ.png,w0,18,monr hiþinn rfa sima,ᛘᚮᚾᚱ᛬ᚼᛁᚦᛁᚾᚾ᛬ᚱᚠᛅ᛬ᛋᛁᛘᛅ,17,synth,train
syn_w0_000018_tuaim_kunulfR_ᛏᚢᛅᛁᛘ᛬ᚴᚢᚾᚢᛚᚠᛦ.png,w0,18,tuaim kunulfR,ᛏᚢᛅᛁᛘ᛬ᚴᚢᚾᚢᛚᚠᛦ,12,synth,train
syn_w0_000018_æram_ᚫᚱᛅᛘ.png,w0,18,æram,ᚫᚱᛅᛘ,4,synth,train
syn_w0_000019_auti_yfitiRr_taurþ_ᛅᚢᛏᛁ᛬ᚤᚠᛁᛏᛁᛦᚱ᛬ᛏᛅᚢᚱᚦ.png,w0,19,auti yfitiRr taurþ,ᛅᚢᛏᛁ᛬ᚤᚠᛁᛏᛁᛦᚱ᛬ᛏᛅᚢᚱᚦ,16,synth,train
syn_w0_000019_laro_uaurþr_þum_þorgot_ᛚᛅᚱᚮ᛬ᚢᛅᚢᚱᚦᚱ᛬ᚦᚢᛘ᛬ᚦᚮᚱᚵᚮᛏ.png,w0,19,laro uaurþr þum þorgot,ᛚᛅᚱᚮ᛬ᚢᛅᚢᚱᚦᚱ᛬ᚦᚢᛘ᛬ᚦᚮᚱᚵᚮᛏ,19,synth,train
syn_w0_000019_ntru_fuþorkhni_buta_ᚾᛏᚱᚢ᛬ᚠᚢᚦᚮᚱᚴᚼᚾᛁ᛬ᛒᚢᛏᛅ.png,w0,19,ntru fuþorkhni buta,ᚾᛏᚱᚢ᛬ᚠᚢᚦᚮᚱᚴᚼᚾᛁ᛬ᛒᚢᛏᛅ,17,synth,train
syn_w0_000019_oraba_þisi_biþir_ᚮᚱᛅᛒᛅ᛬ᚦᛁᛋᛁ᛬ᛒᛁᚦᛁᚱ.png,w0,19,oraba þisi biþir,ᚮᚱᛅᛒᛅ᛬ᚦᛁᛋᛁ᛬ᛒᛁᚦᛁᚱ,14,synth,train
syn_w0_000019_raisa_biþia_sikfus_spiri_ᚱᛅᛁᛋᛅ᛬ᛒᛁᚦᛁᛅ᛬ᛋᛁᚴᚠᚢᛋ᛬ᛋᛔᛁᚱᛁ.png,w0,19,raisa biþia sikfus spiri,ᚱᛅᛁᛋᛅ᛬ᛒᛁᚦᛁᛅ᛬ᛋᛁᚴᚠᚢᛋ᛬ᛋᛔᛁᚱᛁ,21,synth,train
syn_w0_000019_rsti_rahnuiþr_batri_sihrafr_ᚱᛋᛏᛁ᛬ᚱᛅᚼᚾᚢᛁᚦᚱ᛬ᛒᛅᛏᚱᛁ᛬ᛋᛁᚼᚱᛅᚠᚱ.png,w0,19,rsti rahnuiþr batri sihrafr,ᚱᛋᛏᛁ᛬ᚱᛅᚼᚾᚢᛁᚦᚱ᛬ᛒᛅᛏᚱᛁ᛬ᛋᛁᚼᚱᛅᚠᚱ,24,synth,train
syn_w0_000019_sina_sina_ᛋᛁᚾᛅ᛬ᛋᛁᚾᛅ.png,w0,19,sina sina,ᛋᛁᚾᛅ᛬ᛋᛁᚾᛅ,8,synth,train
syn_w0_000019_urait_bel_ᚢᚱᛅᛁᛏ᛬ᛒᛂᛚ.png,w0,19,urait bel,ᚢᚱᛅᛁᛏ᛬ᛒᛂᛚ,8,synth,train
syn_w0_000019_þurbiun_ᚦᚢᚱᛒᛁᚢᚾ.png,w0,19,þurbiun,ᚦᚢᚱᛒᛁᚢᚾ,7,synth,train
syn_w0_000020_aft_trutnik_ᛅᚠᛏ᛬ᛏᚱᚢᛏᚾᛁᚴ.png,w0,20,aft trutnik,ᛅᚠᛏ᛬ᛏᚱᚢᛏᚾᛁᚴ,10,synth,test
syn_w0_000020_auk_oþintisu_ᛅᚢᚴ᛬ᚮᚦᛁᚾᛏᛁᛋᚢ.png,w0,20,auk oþintisu,ᛅᚢᚴ᛬ᚮᚦᛁᚾᛏᛁᛋᚢ,11,synth,train
syn_w0_000020_bruþ_raisa_bruþur_ᛒᚱᚢᚦ᛬ᚱᛅᛁᛋᛅ᛬ᛒᚱᚢᚦᚢᚱ.png,w0,20,bruþ raisa bruþur,ᛒᚱᚢᚦ᛬ᚱᛅᛁᛋᛅ᛬ᛒᚱᚢᚦᚢᚱ,15,synth,train
syn_w0_000020_etaþr_sint_byrn_ᛂᛏᛅᚦᚱ᛬ᛋᛁᚾᛏ᛬ᛒᚤᚱᚾ.png,w0,20,etaþr sint byrn,ᛂᛏᛅᚦᚱ᛬ᛋᛁᚾᛏ᛬ᛒᚤᚱᚾ,13,synth,train
syn_w0_000020_ibi_stan_ᛁᛒᛁ᛬ᛋᛏᛅᚾ.png,w0,20,ibi stan,ᛁᛒᛁ᛬ᛋᛏᛅᚾ,7,synth,train
syn_w0_000020_kus_sautu_resa_ᚴᚢᛋ᛬ᛋᛅᚢᛏᚢ᛬ᚱᛂᛋᛅ.png,w0,20,kus sautu resa,ᚴᚢᛋ᛬ᛋᛅᚢᛏᚢ᛬ᚱᛂᛋᛅ,12,synth,val
syn_w0_000020_litu_stai_ᛚᛁᛏᚢ᛬ᛋᛏᛅᛁ.png,w0,20,litu stai,ᛚᛁᛏᚢ᛬ᛋᛏᛅᛁ,8,synth,train
syn_w0_000020_maþeu_ᛘᛅᚦᛂᚢ.png,w0,20,maþeu,ᛘᛅᚦᛂᚢ,5,synth,train
syn_w0_000020_uftiR_þan_ᚢᚠᛏᛁᛦ᛬ᚦᛅᚾ.png,w0,20,uftiR þan,ᚢᚠᛏᛁᛦ᛬ᚦᛅᚾ,8,synth,train
syn_w0_000021_adonai_lan_ᛅᛑᚮᚾᛅᛁ᛬ᛚᛅᚾ.png,w0,21,adonai lan,ᛅᛑᚮᚾᛅᛁ᛬ᛚᛅᚾ,9,synth,train
syn_w0_000021_anuit_halkat_gifær_auk_ᛅᚾᚢᛁᛏ᛬ᚼᛅᛚᚴᛅᛏ᛬ᚵᛁᚠᚫᚱ᛬ᛅᚢᚴ.png,w0,21,anuit halkat gifær auk,ᛅᚾᚢᛁᛏ᛬ᚼᛅᛚᚴᛅᛏ᛬ᚵᛁᚠᚫᚱ᛬ᛅᚢᚴ,19,synth,train
syn_w0_000021_asbiarn_brþur_kirk_ayk_ᛅᛋᛒᛁᛅᚱᚾ᛬ᛒᚱᚦᚢᚱ᛬ᚴᛁᚱᚴ᛬ᛅᚤᚴ.png,w0,21,asbiarn brþur kirk ayk,ᛅᛋᛒᛁᛅᚱᚾ᛬ᛒᚱᚦᚢᚱ᛬ᚴᛁᚱᚴ᛬ᛅᚤᚴ,19,synth,train
syn_w0_000021_ful_reþ_þess_reistu_ᚠᚢᛚ᛬ᚱᛂᚦ᛬ᚦᛂᛋᛋ᛬ᚱᛂᛁᛋᛏᚢ.png,w0,21,ful reþ þess reistu,ᚠᚢᛚ᛬ᚱᛂᚦ᛬ᚦᛂᛋᛋ᛬ᚱᛂᛁᛋᛏᚢ,16,synth,train
syn_w0_000021_iaft_sloþn_uiuindnæ_ais_ᛁᛅᚠᛏ᛬ᛋᛚᚮᚦᚾ᛬ᚢᛁᚢᛁᚾᛑᚾᚫ᛬ᛅᛁᛋ.png,w0,21,iaft sloþn uiuindnæ ais,ᛁᛅᚠᛏ᛬ᛋᛚᚮᚦᚾ᛬ᚢᛁᚢᛁᚾᛑᚾᚫ᛬ᛅᛁᛋ,20,synth,train
syn_w0_000021_inþ_tahr_ᛁᚾᚦ᛬ᛏᛅᚼᚱ.png,w0,21,inþ tahr,ᛁᚾᚦ᛬ᛏᛅᚼᚱ,7,synth,train
syn_w0_000021_lfastr_ᛚᚠᛅᛋᛏᚱ.png,w0,21,lfastr,ᛚᚠᛅᛋᛏᚱ,6,synth,train
syn_w0_000021_utrkau_selu_ᚢᛏᚱᚴᛅᚢ᛬ᛋᛂᛚᚢ.png,w0,21,utrkau selu,ᚢᛏᚱᚴᛅᚢ᛬ᛋᛂᛚᚢ,10,synth,train
syn_w0_000021_þoralte_kunu_ᚦᚮᚱᛅᛚᛏᛂ᛬ᚴᚢᚾᚢ.png,w0,21,þoralte kunu,ᚦᚮᚱᛅᛚᛏᛂ᛬ᚴᚢᚾᚢ,11,synth,train
syn_w0_000022_isbiurn_ᛁᛋᛒᛁᚢᚱᚾ.png,w0,22,isbiurn,ᛁᛋᛒᛁᚢᚱᚾ,7,synth,train
syn_w0_000022_lanti_kuamu_mane_ᛚᛅᚾᛏᛁ᛬ᚴᚢᛅᛘᚢ᛬ᛘᛅᚾᛂ.png,w0,22,lanti kuamu mane,ᛚᛅᚾᛏᛁ᛬ᚴᚢᛅᛘᚢ᛬ᛘᛅᚾᛂ,14,synth,train
syn_w0_000022_let_hial_ᛚᛂᛏ᛬ᚼᛁᛅᛚ.png,w0,22,let hial,ᛚᛂᛏ᛬ᚼᛁᛅᛚ,7,synth,train
syn_w0_000022_litu_selfan_ᛚᛁᛏᚢ᛬ᛋᛂᛚᚠᛅᚾ.png,w0,22,litu selfan,ᛚᛁᛏᚢ᛬ᛋᛂᛚᚠᛅᚾ,10,synth,train
syn_w0_000022_oskutr_ᚮᛋᚴᚢᛏᚱ.png,w0,22,oskutr,ᚮᛋᚴᚢᛏᚱ,6,synth,train
syn_w0_000022_siol_nobis_ælæison_bofa_ᛋᛁᚮᛚ᛬ᚾᚮᛒᛁᛋ᛬ᚫᛚᚫᛁᛋᚮᚾ᛬ᛒᚮᚠᛅ.png,w0,22,siol nobis ælæison bofa,ᛋᛁᚮᛚ᛬ᚾᚮᛒᛁᛋ᛬ᚫᛚᚫᛁᛋᚮᚾ᛬ᛒᚮᚠᛅ,20,synth,train
syn_w0_000022_sunaR_þairi_ᛋᚢᚾᛅᛦ᛬ᚦᛅᛁᚱᛁ.png,w0,22,sunaR þairi,ᛋᚢᚾᛅᛦ᛬ᚦᛅᛁᚱᛁ,10,synth,train
syn_w0_000022_yfir_agla_sen_ᚤᚠᛁᚱ᛬ᛅᚵᛚᛅ᛬ᛋᛂᚾ.png,w0,22,yfir agla sen,ᚤᚠᛁᚱ᛬ᛅᚵᛚᛅ᛬ᛋᛂᚾ,11,synth,train
syn_w0_000022_þorþr_ᚦᚮᚱᚦᚱ.png,w0,22,þorþr,ᚦᚮᚱᚦᚱ,5,synth,train
syn_w0_000023_aubiarnaR_ᛅᚢᛒᛁᛅᚱᚾᛅᛦ.png,w0,23,aubiarnaR,ᛅᚢᛒᛁᛅᚱᚾᛅᛦ,9,synth,train
syn_w0_000023_elicabeþ_oar_knari_ᛂᛚᛁᛍᛅᛒᛂᚦ᛬ᚮᛅᚱ᛬ᚴᚾᛅᚱᛁ.png,w0,23,elicabeþ oar knari,ᛂᛚᛁᛍᛅᛒᛂᚦ᛬ᚮᛅᚱ᛬ᚴᚾᛅᚱᛁ,16,synth,train
syn_w0_000023_kuþmar_salumee_ici_ᚴᚢᚦᛘᛅᚱ᛬ᛋᛅᛚᚢᛘᛂᛂ᛬ᛁᛍᛁ.png,w0,23,kuþmar salumee ici,ᚴᚢᚦᛘᛅᚱ᛬ᛋᛅᛚᚢᛘᛂᛂ᛬ᛁᛍᛁ,16,synth,train
syn_w0_000023_ligæ_stai_sum_ᛚᛁᚵᚫ᛬ᛋᛏᛅᛁ᛬ᛋᚢᛘ.png,w0,23,ligæ stai sum,ᛚᛁᚵᚫ᛬ᛋᛏᛅᛁ᛬ᛋᚢᛘ,11,synth,train
syn_w0_000023_lund_halhi_ybiR_art_ᛚᚢᚾᛑ᛬ᚼᛅᛚᚼᛁ᛬ᚤᛒᛁᛦ᛬ᛅᚱᛏ.png,w0,23,lund halhi ybiR art,ᛚᚢᚾᛑ᛬ᚼᛅᛚᚼᛁ᛬ᚤᛒᛁᛦ᛬ᛅᚱᛏ,16,synth,train
syn_w0_000023_maria_ᛘᛅᚱᛁᛅ.png,w0,23,maria,ᛘᛅᚱᛁᛅ,5,synth,train
syn_w0_000023_sihraifr_inaR_ᛋᛁᚼᚱᛅᛁᚠᚱ᛬ᛁᚾᛅᛦ.png,w0,23,sihraifr inaR,ᛋᛁᚼᚱᛅᛁᚠᚱ᛬ᛁᚾᛅᛦ,12,synth,train
syn_w0_000023_uen_friþra_anunt_ᚢᛂᚾ᛬ᚠᚱᛁᚦᚱᛅ᛬ᛅᚾᚢᚾᛏ.png,w0,23,uen friþra anunt,ᚢᛂᚾ᛬ᚠᚱᛁᚦᚱᛅ᛬ᛅᚾᚢᚾᛏ,14,synth,train
syn_w0_000023_þaiR_aft_kul_faua_ᚦᛅᛁᛦ᛬ᛅᚠᛏ᛬ᚴᚢᛚ᛬ᚠᛅᚢᛅ.png,w0,23,þaiR aft kul faua,ᚦᛅᛁᛦ᛬ᛅᚠᛏ᛬ᚴᚢᛚ᛬ᚠᛅᚢᛅ,14,synth,train
syn_w0_000024_amen_sak_hiar_nil_ᛅᛘᛂᚾ᛬ᛋᛅᚴ᛬ᚼᛁᛅᚱ᛬ᚾᛁᛚ.png,w0,24,amen sak hiar nil,ᛅᛘᛂᚾ᛬ᛋᛅᚴ᛬ᚼᛁᛅᚱ᛬ᚾᛁᛚ,14,synth,test
syn_w0_000024_hkun_etiR_þurstin_ᚼᚴᚢᚾ᛬ᛂᛏᛁᛦ᛬ᚦᚢᚱᛋᛏᛁᚾ.png,w0,24,hkun etiR þurstin,ᚼᚴᚢᚾ᛬ᛂᛏᛁᛦ᛬ᚦᚢᚱᛋᛏᛁᚾ,15,synth,train
syn_w0_000024_iftiR_ᛁᚠᛏᛁᛦ.png,w0,24,iftiR,ᛁᚠᛏᛁᛦ,5,synth,train
syn_w0_000024_kaiRmuntr_ᚴᛅᛁᛦᛘᚢᚾᛏᚱ.png,w0,24,kaiRmuntr,ᚴᛅᛁᛦᛘᚢᚾᛏᚱ,9,synth,train
syn_w0_000024_kristina_uiþr_ᚴᚱᛁᛋᛏᛁᚾᛅ᛬ᚢᛁᚦᚱ.png,w0,24,kristina uiþr,ᚴᚱᛁᛋᛏᛁᚾᛅ᛬ᚢᛁᚦᚱ,12,synth,train
syn_w0_000024_kyla_ᚴᚤᛚᛅ.png,w0,24,kyla,ᚴᚤᛚᛅ,4,synth,train
syn_w0_000024_sten_ᛋᛏᛂᚾ.png,w0,24,sten,ᛋᛏᛂᚾ,4,synth,train
syn_w0_000024_ulker_ᚢᛚᚴᛂᚱ.png,w0,24,ulker,ᚢᛚᚴᛂᚱ,5,synth,train
syn_w0_000024_ybiar_mun_ybi_ᚤᛒᛁᛅᚱ᛬ᛘᚢᚾ᛬ᚤᛒᛁ.png,w0,24,ybiar mun ybi,ᚤᛒᛁᛅᚱ᛬ᛘᚢᚾ᛬ᚤᛒᛁ,11,synth,train
syn_w0_000025_akn_ritu_uaþum_ᛅᚴᚾ᛬ᚱᛁᛏᚢ᛬ᚢᛅᚦᚢᛘ.png,w0,25,akn ritu uaþum,ᛅᚴᚾ᛬ᚱᛁᛏᚢ᛬ᚢᛅᚦᚢᛘ,12,synth,train
syn_w0_000025_ant_ᛅᚾᛏ.png,w0,25,ant,ᛅᚾᛏ,3,synth,train
syn_w0_000025_kiara_askis_ranslation_omns_ᚴᛁᛅᚱᛅ᛬ᛅᛋᚴᛁᛋ᛬ᚱᛅᚾᛋᛚᛅᛏᛁᚮᚾ᛬ᚮᛘᚾᛋ.png,w0,25,kiara askis ranslation omns,ᚴᛁᛅᚱᛅ᛬ᛅᛋᚴᛁᛋ᛬ᚱᛅᚾᛋᛚᛅᛏᛁᚮᚾ᛬ᚮᛘᚾᛋ,24,synth,train
syn_w0_000025_mal_ᛘᛅᛚ.png,w0,25,mal,ᛘᛅᛚ,3,synth,train
syn_w0_000025_sikmar_aka_buro_ᛋᛁᚴᛘᛅᚱ᛬ᛅᚴᛅ᛬ᛒᚢᚱᚮ.png,w0,25,sikmar aka buro,ᛋᛁᚴᛘᛅᚱ᛬ᛅᚴᛅ᛬ᛒᚢᚱᚮ,13,synth,train
syn_w0_000025_sikterf_fur_ᛋᛁᚴᛏᛂᚱᚠ᛬ᚠᚢᚱ.png,w0,25,sikterf fur,ᛋᛁᚴᛏᛂᚱᚠ᛬ᚠᚢᚱ,10,synth,train
syn_w0_000025_snot_ᛋᚾᚮᛏ.png,w0,25,snot,ᛋᚾᚮᛏ,4,synth,train
syn_w0_000025_spio_ᛋᛔᛁᚮ.png,w0,25,spio,ᛋᛔᛁᚮ,4,synth,train
syn_w0_000025_þina_kisl_letu_ᚦᛁᚾᛅ᛬ᚴᛁᛋᛚ᛬ᛚᛂᛏᚢ.png,w0,25,þina kisl letu,ᚦᛁᚾᛅ᛬ᚴᛁᛋᛚ᛬ᛚᛂᛏᚢ,12,synth,train
syn_w0_000026_abtiR_ᛅᛒᛏᛁᛦ.png,w0,26,abtiR,ᛅᛒᛏᛁᛦ,5,synth,train
syn_w0_000026_aeftiR_roþen_stain_þuriR_ᛅᛂᚠᛏᛁᛦ᛬ᚱᚮᚦᛂᚾ᛬ᛋᛏᛅᛁᚾ᛬ᚦᚢᚱᛁᛦ.png,w0,26,aeftiR roþen stain þuriR,ᛅᛂᚠᛏᛁᛦ᛬ᚱᚮᚦᛂᚾ᛬ᛋᛏᛅᛁᚾ᛬ᚦᚢᚱᛁᛦ,21,synth,train
syn_w0_000026_ber_ᛒᛂᚱ.png,w0,26,ber,ᛒᛂᚱ,3,synth,train
syn_w0_000026_guþi_siao_hiok_ᚵᚢᚦᛁ᛬ᛋᛁᛅᚮ᛬ᚼᛁᚮᚴ.png,w0,26,guþi siao hiok,ᚵᚢᚦᛁ᛬ᛋᛁᛅᚮ᛬ᚼᛁᚮᚴ,12,synth,train
syn_w0_000026_hiu_suainunkR_sul_ᚼᛁᚢ᛬ᛋᚢᛅᛁᚾᚢᚾᚴᛦ᛬ᛋᚢᛚ.png,w0,26,hiu suainunkR sul,ᚼᛁᚢ᛬ᛋᚢᛅᛁᚾᚢᚾᚴᛦ᛬ᛋᚢᛚ,15,synth,train
syn_w0_000026_hulmkair_þaiR_þinna_era_ᚼᚢᛚᛘᚴᛅᛁᚱ᛬ᚦᛅᛁᛦ᛬ᚦᛁᚾᚾᛅ᛬ᛂᚱᛅ.png,w0,26,hulmkair þaiR þinna era,ᚼᚢᛚᛘᚴᛅᛁᚱ᛬ᚦᛅᛁᛦ᛬ᚦᛁᚾᚾᛅ᛬ᛂᚱᛅ,20,synth,train
syn_w0_000026_naet_ausþiki_oþur_aubiarn_ᚾᛅᛂᛏ᛬ᛅᚢᛋᚦᛁᚴᛁ᛬ᚮᚦᚢᚱ᛬ᛅᚢᛒᛁᛅᚱᚾ.png,w0,26,naet ausþiki oþur aubiarn,ᚾᛅᛂᛏ᛬ᛅᚢᛋᚦᛁᚴᛁ᛬ᚮᚦᚢᚱ᛬ᛅᚢᛒᛁᛅᚱᚾ,22,synth,train
syn_w0_000026_ubi_riti_kiara_ᚢᛒᛁ᛬ᚱᛁᛏᛁ᛬ᚴᛁᛅᚱᛅ.png,w0,26,ubi riti kiara,ᚢᛒᛁ᛬ᚱᛁᛏᛁ᛬ᚴᛁᛅᚱᛅ,12,synth,train
syn_w0_000026_ænmb_ᚫᚾᛘᛒ.png,w0,26,ænmb,ᚫᚾᛘᛒ,4,synth,train
syn_w0_000027_asur_skal_þino_ᛅᛋᚢᚱ᛬ᛋᚴᛅᛚ᛬ᚦᛁᚾᚮ.png,w0,27,asur skal þino,ᛅᛋᚢᚱ᛬ᛋᚴᛅᛚ᛬ᚦᛁᚾᚮ,12,synth,train
syn_w0_000027_auk_gracia_kuriþaR_ᛅᚢᚴ᛬ᚵᚱᛅᛍᛁᛅ᛬ᚴᚢᚱᛁᚦᛅᛦ.png,w0,27,auk gracia kuriþaR,ᛅᚢᚴ᛬ᚵᚱᛅᛍᛁᛅ᛬ᚴᚢᚱᛁᚦᛅᛦ,16,synth,train
syn_w0_000027_ban_haz_þorkh_misgu_ᛒᛅᚾ᛬ᚼᛅᛎ᛬ᚦᚮᚱᚴᚼ᛬ᛘᛁᛋᚵᚢ.png,w0,27,ban haz þorkh misgu,ᛒᛅᚾ᛬ᚼᛅᛎ᛬ᚦᚮᚱᚴᚼ᛬ᛘᛁᛋᚵᚢ,16,synth,train
syn_w0_000027_biorn_ᛒᛁᚮᚱᚾ.png,w0,27,biorn,ᛒᛁᚮᚱᚾ,5,synth,train
syn_w0_000027_ift_kras_ᛁᚠᛏ᛬ᚴᚱᛅᛋ.png,w0,27,ift kras,ᛁᚠᛏ᛬ᚴᚱᛅᛋ,7,synth,val
syn_w0_000027_kyriþ_ᚴᚤᚱᛁᚦ.png,w0,27,kyriþ,ᚴᚤᚱᛁᚦ,5,synth,train
syn_w0_000027_rita_utryk_biurn_ᚱᛁᛏᛅ᛬ᚢᛏᚱᚤᚴ᛬ᛒᛁᚢᚱᚾ.png,w0,27,rita utryk biurn,ᚱᛁᛏᛅ᛬ᚢᛏᚱᚤᚴ᛬ᛒᛁᚢᚱᚾ,14,synth,train
syn_w0_000027_rki_ᚱᚴᛁ.png,w0,27,rki,ᚱᚴᛁ,3,synth,train
syn_w0_000027_rna_ᚱᚾᛅ.png,w0,27,rna,ᚱᚾᛅ,3,synth,train
syn_w0_000028_histain_tan_ais_þusi_ᚼᛁᛋᛏᛅᛁᚾ᛬ᛏᛅᚾ᛬ᛅᛁᛋ᛬ᚦᚢᛋᛁ.png,w0,28,histain tan ais þusi,ᚼᛁᛋᛏᛅᛁᚾ᛬ᛏᛅᚾ᛬ᛅᛁᛋ᛬ᚦᚢᛋᛁ,17,synth,train
syn_w0_000028_ici_sin_ste_ᛁᛍᛁ᛬ᛋᛁᚾ᛬ᛋᛏᛂ.png,w0,28,ici sin ste,ᛁᛍᛁ᛬ᛋᛁᚾ᛬ᛋᛏᛂ,9,synth,train
syn_w0_000028_kaiRmuntr_ustotaþit_ᚴᛅᛁᛦᛘᚢᚾᛏᚱ᛬ᚢᛋᛏᚮᛏᛅᚦᛁᛏ.png,w0,28,kaiRmuntr ustotaþit,ᚴᛅᛁᛦᛘᚢᚾᛏᚱ᛬ᚢᛋᛏᚮᛏᛅᚦᛁᛏ,18,synth,train
syn_w0_000028_klas_þusi_urm_fnþur_ᚴᛚᛅᛋ᛬ᚦᚢᛋᛁ᛬ᚢᚱᛘ᛬ᚠᚾᚦᚢᚱ.png,w0,28,klas þusi urm fnþur,ᚴᛚᛅᛋ᛬ᚦᚢᛋᛁ᛬ᚢᚱᛘ᛬ᚠᚾᚦᚢᚱ,16,synth,train
syn_w0_000028_onems_merki_ᚮᚾᛂᛘᛋ᛬ᛘᛂᚱᚴᛁ.png,w0,28,onems merki,ᚮᚾᛂᛘᛋ᛬ᛘᛂᚱᚴᛁ,10,synth,train
syn_w0_000028_rþr_huk_nþu_henna_ᚱᚦᚱ᛬ᚼᚢᚴ᛬ᚾᚦᚢ᛬ᚼᛂᚾᚾᛅ.png,w0,28,rþr huk nþu henna,ᚱᚦᚱ᛬ᚼᚢᚴ᛬ᚾᚦᚢ᛬ᚼᛂᚾᚾᛅ,14,synth,train
syn_w0_000028_stin_efti_lug_siti_ᛋᛏᛁᚾ᛬ᛂᚠᛏᛁ᛬ᛚᚢᚵ᛬ᛋᛁᛏᛁ.png,w0,28,stin efti lug siti,ᛋᛏᛁᚾ᛬ᛂᚠᛏᛁ᛬ᛚᚢᚵ᛬ᛋᛁᛏᛁ,15,synth,train
syn_w0_000028_sunan_kairkiRiþ_þurbio_rai_ᛋᚢᚾᛅᚾ᛬ᚴᛅᛁᚱᚴᛁᛦᛁᚦ᛬ᚦᚢᚱᛒᛁᚮ᛬ᚱᛅᛁ.png,w0,28,sunan kairkiRiþ þurbio rai,ᛋᚢᚾᛅᚾ᛬ᚴᛅᛁᚱᚴᛁᛦᛁᚦ᛬ᚦᚢᚱᛒᛁᚮ᛬ᚱᛅᛁ,23,synth,train
syn_w0_000028_þina_ᚦᛁᚾᛅ.png,w0,28,þina,ᚦᛁᚾᛅ,4,synth,train
syn_w0_000029_briuti_fuþork_þuaR_ᛒᚱᛁᚢᛏᛁ᛬ᚠᚢᚦᚮᚱᚴ᛬ᚦᚢᛅᛦ.png,w0,29,briuti fuþork þuaR,ᛒᚱᛁᚢᛏᛁ᛬ᚠᚢᚦᚮᚱᚴ᛬ᚦᚢᛅᛦ,16,synth,val
syn_w0_000029_iakub_tkl_ᛁᛅᚴᚢᛒ᛬ᛏᚴᛚ.png,w0,29,iakub tkl,ᛁᛅᚴᚢᛒ᛬ᛏᚴᛚ,8,synth,train
syn_w0_000029_kaitil_litu_ualf_ᚴᛅᛁᛏᛁᛚ᛬ᛚᛁᛏᚢ᛬ᚢᛅᛚᚠ.png,w0,29,kaitil litu ualf,ᚴᛅᛁᛏᛁᛚ᛬ᛚᛁᛏᚢ᛬ᚢᛅᛚᚠ,14,synth,val
syn_w0_000029_lit_stain_ᛚᛁᛏ᛬ᛋᛏᛅᛁᚾ.png,w0,29,lit stain,ᛚᛁᛏ᛬ᛋᛏᛅᛁᚾ,8,synth,val
syn_w0_000029_onut_sat_ᚮᚾᚢᛏ᛬ᛋᛅᛏ.png,w0,29,onut sat,ᚮᚾᚢᛏ᛬ᛋᛅᛏ,7,synth,train
syn_w0_000029_rti_harats_ᚱᛏᛁ᛬ᚼᛅᚱᛅᛏᛋ.png,w0,29,rti harats,ᚱᛏᛁ᛬ᚼᛅᚱᛅᛏᛋ,9,synth,train
syn_w0_000029_skrauta_þiR_litu_arisa_ᛋᚴᚱᛅᚢᛏᛅ᛬ᚦᛁᛦ᛬ᛚᛁᛏᚢ᛬ᛅᚱᛁᛋᛅ.png,w0,29,skrauta þiR litu arisa,ᛋᚴᚱᛅᚢᛏᛅ᛬ᚦᛁᛦ᛬ᛚᛁᛏᚢ᛬ᛅᚱᛁᛋᛅ,19,synth,train
syn_w0_000029_untr_bingil_bysiR_ᚢᚾᛏᚱ᛬ᛒᛁᚾᚵᛁᛚ᛬ᛒᚤᛋᛁᛦ.png,w0,29,untr bingil bysiR,ᚢᚾᛏᚱ᛬ᛒᛁᚾᚵᛁᛚ᛬ᛒᚤᛋᛁᛦ,15,synth,train
syn_w0_000029_þiauþui_guþ_ᚦᛁᛅᚢᚦᚢᛁ᛬ᚵᚢᚦ.png,w0,29,þiauþui guþ,ᚦᛁᛅᚢᚦᚢᛁ᛬ᚵᚢᚦ,10,synth,train
syn_w0_000030_baa_ᛒᛅᛅ.png,w0,30,baa,ᛒᛅᛅ,3,synth,train
syn_w0_000030_gaiRlauk_kunhiltr_þna_ᚵᛅᛁᛦᛚᛅᚢᚴ᛬ᚴᚢᚾᚼᛁᛚᛏᚱ᛬ᚦᚾᛅ.png,w0,30,gaiRlauk kunhiltr þna,ᚵᛅᛁᛦᛚᛅᚢᚴ᛬ᚴᚢᚾᚼᛁᛚᛏᚱ᛬ᚦᚾᛅ,19,synth,train
syn_w0_000030_iftiR_ikmuntaR_bestr_ᛁᚠᛏᛁᛦ᛬ᛁᚴᛘᚢᚾᛏᛅᛦ᛬ᛒᛂᛋᛏᚱ.png,w0,30,iftiR ikmuntaR bestr,ᛁᚠᛏᛁᛦ᛬ᛁᚴᛘᚢᚾᛏᛅᛦ᛬ᛒᛂᛋᛏᚱ,18,synth,train
syn_w0_000030_lit_þurþr_ᛚᛁᛏ᛬ᚦᚢᚱᚦᚱ.png,w0,30,lit þurþr,ᛚᛁᛏ᛬ᚦᚢᚱᚦᚱ,8,synth,train
syn_w0_000030_oskaiR_sia_satar_smiþur_ᚮᛋᚴᛅᛁᛦ᛬ᛋᛁᛅ᛬ᛋᛅᛏᛅᚱ᛬ᛋᛘᛁᚦᚢᚱ.png,w0,30,oskaiR sia satar smiþur,ᚮᛋᚴᛅᛁᛦ᛬ᛋᛁᛅ᛬ᛋᛅᛏᛅᚱ᛬ᛋᛘᛁᚦᚢᚱ,20,synth,train
syn_w0_000030_sial_ift_stain_ᛋᛁᛅᛚ᛬ᛁᚠᛏ᛬ᛋᛏᛅᛁᚾ.png,w0,30,sial ift stain,ᛋᛁᛅᛚ᛬ᛁᚠᛏ᛬ᛋᛏᛅᛁᚾ,12,synth,train
syn_w0_000030_sikni_kerþu_ᛋᛁᚴᚾᛁ᛬ᚴᛂᚱᚦᚢ.png,w0,30,sikni kerþu,ᛋᛁᚴᚾᛁ᛬ᚴᛂᚱᚦᚢ,10,synth,train
syn_w0_000030_trebin_þkumi_aft_gyriþ_ᛏᚱᛂᛒᛁᚾ᛬ᚦᚴᚢᛘᛁ᛬ᛅᚠᛏ᛬ᚵᚤᚱᛁᚦ.png,w0,30,trebin þkumi aft gyriþ,ᛏᚱᛂᛒᛁᚾ᛬ᚦᚴᚢᛘᛁ᛬ᛅᚠᛏ᛬ᚵᚤᚱᛁᚦ,19,synth,train
syn_w0_000030_þaRa_alan_ᚦᛅᛦᛅ᛬ᛅᛚᛅᚾ.png,w0,30,þaRa alan,ᚦᛅᛦᛅ᛬ᛅᛚᛅᚾ,8,synth,test
syn_w0_000031_abt_ᛅᛒᛏ.png,w0,31,abt,ᛅᛒᛏ,3,synth,train
syn_w0_000031_fulku_kuþ_han_ᚠᚢᛚᚴᚢ᛬ᚴᚢᚦ᛬ᚼᛅᚾ.png,w0,31,fulku kuþ han,ᚠᚢᛚᚴᚢ᛬ᚴᚢᚦ᛬ᚼᛅᚾ,11,synth,train
syn_w0_000031_hehuiþr_rahnuor_þorh_uiþr_ᚼᛂᚼᚢᛁᚦᚱ᛬ᚱᛅᚼᚾᚢᚮᚱ᛬ᚦᚮᚱᚼ᛬ᚢᛁᚦᚱ.png,w0,31,hehuiþr rahnuor þorh uiþr,ᚼᛂᚼᚢᛁᚦᚱ᛬ᚱᛅᚼᚾᚢᚮᚱ᛬ᚦᚮᚱᚼ᛬ᚢᛁᚦᚱ,22,synth,train
syn_w0_000031_ikr_ᛁᚴᚱ.png,w0,31,ikr,ᛁᚴᚱ,3,synth,train
syn_w0_000031_inka_snoþu_sihmar_ᛁᚾᚴᛅ᛬ᛋᚾᚮᚦᚢ᛬ᛋᛁᚼᛘᛅᚱ.png,w0,31,inka snoþu sihmar,ᛁᚾᚴᛅ᛬ᛋᚾᚮᚦᚢ᛬ᛋᛁᚼᛘᛅᚱ,15,synth,test
syn_w0_000031_iusti_gurþaR_markaþi_ulf_ᛁᚢᛋᛏᛁ᛬ᚵᚢᚱᚦᛅᛦ᛬ᛘᛅᚱᚴᛅᚦᛁ᛬ᚢᛚᚠ.png,w0,31,iusti gurþaR markaþi ulf,ᛁᚢᛋᛏᛁ᛬ᚵᚢᚱᚦᛅᛦ᛬ᛘᛅᚱᚴᛅᚦᛁ᛬ᚢᛚᚠ,21,synth,train
syn_w0_000031_uni_ᚢᚾᛁ.png,w0,31,uni,ᚢᚾᛁ,3,synth,test
syn_w0_000031_þino_kaubi_beon_ᚦᛁᚾᚮ᛬ᚴᛅᚢᛒᛁ᛬ᛒᛂᚮᚾ.png,w0,31,þino kaubi beon,ᚦᛁᚾᚮ᛬ᚴᛅᚢᛒᛁ᛬ᛒᛂᚮᚾ,13,synth,train
syn_w0_000031_þuk_kerfast_uihi_kua_ᚦᚢᚴ᛬ᚴᛂᚱᚠᛅᛋᛏ᛬ᚢᛁᚼᛁ᛬ᚴᚢᛅ.png,w0,31,þuk kerfast uihi kua,ᚦᚢᚴ᛬ᚴᛂᚱᚠᛅᛋᛏ᛬ᚢᛁᚼᛁ᛬ᚴᚢᛅ,17,synth,train
syn_w0_000032_ailmer_iRma_estlatum_satar_ᛅᛁᛚᛘᛂᚱ᛬ᛁᛦᛘᛅ᛬ᛂᛋᛏᛚᛅᛏᚢᛘ᛬ᛋᛅᛏᛅᚱ.png,w0,32,ailmer iRma estlatum satar,ᛅᛁᛚᛘᛂᚱ᛬ᛁᛦᛘᛅ᛬ᛂᛋᛏᛚᛅᛏᚢᛘ᛬ᛋᛅᛏᛅᚱ,23,synth,train
syn_w0_000032_fastkaiR_alfntan_sinalR_ᚠᛅᛋᛏᚴᛅᛁᛦ᛬ᛅᛚᚠᚾᛏᛅᚾ᛬ᛋᛁᚾᛅᛚᛦ.png,w0,32,fastkaiR alfntan sinalR,ᚠᛅᛋᛏᚴᛅᛁᛦ᛬ᛅᛚᚠᚾᛏᛅᚾ᛬ᛋᛁᚾᛅᛚᛦ,21,synth,train
syn_w0_000032_hariwulafa_kunulfR_fuþ_ᚼᛅᚱᛁᚹᚢᛚᛅᚠᛅ᛬ᚴᚢᚾᚢᛚᚠᛦ᛬ᚠᚢᚦ.png,w0,32,hariwulafa kunulfR fuþ,ᚼᛅᚱᛁᚹᚢᛚᛅᚠᛅ᛬ᚴᚢᚾᚢᛚᚠᛦ᛬ᚠᚢᚦ,20,synth,train
syn_w0_000032_risiþ_arfi_ihulbiurn_iarut_ᚱᛁᛋᛁᚦ᛬ᛅᚱᚠᛁ᛬ᛁᚼᚢᛚᛒᛁᚢᚱᚾ᛬ᛁᛅᚱᚢᛏ.png,w0,32,risiþ arfi ihulbiurn iarut,ᚱᛁᛋᛁᚦ᛬ᛅᚱᚠᛁ᛬ᛁᚼᚢᛚᛒᛁᚢᚱᚾ᛬ᛁᛅᚱᚢᛏ,23,synth,train
syn_w0_000032_ristu_ᚱᛁᛋᛏᚢ.png,w0,32,ristu,ᚱᛁᛋᛏᚢ,5,synth,train
syn_w0_000032_runa_uinga_ᚱᚢᚾᛅ᛬ᚢᛁᚾᚵᛅ.png,w0,32,runa uinga,ᚱᚢᚾᛅ᛬ᚢᛁᚾᚵᛅ,9,synth,train
syn_w0_000032_sial_ᛋᛁᛅᛚ.png,w0,32,sial,ᛋᛁᛅᛚ,4,synth,test
syn_w0_000032_silu_þansi_hans_ᛋᛁᛚᚢ᛬ᚦᛅᚾᛋᛁ᛬ᚼᛅᚾᛋ.png,w0,32,silu þansi hans,ᛋᛁᛚᚢ᛬ᚦᛅᚾᛋᛁ᛬ᚼᛅᚾᛋ,13,synth,train
syn_w0_000032_tolf_ᛏᚮᛚᚠ.png,w0,32,tolf,ᛏᚮᛚᚠ,4,synth,train
syn_w0_000033_bia_biarni_uiþ_unit_ᛒᛁᛅ᛬ᛒᛁᛅᚱᚾᛁ᛬ᚢᛁᚦ᛬ᚢᚾᛁᛏ.png,w0,33,bia biarni uiþ unit,ᛒᛁᛅ᛬ᛒᛁᛅᚱᚾᛁ᛬ᚢᛁᚦ᛬ᚢᚾᛁᛏ,16,synth,train
syn_w0_000033_eccæ_aft_þurkut_tliks_ᛂᛍᛍᚫ᛬ᛅᚠᛏ᛬ᚦᚢᚱᚴᚢᛏ᛬ᛏᛚᛁᚴᛋ.png,w0,33,eccæ aft þurkut tliks,ᛂᛍᛍᚫ᛬ᛅᚠᛏ᛬ᚦᚢᚱᚴᚢᛏ᛬ᛏᛚᛁᚴᛋ,18,synth,train
syn_w0_000033_hik_sihstain_ulfR_boi_ᚼᛁᚴ᛬ᛋᛁᚼᛋᛏᛅᛁᚾ᛬ᚢᛚᚠᛦ᛬ᛒᚮᛁ.png,w0,33,hik sihstain ulfR boi,ᚼᛁᚴ᛬ᛋᛁᚼᛋᛏᛅᛁᚾ᛬ᚢᛚᚠᛦ᛬ᛒᚮᛁ,18,synth,train
syn_w0_000033_hulmfriþr_ᚼᚢᛚᛘᚠᚱᛁᚦᚱ.png,w0,33,hulmfriþr,ᚼᚢᛚᛘᚠᚱᛁᚦᚱ,9,synth,train
syn_w0_000033_istr_staf_sati_þorvalr_ᛁᛋᛏᚱ᛬ᛋᛏᛅᚠ᛬ᛋᛅᛏᛁ᛬ᚦᚮᚱᚡᛅᛚᚱ.png,w0,33,istr staf sati þorvalr,ᛁᛋᛏᚱ᛬ᛋᛏᛅᚠ᛬ᛋᛅᛏᛁ᛬ᚦᚮᚱᚡᛅᛚᚱ,19,synth,train
syn_w0_000033_omnia_þeir_sial_auro_ᚮᛘᚾᛁᛅ᛬ᚦᛂᛁᚱ᛬ᛋᛁᛅᛚ᛬ᛅᚢᚱᚮ.png,w0,33,omnia þeir sial auro,ᚮᛘᚾᛁᛅ᛬ᚦᛂᛁᚱ᛬ᛋᛁᛅᛚ᛬ᛅᚢᚱᚮ,17,synth,train
syn_w0_000033_sabaoþ_iþrar_her_ᛋᛅᛒᛅᚮᚦ᛬ᛁᚦᚱᛅᚱ᛬ᚼᛂᚱ.png,w0,33,sabaoþ iþrar her,ᛋᛅᛒᛅᚮᚦ᛬ᛁᚦᚱᛅᚱ᛬ᚼᛂᚱ,14,synth,train
syn_w0_000033_skreþ_sin_sybiarn_ᛋᚴᚱᛂᚦ᛬ᛋᛁᚾ᛬ᛋᚤᛒᛁᛅᚱᚾ.png,w0,33,skreþ sin sybiarn,ᛋᚴᚱᛂᚦ᛬ᛋᛁᚾ᛬ᛋᚤᛒᛁᛅᚱᚾ,15,synth,val
syn_w0_000033_þorkai_ohr_runir_ᚦᚮᚱᚴᛅᛁ᛬ᚮᚼᚱ᛬ᚱᚢᚾᛁᚱ.png,w0,33,þorkai ohr runir,ᚦᚮᚱᚴᛅᛁ᛬ᚮᚼᚱ᛬ᚱᚢᚾᛁᚱ,14,synth,train
syn_w0_000034_afe_kisk_undr_auk_ᛅᚠᛂ᛬ᚴᛁᛋᚴ᛬ᚢᚾᛑᚱ᛬ᛅᚢᚴ.png,w0,34,afe kisk undr auk,ᛅᚠᛂ᛬ᚴᛁᛋᚴ᛬ᚢᚾᛑᚱ᛬ᛅᚢᚴ,14,synth,train
syn_w0_000034_fines_sarþi_uestr_traukr_ᚠᛁᚾᛂᛋ᛬ᛋᛅᚱᚦᛁ᛬ᚢᛂᛋᛏᚱ᛬ᛏᚱᛅᚢᚴᚱ.png,w0,34,fines sarþi uestr traukr,ᚠᛁᚾᛂᛋ᛬ᛋᛅᚱᚦᛁ᛬ᚢᛂᛋᛏᚱ᛬ᛏᚱᛅᚢᚴᚱ,21,synth,train
syn_w0_000034_knut_skarba_ᚴᚾᚢᛏ᛬ᛋᚴᛅᚱᛒᛅ.png,w0,34,knut skarba,ᚴᚾᚢᛏ᛬ᛋᚴᛅᚱᛒᛅ,10,synth,train
syn_w0_000034_sina_krati_inkimar_uiþbiurn_ᛋᛁᚾᛅ᛬ᚴᚱᛅᛏᛁ᛬ᛁᚾᚴᛁᛘᛅᚱ᛬ᚢᛁᚦᛒᛁᚢᚱᚾ.png,w0,34,sina krati inkimar uiþbiurn,ᛋᛁᚾᛅ᛬ᚴᚱᛅᛏᛁ᛬ᛁᚾᚴᛁᛘᛅᚱ᛬ᚢᛁᚦᛒᛁᚢᚱᚾ,24,synth,train
syn_w0_000034_snikin_isokna_efti_aria_ᛋᚾᛁᚴᛁᚾ᛬ᛁᛋᚮᚴᚾᛅ᛬ᛂᚠᛏᛁ᛬ᛅᚱᛁᛅ.png,w0,34,snikin isokna efti aria,ᛋᚾᛁᚴᛁᚾ᛬ᛁᛋᚮᚴᚾᛅ᛬ᛂᚠᛏᛁ᛬ᛅᚱᛁᛅ,20,synth,train
syn_w0_000034_tati_sius_stai_tin_ᛏᛅᛏᛁ᛬ᛋᛁᚢᛋ᛬ᛋᛏᛅᛁ᛬ᛏᛁᚾ.png,w0,34,tati sius stai tin,ᛏᛅᛏᛁ᛬ᛋᛁᚢᛋ᛬ᛋᛏᛅᛁ᛬ᛏᛁᚾ,15,synth,train
syn_w0_000034_tauþ_tunþi_ᛏᛅᚢᚦ᛬ᛏᚢᚾᚦᛁ.png,w0,34,tauþ tunþi,ᛏᛅᚢᚦ᛬ᛏᚢᚾᚦᛁ,9,synth,train
syn_w0_000034_uahR_ᚢᛅᚼᛦ.png,w0,34,uahR,ᚢᛅᚼᛦ,4,synth,train
syn_w0_000034_þonsi_usion_fostra_ᚦᚮᚾᛋᛁ᛬ᚢᛋᛁᚮᚾ᛬ᚠᚮᛋᛏᚱᛅ.png,w0,34,þonsi usion fostra,ᚦᚮᚾᛋᛁ᛬ᚢᛋᛁᚮᚾ᛬ᚠᚮᛋᛏᚱᛅ,16,synth,train
syn_w0_000035_fnþ_ᚠᚾᚦ.png,w0,35,fnþ,ᚠᚾᚦ,3,synth,train
syn_w0_000035_ftir_ᚠᛏᛁᚱ.png,w0,35,ftir,ᚠᛏᛁᚱ,4,synth,train
syn_w0_000035_hiog_ulf_hþila_ᚼᛁᚮᚵ᛬ᚢᛚᚠ᛬ᚼᚦᛁᛚᛅ.png,w0,35,hiog ulf hþila,ᚼᛁᚮᚵ᛬ᚢᛚᚠ᛬ᚼᚦᛁᛚᛅ,12,synth,train
syn_w0_000035_hita_sikitl_suni_ᚼᛁᛏᛅ᛬ᛋᛁᚴᛁᛏᛚ᛬ᛋᚢᚾᛁ.png,w0,35,hita sikitl suni,ᚼᛁᛏᛅ᛬ᛋᛁᚴᛁᛏᛚ᛬ᛋᚢᚾᛁ,14,synth,train
syn_w0_000035_lbi_kuþfastaR_nhaki_ᛚᛒᛁ᛬ᚴᚢᚦᚠᛅᛋᛏᛅᛦ᛬ᚾᚼᛅᚴᛁ.png,w0,35,lbi kuþfastaR nhaki,ᛚᛒᛁ᛬ᚴᚢᚦᚠᛅᛋᛏᛅᛦ᛬ᚾᚼᛅᚴᛁ,17,synth,train
syn_w0_000035_lit_oþmas_kufi_untir_ᛚᛁᛏ᛬ᚮᚦᛘᛅᛋ᛬ᚴᚢᚠᛁ᛬ᚢᚾᛏᛁᚱ.png,w0,35,lit oþmas kufi untir,ᛚᛁᛏ᛬ᚮᚦᛘᛅᛋ᛬ᚴᚢᚠᛁ᛬ᚢᚾᛏᛁᚱ,17,synth,train
syn_w0_000035_mas_mig_iofast_yfiR_ᛘᛅᛋ᛬ᛘᛁᚵ᛬ᛁᚮᚠᛅᛋᛏ᛬ᚤᚠᛁᛦ.png,w0,35,mas mig iofast yfiR,ᛘᛅᛋ᛬ᛘᛁᚵ᛬ᛁᚮᚠᛅᛋᛏ᛬ᚤᚠᛁᛦ,16,synth,val
syn_w0_000035_tuka_etu_ᛏᚢᚴᛅ᛬ᛂᛏᚢ.png,w0,35,tuka etu,ᛏᚢᚴᛅ᛬ᛂᛏᚢ,7,synth,train
syn_w0_000035_uþluk_ᚢᚦᛚᚢᚴ.png,w0,35,uþluk,ᚢᚦᛚᚢᚴ,5,synth,train
syn_w0_000036_arvi_kaltr_iftiR_ᛅᚱᚡᛁ᛬ᚴᛅᛚᛏᚱ᛬ᛁᚠᛏᛁᛦ.png,w0,36,arvi kaltr iftiR,ᛅᚱᚡᛁ᛬ᚴᛅᛚᛏᚱ᛬ᛁᚠᛏᛁᛦ,14,synth,train
syn_w0_000036_biþia_ᛒᛁᚦᛁᛅ.png,w0,36,biþia,ᛒᛁᚦᛁᛅ,5,synth,train
syn_w0_000036_bræ_bro_ᛒᚱᚫ᛬ᛒᚱᚮ.png,w0,36,bræ bro,ᛒᚱᚫ᛬ᛒᚱᚮ,6,synth,train
syn_w0_000036_hilt_stun_aosu_ᚼᛁᛚᛏ᛬ᛋᛏᚢᚾ᛬ᛅᚮᛋᚢ.png,w0,36,hilt stun aosu,ᚼᛁᛚᛏ᛬ᛋᛏᚢᚾ᛬ᛅᚮᛋᚢ,12,synth,train
syn_w0_000036_inmæn_tsin_aþuwolafa_ᛁᚾᛘᚫᚾ᛬ᛏᛋᛁᚾ᛬ᛅᚦᚢᚹᚮᛚᛅᚠᛅ.png,w0,36,inmæn tsin aþuwolafa,ᛁᚾᛘᚫᚾ᛬ᛏᛋᛁᚾ᛬ᛅᚦᚢᚹᚮᛚᛅᚠᛅ,18,synth,train
syn_w0_000036_kulaifr_ᚴᚢᛚᛅᛁᚠᚱ.png,w0,36,kulaifr,ᚴᚢᛚᛅᛁᚠᚱ,7,synth,train
syn_w0_000036_kusþ_fauþra_kum_setia_ᚴᚢᛋᚦ᛬ᚠᛅᚢᚦᚱᛅ᛬ᚴᚢᛘ᛬ᛋᛂᛏᛁᛅ.png,w0,36,kusþ fauþra kum setia,ᚴᚢᛋᚦ᛬ᚠᛅᚢᚦᚱᛅ᛬ᚴᚢᛘ᛬ᛋᛂᛏᛁᛅ,18,synth,train
syn_w0_000036_maþr_iftir_marka_ᛘᛅᚦᚱ᛬ᛁᚠᛏᛁᚱ᛬ᛘᛅᚱᚴᛅ.png,w0,36,maþr iftir marka,ᛘᛅᚦᚱ᛬ᛁᚠᛏᛁᚱ᛬ᛘᛅᚱᚴᛅ,14,synth,train
syn_w0_000036_usnikin_eftiR_ium_ᚢᛋᚾᛁᚴᛁᚾ᛬ᛂᚠᛏᛁᛦ᛬ᛁᚢᛘ.png,w0,36,usnikin eftiR ium,ᚢᛋᚾᛁᚴᛁᚾ᛬ᛂᚠᛏᛁᛦ᛬ᛁᚢᛘ,15,synth,train
syn_w0_000037_alriks_sufar_kautr_ikir_ᛅᛚᚱᛁᚴᛋ᛬ᛋᚢᚠᛅᚱ᛬ᚴᛅᚢᛏᚱ᛬ᛁᚴᛁᚱ.png,w0,37,alriks sufar kautr ikir,ᛅᛚᚱᛁᚴᛋ᛬ᛋᚢᚠᛅᚱ᛬ᚴᛅᚢᛏᚱ᛬ᛁᚴᛁᚱ,20,synth,train
syn_w0_000037_ayk_ᛅᚤᚴ.png,w0,37,ayk,ᛅᚤᚴ,3,synth,train
syn_w0_000037_barþa_stRalr_ifar_ᛒᛅᚱᚦᛅ᛬ᛋᛏᛦᛅᛚᚱ᛬ᛁᚠᛅᚱ.png,w0,37,barþa stRalr ifar,ᛒᛅᚱᚦᛅ᛬ᛋᛏᛦᛅᛚᚱ᛬ᛁᚠᛅᚱ,15,synth,test
syn_w0_000037_fride_ᚠᚱᛁᛑᛂ.png,w0,37,fride,ᚠᚱᛁᛑᛂ,5,synth,train
syn_w0_000037_gonu_ᚵᚮᚾᚢ.png,w0,37,gonu,ᚵᚮᚾᚢ,4,synth,train
syn_w0_000037_hons_ᚼᚮᚾᛋ.png,w0,37,hons,ᚼᚮᚾᛋ,4,synth,train
syn_w0_000037_mal_baosa_sin_rsrstikfra_ᛘᛅᛚ᛬ᛒᛅᚮᛋᛅ᛬ᛋᛁᚾ᛬ᚱᛋᚱᛋᛏᛁᚴᚠᚱᛅ.png,w0,37,mal baosa sin rsrstikfra,ᛘᛅᛚ᛬ᛒᛅᚮᛋᛅ᛬ᛋᛁᚾ᛬ᚱᛋᚱᛋᛏᛁᚴᚠᚱᛅ,21,synth,train
syn_w0_000037_teneri_ᛏᛂᚾᛂᚱᛁ.png,w0,37,teneri,ᛏᛂᚾᛂᚱᛁ,6,synth,train
syn_w0_000037_tok_biþim_ᛏᚮᚴ᛬ᛒᛁᚦᛁᛘ.png,w0,37,tok biþim,ᛏᚮᚴ᛬ᛒᛁᚦᛁᛘ,8,synth,train
syn_w0_000038_auk_meþ_uil_ᛅᚢᚴ᛬ᛘᛂᚦ᛬ᚢᛁᛚ.png,w0,38,auk meþ uil,ᛅᚢᚴ᛬ᛘᛂᚦ᛬ᚢᛁᛚ,9,synth,train
syn_w0_000038_kuriþaR_nus_kuþfins_hafiR_ᚴᚢᚱᛁᚦᛅᛦ᛬ᚾᚢᛋ᛬ᚴᚢᚦᚠᛁᚾᛋ᛬ᚼᛅᚠᛁᛦ.png,w0,38,kuriþaR nus kuþfins hafiR,ᚴᚢᚱᛁᚦᛅᛦ᛬ᚾᚢᛋ᛬ᚴᚢᚦᚠᛁᚾᛋ᛬ᚼᛅᚠᛁᛦ,22,synth,train
syn_w0_000038_læk_ᛚᚫᚴ.png,w0,38,læk,ᛚᚫᚴ,3,synth,train
syn_w0_000038_nuRa_ᚾᚢᛦᛅ.png,w0,38,nuRa,ᚾᚢᛦᛅ,4,synth,val
syn_w0_000038_rfa_ᚱᚠᛅ.png,w0,38,rfa,ᚱᚠᛅ,3,synth,train
syn_w0_000038_santar_kuþan_him_saksi_ᛋᛅᚾᛏᛅᚱ᛬ᚴᚢᚦᛅᚾ᛬ᚼᛁᛘ᛬ᛋᛅᚴᛋᛁ.png,w0,38,santar kuþan him saksi,ᛋᛅᚾᛏᛅᚱ᛬ᚴᚢᚦᛅᚾ᛬ᚼᛁᛘ᛬ᛋᛅᚴᛋᛁ,19,synth,train
syn_w0_000038_sustursun_stina_suæn_høys_ᛋᚢᛋᛏᚢᚱᛋᚢᚾ᛬ᛋᛏᛁᚾᛅ᛬ᛋᚢᚫᚾ᛬ᚼᚯᚤᛋ.png,w0,38,sustursun stina suæn høys,ᛋᚢᛋᛏᚢᚱᛋᚢᚾ᛬ᛋᛏᛁᚾᛅ᛬ᛋᚢᚫᚾ᛬ᚼᚯᚤᛋ,22,synth,train
syn_w0_000038_undr_ᚢᚾᛑᚱ.png,w0,38,undr,ᚢᚾᛑᚱ,4,synth,train
syn_w0_000038_þansi_finuiþ_hulaR_ᚦᛅᚾᛋᛁ᛬ᚠᛁᚾᚢᛁᚦ᛬ᚼᚢᛚᛅᛦ.png,w0,38,þansi finuiþ hulaR,ᚦᛅᚾᛋᛁ᛬ᚠᛁᚾᚢᛁᚦ᛬ᚼᚢᛚᛅᛦ,16,synth,test
syn_w0_000039_asualt_ᛅᛋᚢᛅᛚᛏ.png,w0,39,asualt,ᛅᛋᚢᛅᛚᛏ,6,synth,train
syn_w0_000039_auk_þina_ᛅᚢᚴ᛬ᚦᛁᚾᛅ.png,w0,39,auk þina,ᛅᚢᚴ᛬ᚦᛁᚾᛅ,7,synth,train
syn_w0_000039_bon_tiR_sekstih_ᛒᚮᚾ᛬ᛏᛁᛦ᛬ᛋᛂᚴᛋᛏᛁᚼ.png,w0,39,bon tiR sekstih,ᛒᚮᚾ᛬ᛏᛁᛦ᛬ᛋᛂᚴᛋᛏᛁᚼ,13,synth,train
syn_w0_000039_ginum_ioans_berhi_uni_ᚵᛁᚾᚢᛘ᛬ᛁᚮᛅᚾᛋ᛬ᛒᛂᚱᚼᛁ᛬ᚢᚾᛁ.png,w0,39,ginum ioans berhi uni,ᚵᛁᚾᚢᛘ᛬ᛁᚮᛅᚾᛋ᛬ᛒᛂᚱᚼᛁ᛬ᚢᚾᛁ,18,synth,train
syn_w0_000039_hruar_gunnur_brusi_bru_ᚼᚱᚢᛅᚱ᛬ᚵᚢᚾᚾᚢᚱ᛬ᛒᚱᚢᛋᛁ᛬ᛒᚱᚢ.png,w0,39,hruar gunnur brusi bru,ᚼᚱᚢᛅᚱ᛬ᚵᚢᚾᚾᚢᚱ᛬ᛒᚱᚢᛋᛁ᛬ᛒᚱᚢ,19,synth,train
syn_w0_000039_kuamu_ofurmagum_þum_ᚴᚢᛅᛘᚢ᛬ᚮᚠᚢᚱᛘᛅᚵᚢᛘ᛬ᚦᚢᛘ.png,w0,39,kuamu ofurmagum þum,ᚴᚢᛅᛘᚢ᛬ᚮᚠᚢᚱᛘᛅᚵᚢᛘ᛬ᚦᚢᛘ,17,synth,train
syn_w0_000039_reisiR_sikuRþ_hulmk_ᚱᛂᛁᛋᛁᛦ᛬ᛋᛁᚴᚢᛦᚦ᛬ᚼᚢᛚᛘᚴ.png,w0,39,reisiR sikuRþ hulmk,ᚱᛂᛁᛋᛁᛦ᛬ᛋᛁᚴᚢᛦᚦ᛬ᚼᚢᛚᛘᚴ,17,synth,train
syn_w0_000039_rkus_iarlaba_mar_þRkn_ᚱᚴᚢᛋ᛬ᛁᛅᚱᛚᛅᛒᛅ᛬ᛘᛅᚱ᛬ᚦᛦᚴᚾ.png,w0,39,rkus iarlaba mar þRkn,ᚱᚴᚢᛋ᛬ᛁᛅᚱᛚᛅᛒᛅ᛬ᛘᛅᚱ᛬ᚦᛦᚴᚾ,18,synth,train
syn_w0_000039_skuka_hailsas_aftiR_buru_ᛋᚴᚢᚴᛅ᛬ᚼᛅᛁᛚᛋᛅᛋ᛬ᛅᚠᛏᛁᛦ᛬ᛒᚢᚱᚢ.png,w0,39,skuka hailsas aftiR buru,ᛋᚴᚢᚴᛅ᛬ᚼᛅᛁᛚᛋᛅᛋ᛬ᛅᚠᛏᛁᛦ᛬ᛒᚢᚱᚢ,21,synth,train
syn_w0_000040_aiþaR_ᛅᛁᚦᛅᛦ.png,w0,40,aiþaR,ᛅᛁᚦᛅᛦ,5,synth,train
syn_w0_000040_biarnaR_niR_ᛒᛁᛅᚱᚾᛅᛦ᛬ᚾᛁᛦ.png,w0,40,biarnaR niR,ᛒᛁᛅᚱᚾᛅᛦ᛬ᚾᛁᛦ,10,synth,test
syn_w0_000040_rafelesen_abtiR_kuml_ᚱᛅᚠᛂᛚᛂᛋᛂᚾ᛬ᛅᛒᛏᛁᛦ᛬ᚴᚢᛘᛚ.png,w0,40,rafelesen abtiR kuml,ᚱᛅᚠᛂᛚᛂᛋᛂᚾ᛬ᛅᛒᛏᛁᛦ᛬ᚴᚢᛘᛚ,18,synth,train
syn_w0_000040_sati_kuna_asam_ᛋᛅᛏᛁ᛬ᚴᚢᚾᛅ᛬ᛅᛋᛅᛘ.png,w0,40,sati kuna asam,ᛋᛅᛏᛁ᛬ᚴᚢᚾᛅ᛬ᛅᛋᛅᛘ,12,synth,train
syn_w0_000040_siriþ_ᛋᛁᚱᛁᚦ.png,w0,40,siriþ,ᛋᛁᚱᛁᚦ,5,synth,train
syn_w0_000040_uahR_aguta_nahhar_ᚢᛅᚼᛦ᛬ᛅᚵᚢᛏᛅ᛬ᚾᛅᚼᚼᛅᚱ.png,w0,40,uahR aguta nahhar,ᚢᛅᚼᛦ᛬ᛅᚵᚢᛏᛅ᛬ᚾᛅᚼᚼᛅᚱ,15,synth,train
syn_w0_000040_uakæ_mas_rek_þasni_ᚢᛅᚴᚫ᛬ᛘᛅᛋ᛬ᚱᛂᚴ᛬ᚦᛅᛋᚾᛁ.png,w0,40,uakæ mas rek þasni,ᚢᛅᚴᚫ᛬ᛘᛅᛋ᛬ᚱᛂᚴ᛬ᚦᛅᛋᚾᛁ,15,synth,train
syn_w0_000040_þilinifr_auk_ᚦᛁᛚᛁᚾᛁᚠᚱ᛬ᛅᚢᚴ.png,w0,40,þilinifr auk,ᚦᛁᛚᛁᚾᛁᚠᚱ᛬ᛅᚢᚴ,11,synth,train
syn_w0_000040_þins_karþa_þąnsi_ᚦᛁᚾᛋ᛬ᚴᛅᚱᚦᛅ᛬ᚦᚬᚾᛋᛁ.png,w0,40,þins karþa þąnsi,ᚦᛁᚾᛋ᛬ᚴᛅᚱᚦᛅ᛬ᚦᚬᚾᛋᛁ,14,synth,train
syn_w0_000041_dirþa_sihuastr_þau_ᛑᛁᚱᚦᛅ᛬ᛋᛁᚼᚢᛅᛋᛏᚱ᛬ᚦᛅᚢ.png,w0,41,dirþa sihuastr þau,ᛑᛁᚱᚦᛅ᛬ᛋᛁᚼᚢᛅᛋᛏᚱ᛬ᚦᛅᚢ,16,synth,train
syn_w0_000041_fifil_ᚠᛁᚠᛁᛚ.png,w0,41,fifil,ᚠᛁᚠᛁᛚ,5,synth,train
syn_w0_000041_fri_hiua_lignis_raisþu_ᚠᚱᛁ᛬ᚼᛁᚢᛅ᛬ᛚᛁᚵᚾᛁᛋ᛬ᚱᛅᛁᛋᚦᚢ.png,w0,41,fri hiua lignis raisþu,ᚠᚱᛁ᛬ᚼᛁᚢᛅ᛬ᛚᛁᚵᚾᛁᛋ᛬ᚱᛅᛁᛋᚦᚢ,19,synth,train
syn_w0_000041_ikuar_kRyrþ_roþalf_garþum_ᛁᚴᚢᛅᚱ᛬ᚴᛦᚤᚱᚦ᛬ᚱᚮᚦᛅᛚᚠ᛬ᚵᛅᚱᚦᚢᛘ.png,w0,41,ikuar kRyrþ roþalf garþum,ᛁᚴᚢᛅᚱ᛬ᚴᛦᚤᚱᚦ᛬ᚱᚮᚦᛅᛚᚠ᛬ᚵᛅᚱᚦᚢᛘ,22,synth,train
syn_w0_000041_inæ_mahnnus_uibiurn_saule_ᛁᚾᚫ᛬ᛘᛅᚼᚾᚾᚢᛋ᛬ᚢᛁᛒᛁᚢᚱᚾ᛬ᛋᛅᚢᛚᛂ.png,w0,41,inæ mahnnus uibiurn saule,ᛁᚾᚫ᛬ᛘᛅᚼᚾᚾᚢᛋ᛬ᚢᛁᛒᛁᚢᚱᚾ᛬ᛋᛅᚢᛚᛂ,22,synth,train
syn_w0_000041_mateus_rkus_haraltr_sikn_ᛘᛅᛏᛂᚢᛋ᛬ᚱᚴᚢᛋ᛬ᚼᛅᚱᛅᛚᛏᚱ᛬ᛋᛁᚴᚾ.png,w0,41,mateus rkus haraltr sikn,ᛘᛅᛏᛂᚢᛋ᛬ᚱᚴᚢᛋ᛬ᚼᛅᚱᛅᛚᛏᚱ᛬ᛋᛁᚴᚾ,21,synth,train
syn_w0_000041_rkhnias_ᚱᚴᚼᚾᛁᛅᛋ.png,w0,41,rkhnias,ᚱᚴᚼᚾᛁᛅᛋ,7,synth,train
syn_w0_000041_suyta_furiR_ont_ᛋᚢᚤᛏᛅ᛬ᚠᚢᚱᛁᛦ᛬ᚮᚾᛏ.png,w0,41,suyta furiR ont,ᛋᚢᚤᛏᛅ᛬ᚠᚢᚱᛁᛦ᛬ᚮᚾᛏ,13,synth,train
syn_w0_000041_þurkarþr_miR_ᚦᚢᚱᚴᛅᚱᚦᚱ᛬ᛘᛁᛦ.png,w0,41,þurkarþr miR,ᚦᚢᚱᚴᛅᚱᚦᚱ᛬ᛘᛁᛦ,11,synth,train
syn_w0_000042_emkels_ᛂᛘᚴᛂᛚᛋ.png,w0,42,emkels,ᛂᛘᚴᛂᛚᛋ,6,synth,train
syn_w0_000042_estriþaR_rista_staa_bahrtr_ᛂᛋᛏᚱᛁᚦᛅᛦ᛬ᚱᛁᛋᛏᛅ᛬ᛋᛏᛅᛅ᛬ᛒᛅᚼᚱᛏᚱ.png,w0,42,estriþaR rista staa bahrtr,ᛂᛋᛏᚱᛁᚦᛅᛦ᛬ᚱᛁᛋᛏᛅ᛬ᛋᛏᛅᛅ᛬ᛒᛅᚼᚱᛏᚱ,23,synth,train
syn_w0_000042_lundi_farulf_han_ᛚᚢᚾᛑᛁ᛬ᚠᛅᚱᚢᛚᚠ᛬ᚼᛅᚾ.png,w0,42,lundi farulf han,ᛚᚢᚾᛑᛁ᛬ᚠᛅᚱᚢᛚᚠ᛬ᚼᛅᚾ,14,synth,train
syn_w0_000042_osmunrt_risti_ᚮᛋᛘᚢᚾᚱᛏ᛬ᚱᛁᛋᛏᛁ.png,w0,42,osmunrt risti,ᚮᛋᛘᚢᚾᚱᛏ᛬ᚱᛁᛋᛏᛁ,12,synth,train
syn_w0_000042_reis_biþin_burkuna_ᚱᛂᛁᛋ᛬ᛒᛁᚦᛁᚾ᛬ᛒᚢᚱᚴᚢᚾᛅ.png,w0,42,reis biþin burkuna,ᚱᛂᛁᛋ᛬ᛒᛁᚦᛁᚾ᛬ᛒᚢᚱᚴᚢᚾᛅ,16,synth,train
syn_w0_000042_sati_raiisa_brusi_ᛋᛅᛏᛁ᛬ᚱᛅᛁᛁᛋᛅ᛬ᛒᚱᚢᛋᛁ.png,w0,42,sati raiisa brusi,ᛋᛅᛏᛁ᛬ᚱᛅᛁᛁᛋᛅ᛬ᛒᚱᚢᛋᛁ,15,synth,train
syn_w0_000042_sihniuta_ᛋᛁᚼᚾᛁᚢᛏᛅ.png,w0,42,sihniuta,ᛋᛁᚼᚾᛁᚢᛏᛅ,8,synth,train
syn_w0_000042_tiæ_þisi_rata_woro_ᛏᛁᚫ᛬ᚦᛁᛋᛁ᛬ᚱᛅᛏᛅ᛬ᚹᚮᚱᚮ.png,w0,42,tiæ þisi rata woro,ᛏᛁᚫ᛬ᚦᛁᛋᛁ᛬ᚱᛅᛏᛅ᛬ᚹᚮᚱᚮ,15,synth,test
syn_w0_000042_uor_læt_ian_itam_ᚢᚮᚱ᛬ᛚᚫᛏ᛬ᛁᛅᚾ᛬ᛁᛏᛅᛘ.png,w0,42,uor læt ian itam,ᚢᚮᚱ᛬ᛚᚫᛏ᛬ᛁᛅᚾ᛬ᛁᛏᛅᛘ,13,synth,train
syn_w0_000043_aft_nuk_flu_ᛅᚠᛏ᛬ᚾᚢᚴ᛬ᚠᛚᚢ.png,w0,43,aft nuk flu,ᛅᚠᛏ᛬ᚾᚢᚴ᛬ᚠᛚᚢ,9,synth,train
syn_w0_000043_faþ_uikink_auk_uini_ᚠᛅᚦ᛬ᚢᛁᚴᛁᚾᚴ᛬ᛅᚢᚴ᛬ᚢᛁᚾᛁ.png,w0,43,faþ uikink auk uini,ᚠᛅᚦ᛬ᚢᛁᚴᛁᚾᚴ᛬ᛅᚢᚴ᛬ᚢᛁᚾᛁ,16,synth,train
syn_w0_000043_her_raisa_ᚼᛂᚱ᛬ᚱᛅᛁᛋᛅ.png,w0,43,her raisa,ᚼᛂᚱ᛬ᚱᛅᛁᛋᛅ,8,synth,train
syn_w0_000043_hikifriþr_tRs_aibiern_ᚼᛁᚴᛁᚠᚱᛁᚦᚱ᛬ᛏᛦᛋ᛬ᛅᛁᛒᛁᛂᚱᚾ.png,w0,43,hikifriþr tRs aibiern,ᚼᛁᚴᛁᚠᚱᛁᚦᚱ᛬ᛏᛦᛋ᛬ᛅᛁᛒᛁᛂᚱᚾ,19,synth,train
syn_w0_000043_kata_gessus_rka_ᚴᛅᛏᛅ᛬ᚵᛂᛋᛋᚢᛋ᛬ᚱᚴᛅ.png,w0,43,kata gessus rka,ᚴᛅᛏᛅ᛬ᚵᛂᛋᛋᚢᛋ᛬ᚱᚴᛅ,13,synth,train
syn_w0_000043_lundi_uik_ᛚᚢᚾᛑᛁ᛬ᚢᛁᚴ.png,w0,43,lundi uik,ᛚᚢᚾᛑᛁ᛬ᚢᛁᚴ,8,synth,train
syn_w0_000043_min_þiR_trink_ᛘᛁᚾ᛬ᚦᛁᛦ᛬ᛏᚱᛁᚾᚴ.png,w0,43,min þiR trink,ᛘᛁᚾ᛬ᚦᛁᛦ᛬ᛏᚱᛁᚾᚴ,11,synth,train
syn_w0_000043_toku_biku_þąnsi_ᛏᚮᚴᚢ᛬ᛒᛁᚴᚢ᛬ᚦᚬᚾᛋᛁ.png,w0,43,toku biku þąnsi,ᛏᚮᚴᚢ᛬ᛒᛁᚴᚢ᛬ᚦᚬᚾᛋᛁ,13,synth,train
syn_w0_000043_tusti_raisa_ᛏᚢᛋᛏᛁ᛬ᚱᛅᛁᛋᛅ.png,w0,43,tusti raisa,ᛏᚢᛋᛏᛁ᛬ᚱᛅᛁᛋᛅ,10,synth,test
syn_w0_000044_haruistam_kuþan_ᚼᛅᚱᚢᛁᛋᛏᛅᛘ᛬ᚴᚢᚦᛅᚾ.png,w0,44,haruistam kuþan,ᚼᛅᚱᚢᛁᛋᛏᛅᛘ᛬ᚴᚢᚦᛅᚾ,14,synth,train
syn_w0_000044_hna_ara_ins_tutur_ᚼᚾᛅ᛬ᛅᚱᛅ᛬ᛁᚾᛋ᛬ᛏᚢᛏᚢᚱ.png,w0,44,hna ara ins tutur,ᚼᚾᛅ᛬ᛅᚱᛅ᛬ᛁᚾᛋ᛬ᛏᚢᛏᚢᚱ,14,synth,train
syn_w0_000044_ins_ᛁᚾᛋ.png,w0,44,ins,ᛁᚾᛋ,3,synth,train
syn_w0_000044_nþþæþeskulhuærki_mak_ᚾᚦᚦᚫᚦᛂᛋᚴᚢᛚᚼᚢᚫᚱᚴᛁ᛬ᛘᛅᚴ.png,w0,44,nþþæþeskulhuærki mak,ᚾᚦᚦᚫᚦᛂᛋᚴᚢᛚᚼᚢᚫᚱᚴᛁ᛬ᛘᛅᚴ,19,synth,train
syn_w0_000044_oþriti_ᚮᚦᚱᛁᛏᛁ.png,w0,44,oþriti,ᚮᚦᚱᛁᛏᛁ,6,synth,train
syn_w0_000044_runum_isþi_ᚱᚢᚾᚢᛘ᛬ᛁᛋᚦᛁ.png,w0,44,runum isþi,ᚱᚢᚾᚢᛘ᛬ᛁᛋᚦᛁ,9,synth,train
syn_w0_000044_ufakRs_risti_trab_bua_ᚢᚠᛅᚴᛦᛋ᛬ᚱᛁᛋᛏᛁ᛬ᛏᚱᛅᛒ᛬ᛒᚢᛅ.png,w0,44,ufakRs risti trab bua,ᚢᚠᛅᚴᛦᛋ᛬ᚱᛁᛋᛏᛁ᛬ᛏᚱᛅᛒ᛬ᛒᚢᛅ,18,synth,train
syn_w0_000044_yfiR_makin_rikuiþr_uiki_ᚤᚠᛁᛦ᛬ᛘᛅᚴᛁᚾ᛬ᚱᛁᚴᚢᛁᚦᚱ᛬ᚢᛁᚴᛁ.png,w0,44,yfiR makin rikuiþr uiki,ᚤᚠᛁᛦ᛬ᛘᛅᚴᛁᚾ᛬ᚱᛁᚴᚢᛁᚦᚱ᛬ᚢᛁᚴᛁ,20,synth,train
syn_w0_000044_þmkiiissstttiiilll_knmertyoaokm_ᚦᛘᚴᛁᛁᛁᛋᛋᛋᛏᛏᛏᛁᛁᛁᛚᛚᛚ᛬ᚴᚾᛘᛂᚱᛏᚤᚮᛅᚮᚴᛘ.png,w0,44,þmkiiissstttiiilll knmertyoaokm,ᚦᛘᚴᛁᛁᛁᛋᛋᛋᛏᛏᛏᛁᛁᛁᛚᛚᛚ᛬ᚴᚾᛘᛂᚱᛏᚤᚮᛅᚮᚴᛘ,30,synth,train
syn_w0_000045_dafiþ_sarfa_hufa_ranfast_ᛑᛅᚠᛁᚦ᛬ᛋᛅᚱᚠᛅ᛬ᚼᚢᚠᛅ᛬ᚱᛅᚾᚠᛅᛋᛏ.png,w0,45,dafiþ sarfa hufa ranfast,ᛑᛅᚠᛁᚦ᛬ᛋᛅᚱᚠᛅ᛬ᚼᚢᚠᛅ᛬ᚱᛅᚾᚠᛅᛋᛏ,21,synth,train
syn_w0_000045_desus_skul_ulf_aug_ᛑᛂᛋᚢᛋ᛬ᛋᚴᚢᛚ᛬ᚢᛚᚠ᛬ᛅᚢᚵ.png,w0,45,desus skul ulf aug,ᛑᛂᛋᚢᛋ᛬ᛋᚴᚢᛚ᛬ᚢᛚᚠ᛬ᛅᚢᚵ,15,synth,train
syn_w0_000045_kairþu_ueha_ᚴᛅᛁᚱᚦᚢ᛬ᚢᛂᚼᛅ.png,w0,45,kairþu ueha,ᚴᛅᛁᚱᚦᚢ᛬ᚢᛂᚼᛅ,10,synth,train
syn_w0_000045_oþur_hemkil_yifir_sini_ᚮᚦᚢᚱ᛬ᚼᛂᛘᚴᛁᛚ᛬ᚤᛁᚠᛁᚱ᛬ᛋᛁᚾᛁ.png,w0,45,oþur hemkil yifir sini,ᚮᚦᚢᚱ᛬ᚼᛂᛘᚴᛁᛚ᛬ᚤᛁᚠᛁᚱ᛬ᛋᛁᚾᛁ,19,synth,train
syn_w0_000045_reisti_farþakn_ᚱᛂᛁᛋᛏᛁ᛬ᚠᛅᚱᚦᛅᚴᚾ.png,w0,45,reisti farþakn,ᚱᛂᛁᛋᛏᛁ᛬ᚠᛅᚱᚦᛅᚴᚾ,13,synth,train
syn_w0_000045_res_þurlak_eira_ali_ᚱᛂᛋ᛬ᚦᚢᚱᛚᛅᚴ᛬ᛂᛁᚱᛅ᛬ᛅᛚᛁ.png,w0,45,res þurlak eira ali,ᚱᛂᛋ᛬ᚦᚢᚱᛚᛅᚴ᛬ᛂᛁᚱᛅ᛬ᛅᛚᛁ,16,synth,train
syn_w0_000045_sina_erlyg_litu_ᛋᛁᚾᛅ᛬ᛂᚱᛚᚤᚵ᛬ᛚᛁᛏᚢ.png,w0,45,sina erlyg litu,ᛋᛁᚾᛅ᛬ᛂᚱᛚᚤᚵ᛬ᛚᛁᛏᚢ,13,synth,train
syn_w0_000045_þurktil_ᚦᚢᚱᚴᛏᛁᛚ.png,w0,45,þurktil,ᚦᚢᚱᚴᛏᛁᛚ,7,synth,train
syn_w0_000045_þurstin_fuþorkh_ᚦᚢᚱᛋᛏᛁᚾ᛬ᚠᚢᚦᚮᚱᚴᚼ.png,w0,45,þurstin fuþorkh,ᚦᚢᚱᛋᛏᛁᚾ᛬ᚠᚢᚦᚮᚱᚴᚼ,14,synth,train
syn_w0_000046_arua_muntr_rnsto_sia_ᛅᚱᚢᛅ᛬ᛘᚢᚾᛏᚱ᛬ᚱᚾᛋᛏᚮ᛬ᛋᛁᛅ.png,w0,46,arua muntr rnsto sia,ᛅᚱᚢᛅ᛬ᛘᚢᚾᛏᚱ᛬ᚱᚾᛋᛏᚮ᛬ᛋᛁᛅ,17,synth,train
syn_w0_000046_hailki_þiær_þonsi_kristr_ᚼᛅᛁᛚᚴᛁ᛬ᚦᛁᚫᚱ᛬ᚦᚮᚾᛋᛁ᛬ᚴᚱᛁᛋᛏᚱ.png,w0,46,hailki þiær þonsi kristr,ᚼᛅᛁᛚᚴᛁ᛬ᚦᛁᚫᚱ᛬ᚦᚮᚾᛋᛁ᛬ᚴᚱᛁᛋᛏᚱ,21,synth,train
syn_w0_000046_halburin_himinrikis_utu_ᚼᛅᛚᛒᚢᚱᛁᚾ᛬ᚼᛁᛘᛁᚾᚱᛁᚴᛁᛋ᛬ᚢᛏᚢ.png,w0,46,halburin himinrikis utu,ᚼᛅᛚᛒᚢᚱᛁᚾ᛬ᚼᛁᛘᛁᚾᚱᛁᚴᛁᛋ᛬ᚢᛏᚢ,21,synth,train
syn_w0_000046_kul_ᚴᚢᛚ.png,w0,46,kul,ᚴᚢᛚ,3,synth,test
syn_w0_000046_sikmar_uara_ᛋᛁᚴᛘᛅᚱ᛬ᚢᛅᚱᛅ.png,w0,46,sikmar uara,ᛋᛁᚴᛘᛅᚱ᛬ᚢᛅᚱᛅ,10,synth,train
syn_w0_000046_stein_ystin_ᛋᛏᛂᛁᚾ᛬ᚤᛋᛏᛁᚾ.png,w0,46,stein ystin,ᛋᛏᛂᛁᚾ᛬ᚤᛋᛏᛁᚾ,10,synth,train
syn_w0_000046_suiþbalki_hauk_iartiknum_ᛋᚢᛁᚦᛒᛅᛚᚴᛁ᛬ᚼᛅᚢᚴ᛬ᛁᛅᚱᛏᛁᚴᚾᚢᛘ.png,w0,46,suiþbalki hauk iartiknum,ᛋᚢᛁᚦᛒᛅᛚᚴᛁ᛬ᚼᛅᚢᚴ᛬ᛁᛅᚱᛏᛁᚴᚾᚢᛘ,22,synth,train
syn_w0_000046_sun_ᛋᚢᚾ.png,w0,46,sun,ᛋᚢᚾ,3,synth,train
syn_w0_000046_urai_ᚢᚱᛅᛁ.png,w0,46,urai,ᚢᚱᛅᛁ,4,synth,train
syn_w0_000047_halbi_ᚼᛅᛚᛒᛁ.png,w0,47,halbi,ᚼᛅᛚᛒᛁ,5,synth,train
syn_w0_000047_hialmR_undr_mana_ᚼᛁᛅᛚᛘᛦ᛬ᚢᚾᛑᚱ᛬ᛘᛅᚾᛅ.png,w0,47,hialmR undr mana,ᚼᛁᛅᛚᛘᛦ᛬ᚢᚾᛑᚱ᛬ᛘᛅᚾᛅ,14,synth,train
syn_w0_000047_mirki_hus_ᛘᛁᚱᚴᛁ᛬ᚼᚢᛋ.png,w0,47,mirki hus,ᛘᛁᚱᚴᛁ᛬ᚼᚢᛋ,8,synth,train
syn_w0_000047_raþa_ikli_stinba_ᚱᛅᚦᛅ᛬ᛁᚴᛚᛁ᛬ᛋᛏᛁᚾᛒᛅ.png,w0,47,raþa ikli stinba,ᚱᛅᚦᛅ᛬ᛁᚴᛚᛁ᛬ᛋᛏᛁᚾᛒᛅ,14,synth,train
syn_w0_000047_sata_tyþr_kRrua_ᛋᛅᛏᛅ᛬ᛏᚤᚦᚱ᛬ᚴᛦᚱᚢᛅ.png,w0,47,sata tyþr kRrua,ᛋᛅᛏᛅ᛬ᛏᚤᚦᚱ᛬ᚴᛦᚱᚢᛅ,13,synth,train
syn_w0_000047_sibiurn_harþa_leggþi_kuml_ᛋᛁᛒᛁᚢᚱᚾ᛬ᚼᛅᚱᚦᛅ᛬ᛚᛂᚵᚵᚦᛁ᛬ᚴᚢᛘᛚ.png,w0,47,sibiurn harþa leggþi kuml,ᛋᛁᛒᛁᚢᚱᚾ᛬ᚼᛅᚱᚦᛅ᛬ᛚᛂᚵᚵᚦᛁ᛬ᚴᚢᛘᛚ,22,synth,train
syn_w0_000047_stanr_ᛋᛏᛅᚾᚱ.png,w0,47,stanr,ᛋᛏᛅᚾᚱ,5,synth,train
syn_w0_000047_str_ᛋᛏᚱ.png,w0,47,str,ᛋᛏᚱ,3,synth,train
syn_w0_000047_tauþr_untr_RftR_ᛏᛅᚢᚦᚱ᛬ᚢᚾᛏᚱ᛬ᛦᚠᛏᛦ.png,w0,47,tauþr untr RftR,ᛏᛅᚢᚦᚱ᛬ᚢᚾᛏᚱ᛬ᛦᚠᛏᛦ,13,synth,train
syn_w0_000048_furusta_tereke_þurot_rda_ᚠᚢᚱᚢᛋᛏᛅ᛬ᛏᛂᚱᛂᚴᛂ᛬ᚦᚢᚱᚮᛏ᛬ᚱᛑᛅ.png,w0,48,furusta tereke þurot rda,ᚠᚢᚱᚢᛋᛏᛅ᛬ᛏᛂᚱᛂᚴᛂ᛬ᚦᚢᚱᚮᛏ᛬ᚱᛑᛅ,21,synth,train
syn_w0_000048_khfuþ_þan_ᚴᚼᚠᚢᚦ᛬ᚦᛅᚾ.png,w0,48,khfuþ þan,ᚴᚼᚠᚢᚦ᛬ᚦᛅᚾ,8,synth,val
syn_w0_000048_kriutkarþr_kristus_ᚴᚱᛁᚢᛏᚴᛅᚱᚦᚱ᛬ᚴᚱᛁᛋᛏᚢᛋ.png,w0,48,kriutkarþr kristus,ᚴᚱᛁᚢᛏᚴᛅᚱᚦᚱ᛬ᚴᚱᛁᛋᛏᚢᛋ,17,synth,train
syn_w0_000048_mægi_sun_ᛘᚫᚵᛁ᛬ᛋᚢᚾ.png,w0,48,mægi sun,ᛘᚫᚵᛁ᛬ᛋᚢᚾ,7,synth,train
syn_w0_000048_pris_rahnuor_þina_raistu_ᛔᚱᛁᛋ᛬ᚱᛅᚼᚾᚢᚮᚱ᛬ᚦᛁᚾᛅ᛬ᚱᛅᛁᛋᛏᚢ.png,w0,48,pris rahnuor þina raistu,ᛔᚱᛁᛋ᛬ᚱᛅᚼᚾᚢᚮᚱ᛬ᚦᛁᚾᛅ᛬ᚱᛅᛁᛋᛏᚢ,21,synth,train
syn_w0_000048_raisþu_ᚱᛅᛁᛋᚦᚢ.png,w0,48,raisþu,ᚱᛅᛁᛋᚦᚢ,6,synth,train
syn_w0_000048_stein_ᛋᛏᛂᛁᚾ.png,w0,48,stein,ᛋᛏᛂᛁᚾ,5,synth,train
syn_w0_000048_ylfa_buli_miu_ᚤᛚᚠᛅ᛬ᛒᚢᛚᛁ᛬ᛘᛁᚢ.png,w0,48,ylfa buli miu,ᚤᛚᚠᛅ᛬ᛒᚢᛚᛁ᛬ᛘᛁᚢ,11,synth,train
syn_w0_000048_þiauþui_ᚦᛁᛅᚢᚦᚢᛁ.png,w0,48,þiauþui,ᚦᛁᛅᚢᚦᚢᛁ,7,synth,train
syn_w0_000049_abtiR_ᛅᛒᛏᛁᛦ.png,w0,49,abtiR,ᛅᛒᛏᛁᛦ,5,synth,train
syn_w0_000049_auk_ohr_ᛅᚢᚴ᛬ᚮᚼᚱ.png,w0,49,auk ohr,ᛅᚢᚴ᛬ᚮᚼᚱ,6,synth,train
syn_w0_000049_gæsus_bra_biarnaR_kuþmt_ᚵᚫᛋᚢᛋ᛬ᛒᚱᛅ᛬ᛒᛁᛅᚱᚾᛅᛦ᛬ᚴᚢᚦᛘᛏ.png,w0,49,gæsus bra biarnaR kuþmt,ᚵᚫᛋᚢᛋ᛬ᛒᚱᛅ᛬ᛒᛁᛅᚱᚾᛅᛦ᛬ᚴᚢᚦᛘᛏ,20,synth,train
syn_w0_000049_hafr_situ_iRku_ᚼᛅᚠᚱ᛬ᛋᛁᛏᚢ᛬ᛁᛦᚴᚢ.png,w0,49,hafr situ iRku,ᚼᛅᚠᚱ᛬ᛋᛁᛏᚢ᛬ᛁᛦᚴᚢ,12,synth,train
syn_w0_000049_hua_ᚼᚢᛅ.png,w0,49,hua,ᚼᚢᛅ,3,synth,train
syn_w0_000049_kus_sunR_tuaim_karl_ᚴᚢᛋ᛬ᛋᚢᚾᛦ᛬ᛏᚢᛅᛁᛘ᛬ᚴᛅᚱᛚ.png,w0,49,kus sunR tuaim karl,ᚴᚢᛋ᛬ᛋᚢᚾᛦ᛬ᛏᚢᛅᛁᛘ᛬ᚴᛅᚱᛚ,16,synth,val
syn_w0_000049_lmfriþaR_albi_ᛚᛘᚠᚱᛁᚦᛅᛦ᛬ᛅᛚᛒᛁ.png,w0,49,lmfriþaR albi,ᛚᛘᚠᚱᛁᚦᛅᛦ᛬ᛅᛚᛒᛁ,12,synth,train
syn_w0_000049_maria_ndskrift_sin_ᛘᛅᚱᛁᛅ᛬ᚾᛑᛋᚴᚱᛁᚠᛏ᛬ᛋᛁᚾ.png,w0,49,maria ndskrift sin,ᛘᛅᚱᛁᛅ᛬ᚾᛑᛋᚴᚱᛁᚠᛏ᛬ᛋᛁᚾ,16,synth,train
syn_w0_000049_sial_gira_ᛋᛁᛅᛚ᛬ᚵᛁᚱᛅ.png,w0,49,sial gira,ᛋᛁᛅᛚ᛬ᚵᛁᚱᛅ,8,synth,train
syn_w0_000050_harþa_ufa_ᚼᛅᚱᚦᛅ᛬ᚢᚠᛅ.png,w0,50,harþa ufa,ᚼᛅᚱᚦᛅ᛬ᚢᚠᛅ,8,synth,train
syn_w0_000050_iftiR_hagua_frinta_ᛁᚠᛏᛁᛦ᛬ᚼᛅᚵᚢᛅ᛬ᚠᚱᛁᚾᛏᛅ.png,w0,50,iftiR hagua frinta,ᛁᚠᛏᛁᛦ᛬ᚼᛅᚵᚢᛅ᛬ᚠᚱᛁᚾᛏᛅ,16,synth,train
syn_w0_000050_iuk_tutr_ᛁᚢᚴ᛬ᛏᚢᛏᚱ.png,w0,50,iuk tutr,ᛁᚢᚴ᛬ᛏᚢᛏᚱ,7,synth,train
syn_w0_000050_lif_sina_ᛚᛁᚠ᛬ᛋᛁᚾᛅ.png,w0,50,lif sina,ᛚᛁᚠ᛬ᛋᛁᚾᛅ,7,synth,train
syn_w0_000050_san_auþr_siao_ᛋᛅᚾ᛬ᛅᚢᚦᚱ᛬ᛋᛁᛅᚮ.png,w0,50,san auþr siao,ᛋᛅᚾ᛬ᛅᚢᚦᚱ᛬ᛋᛁᛅᚮ,11,synth,train
syn_w0_000050_satu_ᛋᛅᛏᚢ.png,w0,50,satu,ᛋᛅᛏᚢ,4,synth,train
syn_w0_000050_sauþ_hon_muaR_ᛋᛅᚢᚦ᛬ᚼᚮᚾ᛬ᛘᚢᛅᛦ.png,w0,50,sauþ hon muaR,ᛋᛅᚢᚦ᛬ᚼᚮᚾ᛬ᛘᚢᛅᛦ,11,synth,train
syn_w0_000050_uil_itu_fra_ᚢᛁᛚ᛬ᛁᛏᚢ᛬ᚠᚱᛅ.png,w0,50,uil itu fra,ᚢᛁᛚ᛬ᛁᛏᚢ᛬ᚠᚱᛅ,9,synth,train
syn_w0_000051_guþ_laro_trenkr_ntibus_ᚵᚢᚦ᛬ᛚᛅᚱᚮ᛬ᛏᚱᛂᚾᚴᚱ᛬ᚾᛏᛁᛒᚢᛋ.png,w0,51,guþ laro trenkr ntibus,ᚵᚢᚦ᛬ᛚᛅᚱᚮ᛬ᛏᚱᛂᚾᚴᚱ᛬ᚾᛏᛁᛒᚢᛋ,19,synth,train
syn_w0_000051_hiþinkun_bry_eti_ufagR_ᚼᛁᚦᛁᚾᚴᚢᚾ᛬ᛒᚱᚤ᛬ᛂᛏᛁ᛬ᚢᚠᛅᚵᛦ.png,w0,51,hiþinkun bry eti ufagR,ᚼᛁᚦᛁᚾᚴᚢᚾ᛬ᛒᚱᚤ᛬ᛂᛏᛁ᛬ᚢᚠᛅᚵᛦ,19,synth,train
syn_w0_000051_hæræ_þik_ᚼᚫᚱᚫ᛬ᚦᛁᚴ.png,w0,51,hæræ þik,ᚼᚫᚱᚫ᛬ᚦᛁᚴ,7,synth,train
syn_w0_000051_kiari_ᚴᛁᛅᚱᛁ.png,w0,51,kiari,ᚴᛁᛅᚱᛁ,5,synth,train
syn_w0_000051_milan_auk_ᛘᛁᛚᛅᚾ᛬ᛅᚢᚴ.png,w0,51,milan auk,ᛘᛁᛚᛅᚾ᛬ᛅᚢᚴ,8,synth,train
syn_w0_000051_rfi_hus_ᚱᚠᛁ᛬ᚼᚢᛋ.png,w0,51,rfi hus,ᚱᚠᛁ᛬ᚼᚢᛋ,6,synth,train
syn_w0_000051_setu_ruþur_afe_kirki_ᛋᛂᛏᚢ᛬ᚱᚢᚦᚢᚱ᛬ᛅᚠᛂ᛬ᚴᛁᚱᚴᛁ.png,w0,51,setu ruþur afe kirki,ᛋᛂᛏᚢ᛬ᚱᚢᚦᚢᚱ᛬ᛅᚠᛂ᛬ᚴᛁᚱᚴᛁ,17,synth,train
syn_w0_000051_stiną_aul_uak_ᛋᛏᛁᚾᚬ᛬ᛅᚢᛚ᛬ᚢᛅᚴ.png,w0,51,stiną aul uak,ᛋᛏᛁᚾᚬ᛬ᛅᚢᛚ᛬ᚢᛅᚴ,11,synth,train
syn_w0_000052_alt_ᛅᛚᛏ.png,w0,52,alt,ᛅᛚᛏ,3,synth,train
syn_w0_000052_biþ_ræist_iaursaliR_ᛒᛁᚦ᛬ᚱᚫᛁᛋᛏ᛬ᛁᛅᚢᚱᛋᛅᛚᛁᛦ.png,w0,52,biþ ræist iaursaliR,ᛒᛁᚦ᛬ᚱᚫᛁᛋᛏ᛬ᛁᛅᚢᚱᛋᛅᛚᛁᛦ,17,synth,test
syn_w0_000052_hulmuiþr_ᚼᚢᛚᛘᚢᛁᚦᚱ.png,w0,52,hulmuiþr,ᚼᚢᛚᛘᚢᛁᚦᚱ,8,synth,train
syn_w0_000052_kunuþr_þono_nsi_hefnt_ᚴᚢᚾᚢᚦᚱ᛬ᚦᚮᚾᚮ᛬ᚾᛋᛁ᛬ᚼᛂᚠᚾᛏ.png,w0,52,kunuþr þono nsi hefnt,ᚴᚢᚾᚢᚦᚱ᛬ᚦᚮᚾᚮ᛬ᚾᛋᛁ᛬ᚼᛂᚠᚾᛏ,18,synth,train
syn_w0_000052_rado_þum_auk_ᚱᛅᛑᚮ᛬ᚦᚢᛘ᛬ᛅᚢᚴ.png,w0,52,rado þum auk,ᚱᛅᛑᚮ᛬ᚦᚢᛘ᛬ᛅᚢᚴ,10,synth,train
syn_w0_000052_sin_ᛋᛁᚾ.png,w0,52,sin,ᛋᛁᚾ,3,synth,train
syn_w0_000052_þiuþulfR_ᚦᛁᚢᚦᚢᛚᚠᛦ.png,w0,52,þiuþulfR,ᚦᛁᚢᚦᚢᛚᚠᛦ,8,synth,train
syn_w0_000052_þonsi_ᚦᚮᚾᛋᛁ.png,w0,52,þonsi,ᚦᚮᚾᛋᛁ,5,synth,train
syn_w0_000053_bruþur_ᛒᚱᚢᚦᚢᚱ.png,w0,53,bruþur,ᛒᚱᚢᚦᚢᚱ,6,synth,train
syn_w0_000053_gibuauja_trekaR_ᚵᛁᛒᚢᛅᚢᛃᛅ᛬ᛏᚱᛂᚴᛅᛦ.png,w0,53,gibuauja trekaR,ᚵᛁᛒᚢᛅᚢᛃᛅ᛬ᛏᚱᛂᚴᛅᛦ,14,synth,test
syn_w0_000053_inmensus_liRaiwui_lui_ᛁᚾᛘᛂᚾᛋᚢᛋ᛬ᛚᛁᛦᛅᛁᚹᚢᛁ᛬ᛚᚢᛁ.png,w0,53,inmensus liRaiwui lui,ᛁᚾᛘᛂᚾᛋᚢᛋ᛬ᛚᛁᛦᛅᛁᚹᚢᛁ᛬ᛚᚢᛁ,19,synth,train
syn_w0_000053_sin_ᛋᛁᚾ.png,w0,53,sin,ᛋᛁᚾ,3,synth,train
syn_w0_000053_stilk_raistu_hafn_ᛋᛏᛁᛚᚴ᛬ᚱᛅᛁᛋᛏᚢ᛬ᚼᛅᚠᚾ.png,w0,53,stilk raistu hafn,ᛋᛏᛁᛚᚴ᛬ᚱᛅᛁᛋᛏᚢ᛬ᚼᛅᚠᚾ,15,synth,train
syn_w0_000053_tbllll_litu_eftiR_ᛏᛒᛚᛚᛚᛚ᛬ᛚᛁᛏᚢ᛬ᛂᚠᛏᛁᛦ.png,w0,53,tbllll litu eftiR,ᛏᛒᛚᛚᛚᛚ᛬ᛚᛁᛏᚢ᛬ᛂᚠᛏᛁᛦ,15,synth,train
syn_w0_000053_tribin_fiul_ᛏᚱᛁᛒᛁᚾ᛬ᚠᛁᚢᛚ.png,w0,53,tribin fiul,ᛏᚱᛁᛒᛁᚾ᛬ᚠᛁᚢᛚ,10,synth,train
syn_w0_000053_uikuts_herfistam_ᚢᛁᚴᚢᛏᛋ᛬ᚼᛂᚱᚠᛁᛋᛏᛅᛘ.png,w0,53,uikuts herfistam,ᚢᛁᚴᚢᛏᛋ᛬ᚼᛂᚱᚠᛁᛋᛏᛅᛘ,15,synth,train
syn_w0_000054_aukmuntr_karassa_þorstain_ᛅᚢᚴᛘᚢᚾᛏᚱ᛬ᚴᛅᚱᛅᛋᛋᛅ᛬ᚦᚮᚱᛋᛏᛅᛁᚾ.png,w0,54,aukmuntr karassa þorstain,ᛅᚢᚴᛘᚢᚾᛏᚱ᛬ᚴᛅᚱᛅᛋᛋᛅ᛬ᚦᚮᚱᛋᛏᛅᛁᚾ,23,synth,train
syn_w0_000054_auþualtr_sin_ᛅᚢᚦᚢᛅᛚᛏᚱ᛬ᛋᛁᚾ.png,w0,54,auþualtr sin,ᛅᚢᚦᚢᛅᛚᛏᚱ᛬ᛋᛁᚾ,11,synth,train
syn_w0_000054_ąsa_raisti_ᚬᛋᛅ᛬ᚱᛅᛁᛋᛏᛁ.png,w0,54,ąsa raisti,ᚬᛋᛅ᛬ᚱᛅᛁᛋᛏᛁ,9,synth,train
syn_w0_000054_geþe_ᚵᛂᚦᛂ.png,w0,54,geþe,ᚵᛂᚦᛂ,4,synth,train
syn_w0_000054_iui_riþr_harþa_ᛁᚢᛁ᛬ᚱᛁᚦᚱ᛬ᚼᛅᚱᚦᛅ.png,w0,54,iui riþr harþa,ᛁᚢᛁ᛬ᚱᛁᚦᚱ᛬ᚼᛅᚱᚦᛅ,12,synth,train
syn_w0_000054_lit_sueni_simo_ᛚᛁᛏ᛬ᛋᚢᛂᚾᛁ᛬ᛋᛁᛘᚮ.png,w0,54,lit sueni simo,ᛚᛁᛏ᛬ᛋᚢᛂᚾᛁ᛬ᛋᛁᛘᚮ,12,synth,train
syn_w0_000054_rþrm_irað_siþ_ᚱᚦᚱᛘ᛬ᛁᚱᛅᚧ᛬ᛋᛁᚦ.png,w0,54,rþrm irað siþ,ᚱᚦᚱᛘ᛬ᛁᚱᛅᚧ᛬ᛋᛁᚦ,11,synth,train
syn_w0_000054_som_krein_uia_giara_ᛋᚮᛘ᛬ᚴᚱᛂᛁᚾ᛬ᚢᛁᛅ᛬ᚵᛁᛅᚱᛅ.png,w0,54,som krein uia giara,ᛋᚮᛘ᛬ᚴᚱᛂᛁᚾ᛬ᚢᛁᛅ᛬ᚵᛁᛅᚱᛅ,16,synth,train
syn_w0_000055_aluarþ_kuþ_þurkisl_ᛅᛚᚢᛅᚱᚦ᛬ᚴᚢᚦ᛬ᚦᚢᚱᚴᛁᛋᛚ.png,w0,55,aluarþ kuþ þurkisl,ᛅᛚᚢᛅᚱᚦ᛬ᚴᚢᚦ᛬ᚦᚢᚱᚴᛁᛋᛚ,16,synth,train
syn_w0_000055_antaþus_toli_ᛅᚾᛏᛅᚦᚢᛋ᛬ᛏᚮᛚᛁ.png,w0,55,antaþus toli,ᛅᚾᛏᛅᚦᚢᛋ᛬ᛏᚮᛚᛁ,11,synth,train
syn_w0_000055_biurn_fraystin_ᛒᛁᚢᚱᚾ᛬ᚠᚱᛅᚤᛋᛏᛁᚾ.png,w0,55,biurn fraystin,ᛒᛁᚢᚱᚾ᛬ᚠᚱᛅᚤᛋᛏᛁᚾ,13,synth,train
syn_w0_000055_lekia_sistin_sil_botlæifr_ᛚᛂᚴᛁᛅ᛬ᛋᛁᛋᛏᛁᚾ᛬ᛋᛁᛚ᛬ᛒᚮᛏᛚᚫᛁᚠᚱ.png,w0,55,lekia sistin sil botlæifr,ᛚᛂᚴᛁᛅ᛬ᛋᛁᛋᛏᛁᚾ᛬ᛋᛁᛚ᛬ᛒᚮᛏᛚᚫᛁᚠᚱ,22,synth,train
syn_w0_000055_ruþuisl_aikr_maþios_berþor_ᚱᚢᚦᚢᛁᛋᛚ᛬ᛅᛁᚴᚱ᛬ᛘᛅᚦᛁᚮᛋ᛬ᛒᛂᚱᚦᚮᚱ.png,w0,55,ruþuisl aikr maþios berþor,ᚱᚢᚦᚢᛁᛋᛚ᛬ᛅᛁᚴᚱ᛬ᛘᛅᚦᛁᚮᛋ᛬ᛒᛂᚱᚦᚮᚱ,23,synth,train
syn_w0_000055_sig_ᛋᛁᚵ.png,w0,55,sig,ᛋᛁᚵ,3,synth,train
syn_w0_000055_spisus_girþi_auþ_ᛋᛔᛁᛋᚢᛋ᛬ᚵᛁᚱᚦᛁ᛬ᛅᚢᚦ.png,w0,55,spisus girþi auþ,ᛋᛔᛁᛋᚢᛋ᛬ᚵᛁᚱᚦᛁ᛬ᛅᚢᚦ,14,synth,test
syn_w0_000055_uarhas_þos_iuan_ᚢᛅᚱᚼᛅᛋ᛬ᚦᚮᛋ᛬ᛁᚢᛅᚾ.png,w0,55,uarhas þos iuan,ᚢᛅᚱᚼᛅᛋ᛬ᚦᚮᛋ᛬ᛁᚢᛅᚾ,13,synth,train
syn_w0_000056_auk_ᛅᚢᚴ.png,w0,56,auk,ᛅᚢᚴ,3,synth,train
syn_w0_000056_austr_kans_ᛅᚢᛋᛏᚱ᛬ᚴᛅᚾᛋ.png,w0,56,austr kans,ᛅᚢᛋᛏᚱ᛬ᚴᛅᚾᛋ,9,synth,train
syn_w0_000056_iarntr_ᛁᛅᚱᚾᛏᚱ.png,w0,56,iarntr,ᛁᛅᚱᚾᛏᚱ,6,synth,train
syn_w0_000056_iftiR_hafsk_aþis_siba_ᛁᚠᛏᛁᛦ᛬ᚼᛅᚠᛋᚴ᛬ᛅᚦᛁᛋ᛬ᛋᛁᛒᛅ.png,w0,56,iftiR hafsk aþis siba,ᛁᚠᛏᛁᛦ᛬ᚼᛅᚠᛋᚴ᛬ᛅᚦᛁᛋ᛬ᛋᛁᛒᛅ,18,synth,train
syn_w0_000056_ofr_þan_ᚮᚠᚱ᛬ᚦᛅᚾ.png,w0,56,ofr þan,ᚮᚠᚱ᛬ᚦᛅᚾ,6,synth,train
syn_w0_000056_sikbiar_ᛋᛁᚴᛒᛁᛅᚱ.png,w0,56,sikbiar,ᛋᛁᚴᛒᛁᛅᚱ,7,synth,train
syn_w0_000056_uikulfs_ᚢᛁᚴᚢᛚᚠᛋ.png,w0,56,uikulfs,ᚢᛁᚴᚢᛚᚠᛋ,7,synth,train
syn_w0_000056_þurkil_þansi_ᚦᚢᚱᚴᛁᛚ᛬ᚦᛅᚾᛋᛁ.png,w0,56,þurkil þansi,ᚦᚢᚱᚴᛁᛚ᛬ᚦᛅᚾᛋᛁ,11,synth,train
syn_w0_000057_atu_sia_ᛅᛏᚢ᛬ᛋᛁᛅ.png,w0,57,atu sia,ᛅᛏᚢ᛬ᛋᛁᛅ,6,synth,train
syn_w0_000057_lui_fiarui_suæn_han_ᛚᚢᛁ᛬ᚠᛁᛅᚱᚢᛁ᛬ᛋᚢᚫᚾ᛬ᚼᛅᚾ.png,w0,57,lui fiarui suæn han,ᛚᚢᛁ᛬ᚠᛁᛅᚱᚢᛁ᛬ᛋᚢᚫᚾ᛬ᚼᛅᚾ,16,synth,train
syn_w0_000057_ndir_stain_ᚾᛑᛁᚱ᛬ᛋᛏᛅᛁᚾ.png,w0,57,ndir stain,ᚾᛑᛁᚱ᛬ᛋᛏᛅᛁᚾ,9,synth,train
syn_w0_000057_sua_bistat_ᛋᚢᛅ᛬ᛒᛁᛋᛏᛅᛏ.png,w0,57,sua bistat,ᛋᚢᛅ᛬ᛒᛁᛋᛏᛅᛏ,9,synth,train
syn_w0_000057_sunir_ᛋᚢᚾᛁᚱ.png,w0,57,sunir,ᛋᚢᚾᛁᚱ,5,synth,train
syn_w0_000057_sustlik_tul_ᛋᚢᛋᛏᛚᛁᚴ᛬ᛏᚢᛚ.png,w0,57,sustlik tul,ᛋᚢᛋᛏᛚᛁᚴ᛬ᛏᚢᛚ,10,synth,train
syn_w0_000057_talfriþR_run_ᛏᛅᛚᚠᚱᛁᚦᛦ᛬ᚱᚢᚾ.png,w0,57,talfriþR run,ᛏᛅᛚᚠᚱᛁᚦᛦ᛬ᚱᚢᚾ,11,synth,train
syn_w0_000057_þesu_siR_þurfi_ᚦᛂᛋᚢ᛬ᛋᛁᛦ᛬ᚦᚢᚱᚠᛁ.png,w0,57,þesu siR þurfi,ᚦᛂᛋᚢ᛬ᛋᛁᛦ᛬ᚦᚢᚱᚠᛁ,12,synth,val
syn_w0_000058_ari_kom_hafiR_ᛅᚱᛁ᛬ᚴᚮᛘ᛬ᚼᛅᚠᛁᛦ.png,w0,58,ari kom hafiR,ᛅᚱᛁ᛬ᚴᚮᛘ᛬ᚼᛅᚠᛁᛦ,11,synth,train
syn_w0_000058_far_grimilika_aust_faþu_ᚠᛅᚱ᛬ᚵᚱᛁᛘᛁᛚᛁᚴᛅ᛬ᛅᚢᛋᛏ᛬ᚠᛅᚦᚢ.png,w0,58,far grimilika aust faþu,ᚠᛅᚱ᛬ᚵᚱᛁᛘᛁᛚᛁᚴᛅ᛬ᛅᚢᛋᛏ᛬ᚠᛅᚦᚢ,20,synth,train
syn_w0_000058_hialb_iufur_ᚼᛁᛅᛚᛒ᛬ᛁᚢᚠᚢᚱ.png,w0,58,hialb iufur,ᚼᛁᛅᛚᛒ᛬ᛁᚢᚠᚢᚱ,10,synth,train
syn_w0_000058_ligær_inkimar_raisþi_ᛚᛁᚵᚫᚱ᛬ᛁᚾᚴᛁᛘᛅᚱ᛬ᚱᛅᛁᛋᚦᛁ.png,w0,58,ligær inkimar raisþi,ᛚᛁᚵᚫᚱ᛬ᛁᚾᚴᛁᛘᛅᚱ᛬ᚱᛅᛁᛋᚦᛁ,18,synth,train
syn_w0_000058_mik_þeRa_reist_kiR_ᛘᛁᚴ᛬ᚦᛂᛦᛅ᛬ᚱᛂᛁᛋᛏ᛬ᚴᛁᛦ.png,w0,58,mik þeRa reist kiR,ᛘᛁᚴ᛬ᚦᛂᛦᛅ᛬ᚱᛂᛁᛋᛏ᛬ᚴᛁᛦ,15,synth,train
syn_w0_000058_miuk_ᛘᛁᚢᚴ.png,w0,58,miuk,ᛘᛁᚢᚴ,4,synth,train
syn_w0_000058_santa_fita_eftiR_ᛋᛅᚾᛏᛅ᛬ᚠᛁᛏᛅ᛬ᛂᚠᛏᛁᛦ.png,w0,58,santa fita eftiR,ᛋᛅᚾᛏᛅ᛬ᚠᛁᛏᛅ᛬ᛂᚠᛏᛁᛦ,14,synth,train
syn_w0_000058_þasi_fals_iftiR_ᚦᛅᛋᛁ᛬ᚠᛅᛚᛋ᛬ᛁᚠᛏᛁᛦ.png,w0,58,þasi fals iftiR,ᚦᛅᛋᛁ᛬ᚠᛅᛚᛋ᛬ᛁᚠᛏᛁᛦ,13,synth,train
syn_w0_000059_anta_ᛅᚾᛏᛅ.png,w0,59,anta,ᛅᚾᛏᛅ,4,synth,train
syn_w0_000059_auk_burut_rkhn_ᛅᚢᚴ᛬ᛒᚢᚱᚢᛏ᛬ᚱᚴᚼᚾ.png,w0,59,auk burut rkhn,ᛅᚢᚴ᛬ᛒᚢᚱᚢᛏ᛬ᚱᚴᚼᚾ,12,synth,train
syn_w0_000059_han_næyu_þim_ᚼᛅᚾ᛬ᚾᚫᚤᚢ᛬ᚦᛁᛘ.png,w0,59,han næyu þim,ᚼᛅᚾ᛬ᚾᚫᚤᚢ᛬ᚦᛁᛘ,10,synth,train
syn_w0_000059_kitikr_gist_crist_ᚴᛁᛏᛁᚴᚱ᛬ᚵᛁᛋᛏ᛬ᛍᚱᛁᛋᛏ.png,w0,59,kitikr gist crist,ᚴᛁᛏᛁᚴᚱ᛬ᚵᛁᛋᛏ᛬ᛍᚱᛁᛋᛏ,15,synth,train
syn_w0_000059_kuþa_artr_ᚴᚢᚦᛅ᛬ᛅᚱᛏᚱ.png,w0,59,kuþa artr,ᚴᚢᚦᛅ᛬ᛅᚱᛏᚱ,8,synth,train
syn_w0_000059_runelignende_ria_lakþi_hib_ᚱᚢᚾᛂᛚᛁᚵᚾᛂᚾᛑᛂ᛬ᚱᛁᛅ᛬ᛚᛅᚴᚦᛁ᛬ᚼᛁᛒ.png,w0,59,runelignende ria lakþi hib,ᚱᚢᚾᛂᛚᛁᚵᚾᛂᚾᛑᛂ᛬ᚱᛁᛅ᛬ᛚᛅᚴᚦᛁ᛬ᚼᛁᛒ,23,synth,train
syn_w0_000059_staf_lioma_auþka_kuam_ᛋᛏᛅᚠ᛬ᛚᛁᚮᛘᛅ᛬ᛅᚢᚦᚴᛅ᛬ᚴᚢᛅᛘ.png,w0,59,staf lioma auþka kuam,ᛋᛏᛅᚠ᛬ᛚᛁᚮᛘᛅ᛬ᛅᚢᚦᚴᛅ᛬ᚴᚢᛅᛘ,18,synth,train
syn_w0_000059_þurkut_ᚦᚢᚱᚴᚢᛏ.png,w0,59,þurkut,ᚦᚢᚱᚴᚢᛏ,6,synth,train
syn_w0_000060_baþa_betr_auþbiarn_ᛒᛅᚦᛅ᛬ᛒᛂᛏᚱ᛬ᛅᚢᚦᛒᛁᛅᚱᚾ.png,w0,60,baþa betr auþbiarn,ᛒᛅᚦᛅ᛬ᛒᛂᛏᚱ᛬ᛅᚢᚦᛒᛁᛅᚱᚾ,16,synth,train
syn_w0_000060_kuþ_frabiorn_ᚴᚢᚦ᛬ᚠᚱᛅᛒᛁᚮᚱᚾ.png,w0,60,kuþ frabiorn,ᚴᚢᚦ᛬ᚠᚱᛅᛒᛁᚮᚱᚾ,11,synth,val
syn_w0_000060_letu_eftir_eind_aþe_ᛚᛂᛏᚢ᛬ᛂᚠᛏᛁᚱ᛬ᛂᛁᚾᛑ᛬ᛅᚦᛂ.png,w0,60,letu eftir eind aþe,ᛚᛂᛏᚢ᛬ᛂᚠᛏᛁᚱ᛬ᛂᛁᚾᛑ᛬ᛅᚦᛂ,16,synth,train
syn_w0_000060_num_ᚾᚢᛘ.png,w0,60,num,ᚾᚢᛘ,3,synth,train
syn_w0_000060_rsrstikfra_ᚱᛋᚱᛋᛏᛁᚴᚠᚱᛅ.png,w0,60,rsrstikfra,ᚱᛋᚱᛋᛏᛁᚴᚠᚱᛅ,10,synth,train
syn_w0_000060_ræg_sum_ulmstains_ᚱᚫᚵ᛬ᛋᚢᛘ᛬ᚢᛚᛘᛋᛏᛅᛁᚾᛋ.png,w0,60,ræg sum ulmstains,ᚱᚫᚵ᛬ᛋᚢᛘ᛬ᚢᛚᛘᛋᛏᛅᛁᚾᛋ,15,synth,train
syn_w0_000060_suna_heru_lit_noster_ᛋᚢᚾᛅ᛬ᚼᛂᚱᚢ᛬ᛚᛁᛏ᛬ᚾᚮᛋᛏᛂᚱ.png,w0,60,suna heru lit noster,ᛋᚢᚾᛅ᛬ᚼᛂᚱᚢ᛬ᛚᛁᛏ᛬ᚾᚮᛋᛏᛂᚱ,17,synth,train
syn_w0_000060_þursa_iulbi_lundi_ibiurn_ᚦᚢᚱᛋᛅ᛬ᛁᚢᛚᛒᛁ᛬ᛚᚢᚾᛑᛁ᛬ᛁᛒᛁᚢᚱᚾ.png,w0,60,þursa iulbi lundi ibiurn,ᚦᚢᚱᛋᛅ᛬ᛁᚢᛚᛒᛁ᛬ᛚᚢᚾᛑᛁ᛬ᛁᛒᛁᚢᚱᚾ,21,synth,train
syn_w0_000061_allra_barkuiþ_hftR_ᛅᛚᛚᚱᛅ᛬ᛒᛅᚱᚴᚢᛁᚦ᛬ᚼᚠᛏᛦ.png,w0,61,allra barkuiþ hftR,ᛅᛚᛚᚱᛅ᛬ᛒᛅᚱᚴᚢᛁᚦ᛬ᚼᚠᛏᛦ,16,synth,train
syn_w0_000061_austr_kuþi_ᛅᚢᛋᛏᚱ᛬ᚴᚢᚦᛁ.png,w0,61,austr kuþi,ᛅᚢᛋᛏᚱ᛬ᚴᚢᚦᛁ,9,synth,train
syn_w0_000061_faþurs_ᚠᛅᚦᚢᚱᛋ.png,w0,61,faþurs,ᚠᛅᚦᚢᚱᛋ,6,synth,train
syn_w0_000061_ial_biþir_mot_rita_ᛁᛅᛚ᛬ᛒᛁᚦᛁᚱ᛬ᛘᚮᛏ᛬ᚱᛁᛏᛅ.png,w0,61,ial biþir mot rita,ᛁᛅᛚ᛬ᛒᛁᚦᛁᚱ᛬ᛘᚮᛏ᛬ᚱᛁᛏᛅ,15,synth,train
syn_w0_000061_ika_bratr_ᛁᚴᛅ᛬ᛒᚱᛅᛏᚱ.png,w0,61,ika bratr,ᛁᚴᛅ᛬ᛒᚱᛅᛏᚱ,8,synth,train
syn_w0_000061_rafa_moþur_ᚱᛅᚠᛅ᛬ᛘᚮᚦᚢᚱ.png,w0,61,rafa moþur,ᚱᛅᚠᛅ᛬ᛘᚮᚦᚢᚱ,9,synth,train
syn_w0_000061_tyki_ᛏᚤᚴᛁ.png,w0,61,tyki,ᛏᚤᚴᛁ,4,synth,train
syn_w0_000061_þinsa_enklans_mikR_ᚦᛁᚾᛋᛅ᛬ᛂᚾᚴᛚᛅᚾᛋ᛬ᛘᛁᚴᛦ.png,w0,61,þinsa enklans mikR,ᚦᛁᚾᛋᛅ᛬ᛂᚾᚴᛚᛅᚾᛋ᛬ᛘᛁᚴᛦ,16,synth,train
syn_w0_000062_barþusk_uifast_slyru_sloþi_ᛒᛅᚱᚦᚢᛋᚴ᛬ᚢᛁᚠᛅᛋᛏ᛬ᛋᛚᚤᚱᚢ᛬ᛋᛚᚮᚦᛁ.png,w0,62,barþusk uifast slyru sloþi,ᛒᛅᚱᚦᚢᛋᚴ᛬ᚢᛁᚠᛅᛋᛏ᛬ᛋᛚᚤᚱᚢ᛬ᛋᛚᚮᚦᛁ,23,synth,train
syn_w0_000062_ika_kifulfR_ᛁᚴᛅ᛬ᚴᛁᚠᚢᛚᚠᛦ.png,w0,62,ika kifulfR,ᛁᚴᛅ᛬ᚴᛁᚠᚢᛚᚠᛦ,10,synth,test
syn_w0_000062_isakr_basti_lant_ini_ᛁᛋᛅᚴᚱ᛬ᛒᛅᛋᛏᛁ᛬ᛚᛅᚾᛏ᛬ᛁᚾᛁ.png,w0,62,isakr basti lant ini,ᛁᛋᛅᚴᚱ᛬ᛒᛅᛋᛏᛁ᛬ᛚᛅᚾᛏ᛬ᛁᚾᛁ,17,synth,train
syn_w0_000062_ormar_ᚮᚱᛘᛅᚱ.png,w0,62,ormar,ᚮᚱᛘᛅᚱ,5,synth,train
syn_w0_000062_stanta_þisi_auka_resti_ᛋᛏᛅᚾᛏᛅ᛬ᚦᛁᛋᛁ᛬ᛅᚢᚴᛅ᛬ᚱᛂᛋᛏᛁ.png,w0,62,stanta þisi auka resti,ᛋᛏᛅᚾᛏᛅ᛬ᚦᛁᛋᛁ᛬ᛅᚢᚴᛅ᛬ᚱᛂᛋᛏᛁ,19,synth,train
syn_w0_000062_suen_ᛋᚢᛂᚾ.png,w0,62,suen,ᛋᚢᛂᚾ,4,synth,train
syn_w0_000062_utrunkum_iluit_iak_ᚢᛏᚱᚢᚾᚴᚢᛘ᛬ᛁᛚᚢᛁᛏ᛬ᛁᛅᚴ.png,w0,62,utrunkum iluit iak,ᚢᛏᚱᚢᚾᚴᚢᛘ᛬ᛁᛚᚢᛁᛏ᛬ᛁᛅᚴ,16,synth,train
syn_w0_000062_þikaliþi_iin_nostru_ᚦᛁᚴᛅᛚᛁᚦᛁ᛬ᛁᛁᚾ᛬ᚾᚮᛋᛏᚱᚢ.png,w0,62,þikaliþi iin nostru,ᚦᛁᚴᛅᛚᛁᚦᛁ᛬ᛁᛁᚾ᛬ᚾᚮᛋᛏᚱᚢ,17,synth,train
syn_w0_000063_ailikni_tæria_ᛅᛁᛚᛁᚴᚾᛁ᛬ᛏᚫᚱᛁᛅ.png,w0,63,ailikni tæria,ᛅᛁᛚᛁᚴᚾᛁ᛬ᛏᚫᚱᛁᛅ,12,synth,train
syn_w0_000063_ailmer_tuka_aiftir_ahbReþ_ᛅᛁᛚᛘᛂᚱ᛬ᛏᚢᚴᛅ᛬ᛅᛁᚠᛏᛁᚱ᛬ᛅᚼᛒᛦᛂᚦ.png,w0,63,ailmer tuka aiftir ahbReþ,ᛅᛁᛚᛘᛂᚱ᛬ᛏᚢᚴᛅ᛬ᛅᛁᚠᛏᛁᚱ᛬ᛅᚼᛒᛦᛂᚦ,22,synth,train
syn_w0_000063_eftiR_ᛂᚠᛏᛁᛦ.png,w0,63,eftiR,ᛂᚠᛏᛁᛦ,5,synth,val
syn_w0_000063_iftiR_tafaistr_alhi_ᛁᚠᛏᛁᛦ᛬ᛏᛅᚠᛅᛁᛋᛏᚱ᛬ᛅᛚᚼᛁ.png,w0,63,iftiR tafaistr alhi,ᛁᚠᛏᛁᛦ᛬ᛏᛅᚠᛅᛁᛋᛏᚱ᛬ᛅᛚᚼᛁ,17,synth,train
syn_w0_000063_matr_ᛘᛅᛏᚱ.png,w0,63,matr,ᛘᛅᛏᚱ,4,synth,train
syn_w0_000063_messo_hrþa_þæs_ᛘᛂᛋᛋᚮ᛬ᚼᚱᚦᛅ᛬ᚦᚫᛋ.png,w0,63,messo hrþa þæs,ᛘᛂᛋᛋᚮ᛬ᚼᚱᚦᛅ᛬ᚦᚫᛋ,12,synth,train
syn_w0_000063_rstui_kuþ_uþiR_ᚱᛋᛏᚢᛁ᛬ᚴᚢᚦ᛬ᚢᚦᛁᛦ.png,w0,63,rstui kuþ uþiR,ᚱᛋᛏᚢᛁ᛬ᚴᚢᚦ᛬ᚢᚦᛁᛦ,12,synth,train
syn_w0_000063_sati_gud_isa_ᛋᛅᛏᛁ᛬ᚵᚢᛑ᛬ᛁᛋᛅ.png,w0,63,sati gud isa,ᛋᛅᛏᛁ᛬ᚵᚢᛑ᛬ᛁᛋᛅ,10,synth,train
syn_w0_000064_kain_ᚴᛅᛁᚾ.png,w0,64,kain,ᚴᛅᛁᚾ,4,synth,train
syn_w0_000064_kiskik_rita_ᚴᛁᛋᚴᛁᚴ᛬ᚱᛁᛏᛅ.png,w0,64,kiskik rita,ᚴᛁᛋᚴᛁᚴ᛬ᚱᛁᛏᛅ,10,synth,val
syn_w0_000064_naus_hambri_ᚾᛅᚢᛋ᛬ᚼᛅᛘᛒᚱᛁ.png,w0,64,naus hambri,ᚾᛅᚢᛋ᛬ᚼᛅᛘᛒᚱᛁ,10,synth,train
syn_w0_000064_rahnualtr_oanta_þira_ᚱᛅᚼᚾᚢᛅᛚᛏᚱ᛬ᚮᛅᚾᛏᛅ᛬ᚦᛁᚱᛅ.png,w0,64,rahnualtr oanta þira,ᚱᛅᚼᚾᚢᛅᛚᛏᚱ᛬ᚮᛅᚾᛏᛅ᛬ᚦᛁᚱᛅ,18,synth,train
syn_w0_000064_rita_kunilt_ᚱᛁᛏᛅ᛬ᚴᚢᚾᛁᛚᛏ.png,w0,64,rita kunilt,ᚱᛁᛏᛅ᛬ᚴᚢᚾᛁᛚᛏ,10,synth,train
syn_w0_000064_slikær_trukn_lla_ᛋᛚᛁᚴᚫᚱ᛬ᛏᚱᚢᚴᚾ᛬ᛚᛚᛅ.png,w0,64,slikær trukn lla,ᛋᛚᛁᚴᚫᚱ᛬ᛏᚱᚢᚴᚾ᛬ᛚᛚᛅ,14,synth,train
syn_w0_000064_suiunkR_skal_ᛋᚢᛁᚢᚾᚴᛦ᛬ᛋᚴᛅᛚ.png,w0,64,suiunkR skal,ᛋᚢᛁᚢᚾᚴᛦ᛬ᛋᚴᛅᛚ,11,synth,train
syn_w0_000064_uuk_ᚢᚢᚴ.png,w0,64,uuk,ᚢᚢᚴ,3,synth,train
syn_w0_000065_ansuars_kara_ᛅᚾᛋᚢᛅᚱᛋ᛬ᚴᛅᚱᛅ.png,w0,65,ansuars kara,ᛅᚾᛋᚢᛅᚱᛋ᛬ᚴᛅᚱᛅ,11,synth,train
syn_w0_000065_anuntr_þaiR_hugi_pate_ᛅᚾᚢᚾᛏᚱ᛬ᚦᛅᛁᛦ᛬ᚼᚢᚵᛁ᛬ᛔᛅᛏᛂ.png,w0,65,anuntr þaiR hugi pate,ᛅᚾᚢᚾᛏᚱ᛬ᚦᛅᛁᛦ᛬ᚼᚢᚵᛁ᛬ᛔᛅᛏᛂ,18,synth,train
syn_w0_000065_auk_rai_sagsa_resa_ᛅᚢᚴ᛬ᚱᛅᛁ᛬ᛋᛅᚵᛋᛅ᛬ᚱᛂᛋᛅ.png,w0,65,auk rai sagsa resa,ᛅᚢᚴ᛬ᚱᛅᛁ᛬ᛋᛅᚵᛋᛅ᛬ᚱᛂᛋᛅ,15,synth,val
syn_w0_000065_her_ᚼᛂᚱ.png,w0,65,her,ᚼᛂᚱ,3,synth,train
syn_w0_000065_kurms_asy_ide_ᚴᚢᚱᛘᛋ᛬ᛅᛋᚤ᛬ᛁᛑᛂ.png,w0,65,kurms asy ide,ᚴᚢᚱᛘᛋ᛬ᛅᛋᚤ᛬ᛁᛑᛂ,11,synth,train
syn_w0_000065_kuþmuntr_kuþaa_ant_ᚴᚢᚦᛘᚢᚾᛏᚱ᛬ᚴᚢᚦᛅᛅ᛬ᛅᚾᛏ.png,w0,65,kuþmuntr kuþaa ant,ᚴᚢᚦᛘᚢᚾᛏᚱ᛬ᚴᚢᚦᛅᛅ᛬ᛅᚾᛏ,16,synth,train
syn_w0_000065_sein_stain_ᛋᛂᛁᚾ᛬ᛋᛏᛅᛁᚾ.png,w0,65,sein stain,ᛋᛂᛁᚾ᛬ᛋᛏᛅᛁᚾ,9,synth,train
syn_w0_000065_uifari_ᚢᛁᚠᛅᚱᛁ.png,w0,65,uifari,ᚢᛁᚠᛅᚱᛁ,6,synth,train
syn_w0_000066_Rskil_ᛦᛋᚴᛁᛚ.png,w0,66,Rskil,ᛦᛋᚴᛁᛚ,5,synth,train
syn_w0_000066_anunr_staina_ᛅᚾᚢᚾᚱ᛬ᛋᛏᛅᛁᚾᛅ.png,w0,66,anunr staina,ᛅᚾᚢᚾᚱ᛬ᛋᛏᛅᛁᚾᛅ,11,synth,test
syn_w0_000066_auk_ᛅᚢᚴ.png,w0,66,auk,ᛅᚢᚴ,3,synth,train
syn_w0_000066_finulfs_fran_ᚠᛁᚾᚢᛚᚠᛋ᛬ᚠᚱᛅᚾ.png,w0,66,finulfs fran,ᚠᛁᚾᚢᛚᚠᛋ᛬ᚠᚱᛅᚾ,11,synth,val
syn_w0_000066_irnmunt_hrþa_ᛁᚱᚾᛘᚢᚾᛏ᛬ᚼᚱᚦᛅ.png,w0,66,irnmunt hrþa,ᛁᚱᚾᛘᚢᚾᛏ᛬ᚼᚱᚦᛅ,11,synth,train
syn_w0_000066_mirki_þes_litsi_ᛘᛁᚱᚴᛁ᛬ᚦᛂᛋ᛬ᛚᛁᛏᛋᛁ.png,w0,66,mirki þes litsi,ᛘᛁᚱᚴᛁ᛬ᚦᛂᛋ᛬ᛚᛁᛏᛋᛁ,13,synth,train
syn_w0_000066_unr_arfaR_ᚢᚾᚱ᛬ᛅᚱᚠᛅᛦ.png,w0,66,unr arfaR,ᚢᚾᚱ᛬ᛅᚱᚠᛅᛦ,8,synth,train
syn_w0_000066_þona_gyriþ_ᚦᚮᚾᛅ᛬ᚵᚤᚱᛁᚦ.png,w0,66,þona gyriþ,ᚦᚮᚾᛅ᛬ᚵᚤᚱᛁᚦ,9,synth,train
syn_w0_000067_botiauþar_harats_ᛒᚮᛏᛁᛅᚢᚦᛅᚱ᛬ᚼᛅᚱᛅᛏᛋ.png,w0,67,botiauþar harats,ᛒᚮᛏᛁᛅᚢᚦᛅᚱ᛬ᚼᛅᚱᛅᛏᛋ,15,synth,train
syn_w0_000067_fru_unt_ᚠᚱᚢ᛬ᚢᚾᛏ.png,w0,67,fru unt,ᚠᚱᚢ᛬ᚢᚾᛏ,6,synth,train
syn_w0_000067_iarlabanki_ᛁᛅᚱᛚᛅᛒᛅᚾᚴᛁ.png,w0,67,iarlabanki,ᛁᛅᚱᛚᛅᛒᛅᚾᚴᛁ,10,synth,train
syn_w0_000067_ikibiarn_þat_amin_ᛁᚴᛁᛒᛁᛅᚱᚾ᛬ᚦᛅᛏ᛬ᛅᛘᛁᚾ.png,w0,67,ikibiarn þat amin,ᛁᚴᛁᛒᛁᛅᚱᚾ᛬ᚦᛅᛏ᛬ᛅᛘᛁᚾ,15,synth,train
syn_w0_000067_ikiualtr_futiR_risti_likR_ᛁᚴᛁᚢᛅᛚᛏᚱ᛬ᚠᚢᛏᛁᛦ᛬ᚱᛁᛋᛏᛁ᛬ᛚᛁᚴᛦ.png,w0,67,ikiualtr futiR risti likR,ᛁᚴᛁᚢᛅᛚᛏᚱ᛬ᚠᚢᛏᛁᛦ᛬ᚱᛁᛋᛏᛁ᛬ᛚᛁᚴᛦ,22,synth,train
syn_w0_000067_kunar_ormar_ikuars_þan_ᚴᚢᚾᛅᚱ᛬ᚮᚱᛘᛅᚱ᛬ᛁᚴᚢᛅᚱᛋ᛬ᚦᛅᚾ.png,w0,67,kunar ormar ikuars þan,ᚴᚢᚾᛅᚱ᛬ᚮᚱᛘᛅᚱ᛬ᛁᚴᚢᛅᚱᛋ᛬ᚦᛅᚾ,19,synth,train
syn_w0_000067_uitahol_ᚢᛁᛏᛅᚼᚮᛚ.png,w0,67,uitahol,ᚢᛁᛏᛅᚼᚮᛚ,7,synth,train
syn_w0_000067_þna_þau_ᚦᚾᛅ᛬ᚦᛅᚢ.png,w0,67,þna þau,ᚦᚾᛅ᛬ᚦᛅᚢ,6,synth,train
syn_w0_000068_fuþork_siriþr_ᚠᚢᚦᚮᚱᚴ᛬ᛋᛁᚱᛁᚦᚱ.png,w0,68,fuþork siriþr,ᚠᚢᚦᚮᚱᚴ᛬ᛋᛁᚱᛁᚦᚱ,12,synth,train
syn_w0_000068_hans_kunar_beta_grimr_ᚼᛅᚾᛋ᛬ᚴᚢᚾᛅᚱ᛬ᛒᛂᛏᛅ᛬ᚵᚱᛁᛘᚱ.png,w0,68,hans kunar beta grimr,ᚼᛅᚾᛋ᛬ᚴᚢᚾᛅᚱ᛬ᛒᛂᛏᛅ᛬ᚵᚱᛁᛘᚱ,18,synth,train
syn_w0_000068_ilatl_kænt_þata_ᛁᛚᛅᛏᛚ᛬ᚴᚫᚾᛏ᛬ᚦᛅᛏᛅ.png,w0,68,ilatl kænt þata,ᛁᛚᛅᛏᛚ᛬ᚴᚫᚾᛏ᛬ᚦᛅᛏᛅ,13,synth,train
syn_w0_000068_muli_ᛘᚢᛚᛁ.png,w0,68,muli,ᛘᚢᛚᛁ,4,synth,train
syn_w0_000068_sak_þoral_þorker_þurluf_ᛋᛅᚴ᛬ᚦᚮᚱᛅᛚ᛬ᚦᚮᚱᚴᛂᚱ᛬ᚦᚢᚱᛚᚢᚠ.png,w0,68,sak þoral þorker þurluf,ᛋᛅᚴ᛬ᚦᚮᚱᛅᛚ᛬ᚦᚮᚱᚴᛂᚱ᛬ᚦᚢᚱᛚᚢᚠ,20,synth,train
syn_w0_000068_sæst_saibiurn_ᛋᚫᛋᛏ᛬ᛋᛅᛁᛒᛁᚢᚱᚾ.png,w0,68,sæst saibiurn,ᛋᚫᛋᛏ᛬ᛋᛅᛁᛒᛁᚢᚱᚾ,12,synth,train
syn_w0_000068_ufteR_hanti_isti_ᚢᚠᛏᛂᛦ᛬ᚼᛅᚾᛏᛁ᛬ᛁᛋᛏᛁ.png,w0,68,ufteR hanti isti,ᚢᚠᛏᛂᛦ᛬ᚼᛅᚾᛏᛁ᛬ᛁᛋᛏᛁ,14,synth,train
syn_w0_000068_ærkibiskubs_ᚫᚱᚴᛁᛒᛁᛋᚴᚢᛒᛋ.png,w0,68,ærkibiskubs,ᚫᚱᚴᛁᛒᛁᛋᚴᚢᛒᛋ,11,synth,train
syn_w0_000069_halbi_ᚼᛅᛚᛒᛁ.png,w0,69,halbi,ᚼᛅᛚᛒᛁ,5,synth,train
syn_w0_000069_hans_ibus_heil_ᚼᛅᚾᛋ᛬ᛁᛒᚢᛋ᛬ᚼᛂᛁᛚ.png,w0,69,hans ibus heil,ᚼᛅᚾᛋ᛬ᛁᛒᚢᛋ᛬ᚼᛂᛁᛚ,12,synth,train
syn_w0_000069_lit_hielmlaug_bruþur_ᛚᛁᛏ᛬ᚼᛁᛂᛚᛘᛚᛅᚢᚵ᛬ᛒᚱᚢᚦᚢᚱ.png,w0,69,lit hielmlaug bruþur,ᛚᛁᛏ᛬ᚼᛁᛂᛚᛘᛚᛅᚢᚵ᛬ᛒᚱᚢᚦᚢᚱ,18,synth,train
syn_w0_000069_roþalf_itR_huit_ᚱᚮᚦᛅᛚᚠ᛬ᛁᛏᛦ᛬ᚼᚢᛁᛏ.png,w0,69,roþalf itR huit,ᚱᚮᚦᛅᛚᚠ᛬ᛁᛏᛦ᛬ᚼᚢᛁᛏ,13,synth,train
syn_w0_000069_stineltr_kris_ikla_ᛋᛏᛁᚾᛂᛚᛏᚱ᛬ᚴᚱᛁᛋ᛬ᛁᚴᛚᛅ.png,w0,69,stineltr kris ikla,ᛋᛏᛁᚾᛂᛚᛏᚱ᛬ᚴᚱᛁᛋ᛬ᛁᚴᛚᛅ,16,synth,train
syn_w0_000069_suaen_kirRþu_hesti_sakaR_ᛋᚢᛅᛂᚾ᛬ᚴᛁᚱᛦᚦᚢ᛬ᚼᛂᛋᛏᛁ᛬ᛋᛅᚴᛅᛦ.png,w0,69,suaen kirRþu hesti sakaR,ᛋᚢᛅᛂᚾ᛬ᚴᛁᚱᛦᚦᚢ᛬ᚼᛂᛋᛏᛁ᛬ᛋᛅᚴᛅᛦ,21,synth,train
syn_w0_000069_tuaim_kuno_bruþurR_ᛏᚢᛅᛁᛘ᛬ᚴᚢᚾᚮ᛬ᛒᚱᚢᚦᚢᚱᛦ.png,w0,69,tuaim kuno bruþurR,ᛏᚢᛅᛁᛘ᛬ᚴᚢᚾᚮ᛬ᛒᚱᚢᚦᚢᚱᛦ,16,synth,train
syn_w0_000069_þaiR_taþ_kerþu_ᚦᛅᛁᛦ᛬ᛏᛅᚦ᛬ᚴᛂᚱᚦᚢ.png,w0,69,þaiR taþ kerþu,ᚦᛅᛁᛦ᛬ᛏᛅᚦ᛬ᚴᛂᚱᚦᚢ,12,synth,train
syn_w0_000070_faþur_eftiR_fifi_aliR_ᚠᛅᚦᚢᚱ᛬ᛂᚠᛏᛁᛦ᛬ᚠᛁᚠᛁ᛬ᛅᛚᛁᛦ.png,w0,70,faþur eftiR fifi aliR,ᚠᛅᚦᚢᚱ᛬ᛂᚠᛏᛁᛦ᛬ᚠᛁᚠᛁ᛬ᛅᛚᛁᛦ,18,synth,train
syn_w0_000070_furþu_nem_ᚠᚢᚱᚦᚢ᛬ᚾᛂᛘ.png,w0,70,furþu nem,ᚠᚢᚱᚦᚢ᛬ᚾᛂᛘ,8,synth,val
syn_w0_000070_hahwar_ᚼᛅᚼᚹᛅᚱ.png,w0,70,hahwar,ᚼᛅᚼᚹᛅᚱ,6,synth,train
syn_w0_000070_launat_bunta_kilta_rett_ᛚᛅᚢᚾᛅᛏ᛬ᛒᚢᚾᛏᛅ᛬ᚴᛁᛚᛏᛅ᛬ᚱᛂᛏᛏ.png,w0,70,launat bunta kilta rett,ᛚᛅᚢᚾᛅᛏ᛬ᛒᚢᚾᛏᛅ᛬ᚴᛁᛚᛏᛅ᛬ᚱᛂᛏᛏ,20,synth,train
syn_w0_000070_næruþka_sint_sin_ihul_ᚾᚫᚱᚢᚦᚴᛅ᛬ᛋᛁᚾᛏ᛬ᛋᛁᚾ᛬ᛁᚼᚢᛚ.png,w0,70,næruþka sint sin ihul,ᚾᚫᚱᚢᚦᚴᛅ᛬ᛋᛁᚾᛏ᛬ᛋᛁᚾ᛬ᛁᚼᚢᛚ,18,synth,train
syn_w0_000070_sin_kutr_statu_kiara_ᛋᛁᚾ᛬ᚴᚢᛏᚱ᛬ᛋᛏᛅᛏᚢ᛬ᚴᛁᛅᚱᛅ.png,w0,70,sin kutr statu kiara,ᛋᛁᚾ᛬ᚴᚢᛏᚱ᛬ᛋᛏᛅᛏᚢ᛬ᚴᛁᛅᚱᛅ,17,synth,train
syn_w0_000070_þin_ᚦᛁᚾ.png,w0,70,þin,ᚦᛁᚾ,3,synth,train
syn_w0_000070_þæs_ᚦᚫᛋ.png,w0,70,þæs,ᚦᚫᛋ,3,synth,train
syn_w0_000071_ailti_sin_þis_rato_ᛅᛁᛚᛏᛁ᛬ᛋᛁᚾ᛬ᚦᛁᛋ᛬ᚱᛅᛏᚮ.png,w0,71,ailti sin þis rato,ᛅᛁᛚᛏᛁ᛬ᛋᛁᚾ᛬ᚦᛁᛋ᛬ᚱᛅᛏᚮ,15,synth,train
syn_w0_000071_auk_ᛅᚢᚴ.png,w0,71,auk,ᛅᚢᚴ,3,synth,train
syn_w0_000071_freantr_arn_ᚠᚱᛂᛅᚾᛏᚱ᛬ᛅᚱᚾ.png,w0,71,freantr arn,ᚠᚱᛂᛅᚾᛏᚱ᛬ᛅᚱᚾ,10,synth,train
syn_w0_000071_kaRþi_auþ_suþrbi_fotr_ᚴᛅᛦᚦᛁ᛬ᛅᚢᚦ᛬ᛋᚢᚦᚱᛒᛁ᛬ᚠᚮᛏᚱ.png,w0,71,kaRþi auþ suþrbi fotr,ᚴᛅᛦᚦᛁ᛬ᛅᚢᚦ᛬ᛋᚢᚦᚱᛒᛁ᛬ᚠᚮᛏᚱ,18,synth,train
syn_w0_000071_kan_aiR_botaiþr_ᚴᛅᚾ᛬ᛅᛁᛦ᛬ᛒᚮᛏᛅᛁᚦᚱ.png,w0,71,kan aiR botaiþr,ᚴᛅᚾ᛬ᛅᛁᛦ᛬ᛒᚮᛏᛅᛁᚦᚱ,13,synth,train
syn_w0_000071_ndskrift_ᚾᛑᛋᚴᚱᛁᚠᛏ.png,w0,71,ndskrift,ᚾᛑᛋᚴᚱᛁᚠᛏ,8,synth,train
syn_w0_000071_ræi_reis_ᚱᚫᛁ᛬ᚱᛂᛁᛋ.png,w0,71,ræi reis,ᚱᚫᛁ᛬ᚱᛂᛁᛋ,7,synth,val
syn_w0_000071_þialfa_faþur_sær_ᚦᛁᛅᛚᚠᛅ᛬ᚠᛅᚦᚢᚱ᛬ᛋᚫᚱ.png,w0,71,þialfa faþur sær,ᚦᛁᛅᛚᚠᛅ᛬ᚠᛅᚦᚢᚱ᛬ᛋᚫᚱ,14,synth,train
syn_w0_000072_ialbi_iartiknum_last_hakua_ᛁᛅᛚᛒᛁ᛬ᛁᛅᚱᛏᛁᚴᚾᚢᛘ᛬ᛚᛅᛋᛏ᛬ᚼᛅᚴᚢᛅ.png,w0,72,ialbi iartiknum last hakua,ᛁᛅᛚᛒᛁ᛬ᛁᛅᚱᛏᛁᚴᚾᚢᛘ᛬ᛚᛅᛋᛏ᛬ᚼᛅᚴᚢᛅ,23,synth,train
syn_w0_000072_kunborn_ᚴᚢᚾᛒᚮᚱᚾ.png,w0,72,kunborn,ᚴᚢᚾᛒᚮᚱᚾ,7,synth,train
syn_w0_000072_mæst_raisa_ᛘᚫᛋᛏ᛬ᚱᛅᛁᛋᛅ.png,w0,72,mæst raisa,ᛘᚫᛋᛏ᛬ᚱᛅᛁᛋᛅ,9,synth,train
syn_w0_000072_omuþa_uil_bænekikta_ᚮᛘᚢᚦᛅ᛬ᚢᛁᛚ᛬ᛒᚫᚾᛂᚴᛁᚴᛏᛅ.png,w0,72,omuþa uil bænekikta,ᚮᛘᚢᚦᛅ᛬ᚢᛁᛚ᛬ᛒᚫᚾᛂᚴᛁᚴᛏᛅ,17,synth,train
syn_w0_000072_ristr_ᚱᛁᛋᛏᚱ.png,w0,72,ristr,ᚱᛁᛋᛏᚱ,5,synth,train
syn_w0_000072_rþra_sanct_ᚱᚦᚱᛅ᛬ᛋᛅᚾᛍᛏ.png,w0,72,rþra sanct,ᚱᚦᚱᛅ᛬ᛋᛅᚾᛍᛏ,9,synth,train
syn_w0_000072_suaþ_haurlau_isakr_ᛋᚢᛅᚦ᛬ᚼᛅᚢᚱᛚᛅᚢ᛬ᛁᛋᛅᚴᚱ.png,w0,72,suaþ haurlau isakr,ᛋᚢᛅᚦ᛬ᚼᛅᚢᚱᛚᛅᚢ᛬ᛁᛋᛅᚴᚱ,16,synth,train
syn_w0_000072_the_ᛏᚼᛂ.png,w0,72,the,ᛏᚼᛂ,3,synth,train
syn_w0_000073_einn_þita_kuþmuntr_ᛂᛁᚾᚾ᛬ᚦᛁᛏᛅ᛬ᚴᚢᚦᛘᚢᚾᛏᚱ.png,w0,73,einn þita kuþmuntr,ᛂᛁᚾᚾ᛬ᚦᛁᛏᛅ᛬ᚴᚢᚦᛘᚢᚾᛏᚱ,16,synth,train
syn_w0_000073_hulmfriR_fyri_krib_ᚼᚢᛚᛘᚠᚱᛁᛦ᛬ᚠᚤᚱᛁ᛬ᚴᚱᛁᛒ.png,w0,73,hulmfriR fyri krib,ᚼᚢᛚᛘᚠᚱᛁᛦ᛬ᚠᚤᚱᛁ᛬ᚴᚱᛁᛒ,16,synth,train
syn_w0_000073_kpasia_ᚴᛔᛅᛋᛁᛅ.png,w0,73,kpasia,ᚴᛔᛅᛋᛁᛅ,6,synth,train
syn_w0_000073_kuikuan_fruktus_fauþur_ᚴᚢᛁᚴᚢᛅᚾ᛬ᚠᚱᚢᚴᛏᚢᛋ᛬ᚠᛅᚢᚦᚢᚱ.png,w0,73,kuikuan fruktus fauþur,ᚴᚢᛁᚴᚢᛅᚾ᛬ᚠᚱᚢᚴᛏᚢᛋ᛬ᚠᛅᚢᚦᚢᚱ,20,synth,train
syn_w0_000073_rkatil_lata_ᚱᚴᛅᛏᛁᛚ᛬ᛚᛅᛏᛅ.png,w0,73,rkatil lata,ᚱᚴᛅᛏᛁᛚ᛬ᛚᛅᛏᛅ,10,synth,val
syn_w0_000073_uas_kkk_ᚢᛅᛋ᛬ᚴᚴᚴ.png,w0,73,uas kkk,ᚢᛅᛋ᛬ᚴᚴᚴ,6,synth,train
syn_w0_000073_uæra_þulfR_hans_stæin_ᚢᚫᚱᛅ᛬ᚦᚢᛚᚠᛦ᛬ᚼᛅᚾᛋ᛬ᛋᛏᚫᛁᚾ.png,w0,73,uæra þulfR hans stæin,ᚢᚫᚱᛅ᛬ᚦᚢᛚᚠᛦ᛬ᚼᛅᚾᛋ᛬ᛋᛏᚫᛁᚾ,18,synth,train
syn_w0_000073_þorstæin_ᚦᚮᚱᛋᛏᚫᛁᚾ.png,w0,73,þorstæin,ᚦᚮᚱᛋᛏᚫᛁᚾ,8,synth,train
syn_w0_000074_gerþe_rrrnnn_ᚵᛂᚱᚦᛂ᛬ᚱᚱᚱᚾᚾᚾ.png,w0,74,gerþe rrrnnn,ᚵᛂᚱᚦᛂ᛬ᚱᚱᚱᚾᚾᚾ,11,synth,train
syn_w0_000074_iarl_muþur_iarþi_ᛁᛅᚱᛚ᛬ᛘᚢᚦᚢᚱ᛬ᛁᛅᚱᚦᛁ.png,w0,74,iarl muþur iarþi,ᛁᛅᚱᛚ᛬ᛘᚢᚦᚢᚱ᛬ᛁᛅᚱᚦᛁ,14,synth,train
syn_w0_000074_kal_ᚴᛅᛚ.png,w0,74,kal,ᚴᛅᛚ,3,synth,train
syn_w0_000074_lit_sïþabad_þria_sikfus_ᛚᛁᛏ᛬ᛋᛇᚦᛅᛒᛅᛑ᛬ᚦᚱᛁᛅ᛬ᛋᛁᚴᚠᚢᛋ.png,w0,74,lit sïþabad þria sikfus,ᛚᛁᛏ᛬ᛋᛇᚦᛅᛒᛅᛑ᛬ᚦᚱᛁᛅ᛬ᛋᛁᚴᚠᚢᛋ,20,synth,train
syn_w0_000074_runi_sti_ᚱᚢᚾᛁ᛬ᛋᛏᛁ.png,w0,74,runi sti,ᚱᚢᚾᛁ᛬ᛋᛏᛁ,7,synth,train
syn_w0_000074_stin_ᛋᛏᛁᚾ.png,w0,74,stin,ᛋᛏᛁᚾ,4,synth,train
syn_w0_000074_uiniutr_þer_ᚢᛁᚾᛁᚢᛏᚱ᛬ᚦᛂᚱ.png,w0,74,uiniutr þer,ᚢᛁᚾᛁᚢᛏᚱ᛬ᚦᛂᚱ,10,synth,val
syn_w0_000074_þisa_ᚦᛁᛋᛅ.png,w0,74,þisa,ᚦᛁᛋᛅ,4,synth,train
syn_w0_000075_hrþa_llu_ᚼᚱᚦᛅ᛬ᛚᛚᚢ.png,w0,75,hrþa llu,ᚼᚱᚦᛅ᛬ᛚᛚᚢ,7,synth,val
syn_w0_000075_kiirnmirih_ᚴᛁᛁᚱᚾᛘᛁᚱᛁᚼ.png,w0,75,kiirnmirih,ᚴᛁᛁᚱᚾᛘᛁᚱᛁᚼ,10,synth,train
syn_w0_000075_lit_þesi_ᛚᛁᛏ᛬ᚦᛂᛋᛁ.png,w0,75,lit þesi,ᛚᛁᛏ᛬ᚦᛂᛋᛁ,7,synth,test
syn_w0_000075_nytan_onk_ᚾᚤᛏᛅᚾ᛬ᚮᚾᚴ.png,w0,75,nytan onk,ᚾᚤᛏᛅᚾ᛬ᚮᚾᚴ,8,synth,train
syn_w0_000075_sabaot_þes_ᛋᛅᛒᛅᚮᛏ᛬ᚦᛂᛋ.png,w0,75,sabaot þes,ᛋᛅᛒᛅᚮᛏ᛬ᚦᛂᛋ,9,synth,train
syn_w0_000075_sii_þrim_loka_rai_ᛋᛁᛁ᛬ᚦᚱᛁᛘ᛬ᛚᚮᚴᛅ᛬ᚱᛅᛁ.png,w0,75,sii þrim loka rai,ᛋᛁᛁ᛬ᚦᚱᛁᛘ᛬ᛚᚮᚴᛅ᛬ᚱᛅᛁ,14,synth,train
syn_w0_000075_simskum_sila_anti_ᛋᛁᛘᛋᚴᚢᛘ᛬ᛋᛁᛚᛅ᛬ᛅᚾᛏᛁ.png,w0,75,simskum sila anti,ᛋᛁᛘᛋᚴᚢᛘ᛬ᛋᛁᛚᛅ᛬ᛅᚾᛏᛁ,15,synth,train
syn_w0_000075_þita_aaa_kunulf_ᚦᛁᛏᛅ᛬ᛅᛅᛅ᛬ᚴᚢᚾᚢᛚᚠ.png,w0,75,þita aaa kunulf,ᚦᛁᛏᛅ᛬ᛅᛅᛅ᛬ᚴᚢᚾᚢᛚᚠ,13,synth,train
syn_w0_000076_fifiþ_ᚠᛁᚠᛁᚦ.png,w0,76,fifiþ,ᚠᛁᚠᛁᚦ,5,synth,train
syn_w0_000076_ide_austruiki_stei_ᛁᛑᛂ᛬ᛅᚢᛋᛏᚱᚢᛁᚴᛁ᛬ᛋᛏᛂᛁ.png,w0,76,ide austruiki stei,ᛁᛑᛂ᛬ᛅᚢᛋᛏᚱᚢᛁᚴᛁ᛬ᛋᛏᛂᛁ,16,synth,train
syn_w0_000076_keti_ᚴᛂᛏᛁ.png,w0,76,keti,ᚴᛂᛏᛁ,4,synth,train
syn_w0_000076_kiara_ᚴᛁᛅᚱᛅ.png,w0,76,kiara,ᚴᛁᛅᚱᛅ,5,synth,train
syn_w0_000076_raþa_buta_ᚱᛅᚦᛅ᛬ᛒᚢᛏᛅ.png,w0,76,raþa buta,ᚱᛅᚦᛅ᛬ᛒᚢᛏᛅ,8,synth,train
syn_w0_000076_sannat_rumshafþ_lef_ᛋᛅᚾᚾᛅᛏ᛬ᚱᚢᛘᛋᚼᛅᚠᚦ᛬ᛚᛂᚠ.png,w0,76,sannat rumshafþ lef,ᛋᛅᚾᚾᛅᛏ᛬ᚱᚢᛘᛋᚼᛅᚠᚦ᛬ᛚᛂᚠ,17,synth,train
syn_w0_000076_super_sig_ᛋᚢᛔᛂᚱ᛬ᛋᛁᚵ.png,w0,76,super sig,ᛋᚢᛔᛂᚱ᛬ᛋᛁᚵ,8,synth,train
syn_w0_000076_æinha_ᚫᛁᚾᚼᛅ.png,w0,76,æinha,ᚫᛁᚾᚼᛅ,5,synth,train
syn_w0_000077_efR_ᛂᚠᛦ.png,w0,77,efR,ᛂᚠᛦ,3,synth,train
syn_w0_000077_ialbi_hiialbi_aui_ᛁᛅᛚᛒᛁ᛬ᚼᛁᛁᛅᛚᛒᛁ᛬ᛅᚢᛁ.png,w0,77,ialbi hiialbi aui,ᛁᛅᛚᛒᛁ᛬ᚼᛁᛁᛅᛚᛒᛁ᛬ᛅᚢᛁ,15,synth,train
syn_w0_000077_irs_barþr_satu_rahnfriþ_ᛁᚱᛋ᛬ᛒᛅᚱᚦᚱ᛬ᛋᛅᛏᚢ᛬ᚱᛅᚼᚾᚠᚱᛁᚦ.png,w0,77,irs barþr satu rahnfriþ,ᛁᚱᛋ᛬ᛒᛅᚱᚦᚱ᛬ᛋᛅᛏᚢ᛬ᚱᛅᚼᚾᚠᚱᛁᚦ,20,synth,train
syn_w0_000077_kari_sun_ᚴᛅᚱᛁ᛬ᛋᚢᚾ.png,w0,77,kari sun,ᚴᛅᚱᛁ᛬ᛋᚢᚾ,7,synth,train
syn_w0_000077_riuki_stin_uas_ᚱᛁᚢᚴᛁ᛬ᛋᛏᛁᚾ᛬ᚢᛅᛋ.png,w0,77,riuki stin uas,ᚱᛁᚢᚴᛁ᛬ᛋᛏᛁᚾ᛬ᚢᛅᛋ,12,synth,train
syn_w0_000077_srips_uþin_þans_biþi_ᛋᚱᛁᛔᛋ᛬ᚢᚦᛁᚾ᛬ᚦᛅᚾᛋ᛬ᛒᛁᚦᛁ.png,w0,77,srips uþin þans biþi,ᛋᚱᛁᛔᛋ᛬ᚢᚦᛁᚾ᛬ᚦᛅᚾᛋ᛬ᛒᛁᚦᛁ,17,synth,train
syn_w0_000077_uiu_huer_oter_fasta_ᚢᛁᚢ᛬ᚼᚢᛂᚱ᛬ᚮᛏᛂᚱ᛬ᚠᛅᛋᛏᛅ.png,w0,77,uiu huer oter fasta,ᚢᛁᚢ᛬ᚼᚢᛂᚱ᛬ᚮᛏᛂᚱ᛬ᚠᛅᛋᛏᛅ,16,synth,train
syn_w0_000077_ulaf_meki_khuat_ᚢᛚᛅᚠ᛬ᛘᛂᚴᛁ᛬ᚴᚼᚢᛅᛏ.png,w0,77,ulaf meki khuat,ᚢᛚᛅᚠ᛬ᛘᛂᚴᛁ᛬ᚴᚼᚢᛅᛏ,13,synth,train
syn_w0_000078_auk_ᛅᚢᚴ.png,w0,78,auk,ᛅᚢᚴ,3,synth,train
syn_w0_000078_buþu_ide_haili_fasti_ᛒᚢᚦᚢ᛬ᛁᛑᛂ᛬ᚼᛅᛁᛚᛁ᛬ᚠᛅᛋᛏᛁ.png,w0,78,buþu ide haili fasti,ᛒᚢᚦᚢ᛬ᛁᛑᛂ᛬ᚼᛅᛁᛚᛁ᛬ᚠᛅᛋᛏᛁ,17,synth,train
syn_w0_000078_finuiþaR_ᚠᛁᚾᚢᛁᚦᛅᛦ.png,w0,78,finuiþaR,ᚠᛁᚾᚢᛁᚦᛅᛦ,8,synth,train
syn_w0_000078_lit_kulaif_ᛚᛁᛏ᛬ᚴᚢᛚᛅᛁᚠ.png,w0,78,lit kulaif,ᛚᛁᛏ᛬ᚴᚢᛚᛅᛁᚠ,9,synth,train
syn_w0_000078_pai_ᛔᛅᛁ.png,w0,78,pai,ᛔᛅᛁ,3,synth,train
syn_w0_000078_stin_kunu_buanti_ᛋᛏᛁᚾ᛬ᚴᚢᚾᚢ᛬ᛒᚢᛅᚾᛏᛁ.png,w0,78,stin kunu buanti,ᛋᛏᛁᚾ᛬ᚴᚢᚾᚢ᛬ᛒᚢᛅᚾᛏᛁ,14,synth,train
syn_w0_000078_utr_osu_goþan_mikel_ᚢᛏᚱ᛬ᚮᛋᚢ᛬ᚵᚮᚦᛅᚾ᛬ᛘᛁᚴᛂᛚ.png,w0,78,utr osu goþan mikel,ᚢᛏᚱ᛬ᚮᛋᚢ᛬ᚵᚮᚦᛅᚾ᛬ᛘᛁᚴᛂᛚ,16,synth,train
syn_w0_000078_þau_ᚦᛅᚢ.png,w0,78,þau,ᚦᛅᚢ,3,synth,train
syn_w0_000079_ioanes_ioans_ᛁᚮᛅᚾᛂᛋ᛬ᛁᚮᛅᚾᛋ.png,w0,79,ioanes ioans,ᛁᚮᛅᚾᛂᛋ᛬ᛁᚮᛅᚾᛋ,11,synth,train
syn_w0_000079_kunar_uikuts_ᚴᚢᚾᛅᚱ᛬ᚢᛁᚴᚢᛏᛋ.png,w0,79,kunar uikuts,ᚴᚢᚾᛅᚱ᛬ᚢᛁᚴᚢᛏᛋ,11,synth,train
syn_w0_000079_lundi_alrikR_ᛚᚢᚾᛑᛁ᛬ᛅᛚᚱᛁᚴᛦ.png,w0,79,lundi alrikR,ᛚᚢᚾᛑᛁ᛬ᛅᛚᚱᛁᚴᛦ,11,synth,train
syn_w0_000079_rani_þurmutR_þurkil_ᚱᛅᚾᛁ᛬ᚦᚢᚱᛘᚢᛏᛦ᛬ᚦᚢᚱᚴᛁᛚ.png,w0,79,rani þurmutR þurkil,ᚱᛅᚾᛁ᛬ᚦᚢᚱᛘᚢᛏᛦ᛬ᚦᚢᚱᚴᛁᛚ,17,synth,train
syn_w0_000079_risi_ᚱᛁᛋᛁ.png,w0,79,risi,ᚱᛁᛋᛁ,4,synth,train
syn_w0_000079_rnulfu_ᚱᚾᚢᛚᚠᚢ.png,w0,79,rnulfu,ᚱᚾᚢᛚᚠᚢ,6,synth,test
syn_w0_000079_ybir_kalt_batar_ᚤᛒᛁᚱ᛬ᚴᛅᛚᛏ᛬ᛒᛅᛏᛅᚱ.png,w0,79,ybir kalt batar,ᚤᛒᛁᚱ᛬ᚴᛅᛚᛏ᛬ᛒᛅᛏᛅᚱ,13,synth,train
syn_w0_000079_æld_þores_restu_ᚫᛚᛑ᛬ᚦᚮᚱᛂᛋ᛬ᚱᛂᛋᛏᚢ.png,w0,79,æld þores restu,ᚫᛚᛑ᛬ᚦᚮᚱᛂᛋ᛬ᚱᛂᛋᛏᚢ,13,synth,train
syn_w0_000080_abi_ᛅᛒᛁ.png,w0,80,abi,ᛅᛒᛁ,3,synth,val
syn_w0_000080_haulf_ᚼᛅᚢᛚᚠ.png,w0,80,haulf,ᚼᛅᚢᛚᚠ,5,synth,train
syn_w0_000080_krist_ᚴᚱᛁᛋᛏ.png,w0,80,krist,ᚴᚱᛁᛋᛏ,5,synth,train
syn_w0_000080_kumbl_satr_ᚴᚢᛘᛒᛚ᛬ᛋᛅᛏᚱ.png,w0,80,kumbl satr,ᚴᚢᛘᛒᛚ᛬ᛋᛅᛏᚱ,9,synth,train
syn_w0_000080_naþi_biþ_ᚾᛅᚦᛁ᛬ᛒᛁᚦ.png,w0,80,naþi biþ,ᚾᛅᚦᛁ᛬ᛒᛁᚦ,7,synth,train
syn_w0_000080_ris_marki_ulef_kunu_ᚱᛁᛋ᛬ᛘᛅᚱᚴᛁ᛬ᚢᛚᛂᚠ᛬ᚴᚢᚾᚢ.png,w0,80,ris marki ulef kunu,ᚱᛁᛋ᛬ᛘᛅᚱᚴᛁ᛬ᚢᛚᛂᚠ᛬ᚴᚢᚾᚢ,16,synth,train
syn_w0_000080_stin_ukrþsar_rkhnia_nikolas_ᛋᛏᛁᚾ᛬ᚢᚴᚱᚦᛋᛅᚱ᛬ᚱᚴᚼᚾᛁᛅ᛬ᚾᛁᚴᚮᛚᛅᛋ.png,w0,80,stin ukrþsar rkhnia nikolas,ᛋᛏᛁᚾ᛬ᚢᚴᚱᚦᛋᛅᚱ᛬ᚱᚴᚼᚾᛁᛅ᛬ᚾᛁᚴᚮᛚᛅᛋ,24,synth,train
syn_w0_000080_þinsa_þesh_eibiurn_ikib_ᚦᛁᚾᛋᛅ᛬ᚦᛂᛋᚼ᛬ᛂᛁᛒᛁᚢᚱᚾ᛬ᛁᚴᛁᛒ.png,w0,80,þinsa þesh eibiurn ikib,ᚦᛁᚾᛋᛅ᛬ᚦᛂᛋᚼ᛬ᛂᛁᛒᛁᚢᚱᚾ᛬ᛁᚴᛁᛒ,20,synth,train
syn_w0_000081_huilis_kefluk_uþor_ᚼᚢᛁᛚᛁᛋ᛬ᚴᛂᚠᛚᚢᚴ᛬ᚢᚦᚮᚱ.png,w0,81,huilis kefluk uþor,ᚼᚢᛁᛚᛁᛋ᛬ᚴᛂᚠᛚᚢᚴ᛬ᚢᚦᚮᚱ,16,synth,train
syn_w0_000081_kono_hunuiþ_ræit_ᚴᚮᚾᚮ᛬ᚼᚢᚾᚢᛁᚦ᛬ᚱᚫᛁᛏ.png,w0,81,kono hunuiþ ræit,ᚴᚮᚾᚮ᛬ᚼᚢᚾᚢᛁᚦ᛬ᚱᚫᛁᛏ,14,synth,train
syn_w0_000081_laikfruþ_skibara_tir_ᛚᛅᛁᚴᚠᚱᚢᚦ᛬ᛋᚴᛁᛒᛅᚱᛅ᛬ᛏᛁᚱ.png,w0,81,laikfruþ skibara tir,ᛚᛅᛁᚴᚠᚱᚢᚦ᛬ᛋᚴᛁᛒᛅᚱᛅ᛬ᛏᛁᚱ,18,synth,train
syn_w0_000081_lir_tihi_muþur_uþuþuþuþ_ᛚᛁᚱ᛬ᛏᛁᚼᛁ᛬ᛘᚢᚦᚢᚱ᛬ᚢᚦᚢᚦᚢᚦᚢᚦ.png,w0,81,lir tihi muþur uþuþuþuþ,ᛚᛁᚱ᛬ᛏᛁᚼᛁ᛬ᛘᚢᚦᚢᚱ᛬ᚢᚦᚢᚦᚢᚦᚢᚦ,20,synth,train
syn_w0_000081_lmfriþaR_sin_ᛚᛘᚠᚱᛁᚦᛅᛦ᛬ᛋᛁᚾ.png,w0,81,lmfriþaR sin,ᛚᛘᚠᚱᛁᚦᛅᛦ᛬ᛋᛁᚾ,11,synth,test
syn_w0_000081_uikikum_ruka_kiþi_ᚢᛁᚴᛁᚴᚢᛘ᛬ᚱᚢᚴᛅ᛬ᚴᛁᚦᛁ.png,w0,81,uikikum ruka kiþi,ᚢᛁᚴᛁᚴᚢᛘ᛬ᚱᚢᚴᛅ᛬ᚴᛁᚦᛁ,15,synth,train
syn_w0_000081_yri_becun_burn_ᚤᚱᛁ᛬ᛒᛂᛍᚢᚾ᛬ᛒᚢᚱᚾ.png,w0,81,yri becun burn,ᚤᚱᛁ᛬ᛒᛂᛍᚢᚾ᛬ᛒᚢᚱᚾ,12,synth,train
syn_w0_000081_zion_utr_ᛎᛁᚮᚾ᛬ᚢᛏᚱ.png,w0,81,zion utr,ᛎᛁᚮᚾ᛬ᚢᛏᚱ,7,synth,val
syn_w0_000082_baþi_abtiR_sikmuntarson_kiarua_ᛒᛅᚦᛁ᛬ᛅᛒᛏᛁᛦ᛬ᛋᛁᚴᛘᚢᚾᛏᛅᚱᛋᚮᚾ᛬ᚴᛁᛅᚱᚢᛅ.png,w0,82,baþi abtiR sikmuntarson kiarua,ᛒᛅᚦᛁ᛬ᛅᛒᛏᛁᛦ᛬ᛋᛁᚴᛘᚢᚾᛏᛅᚱᛋᚮᚾ᛬ᚴᛁᛅᚱᚢᛅ,27,synth,train
syn_w0_000082_kiari_ᚴᛁᛅᚱᛁ.png,w0,82,kiari,ᚴᛁᛅᚱᛁ,5,synth,train
syn_w0_000082_kom_has_uþkni_silfrberh_ᚴᚮᛘ᛬ᚼᛅᛋ᛬ᚢᚦᚴᚾᛁ᛬ᛋᛁᛚᚠᚱᛒᛂᚱᚼ.png,w0,82,kom has uþkni silfrberh,ᚴᚮᛘ᛬ᚼᛅᛋ᛬ᚢᚦᚴᚾᛁ᛬ᛋᛁᛚᚠᚱᛒᛂᚱᚼ,20,synth,train
syn_w0_000082_serbens_ᛋᛂᚱᛒᛂᚾᛋ.png,w0,82,serbens,ᛋᛂᚱᛒᛂᚾᛋ,7,synth,train
syn_w0_000082_stin_ulaf_ᛋᛏᛁᚾ᛬ᚢᛚᛅᚠ.png,w0,82,stin ulaf,ᛋᛏᛁᚾ᛬ᚢᛚᛅᚠ,8,synth,train
syn_w0_000082_urtr_risti_þera_bruþur_ᚢᚱᛏᚱ᛬ᚱᛁᛋᛏᛁ᛬ᚦᛂᚱᛅ᛬ᛒᚱᚢᚦᚢᚱ.png,w0,82,urtr risti þera bruþur,ᚢᚱᛏᚱ᛬ᚱᛁᛋᛏᛁ᛬ᚦᛂᚱᛅ᛬ᛒᚱᚢᚦᚢᚱ,19,synth,val
syn_w0_000082_uti_þusi_smis_ulayifr_ᚢᛏᛁ᛬ᚦᚢᛋᛁ᛬ᛋᛘᛁᛋ᛬ᚢᛚᛅᚤᛁᚠᚱ.png,w0,82,uti þusi smis ulayifr,ᚢᛏᛁ᛬ᚦᚢᛋᛁ᛬ᛋᛘᛁᛋ᛬ᚢᛚᛅᚤᛁᚠᚱ,18,synth,train
syn_w0_000082_þuri_ragi_ᚦᚢᚱᛁ᛬ᚱᛅᚵᛁ.png,w0,82,þuri ragi,ᚦᚢᚱᛁ᛬ᚱᛅᚵᛁ,8,synth,test
syn_w0_000083_buki_biþir_tauþr_þaun_ᛒᚢᚴᛁ᛬ᛒᛁᚦᛁᚱ᛬ᛏᛅᚢᚦᚱ᛬ᚦᛅᚢᚾ.png,w0,83,buki biþir tauþr þaun,ᛒᚢᚴᛁ᛬ᛒᛁᚦᛁᚱ᛬ᛏᛅᚢᚦᚱ᛬ᚦᛅᚢᚾ,18,synth,train
syn_w0_000083_bænekikta_bro_hia_ᛒᚫᚾᛂᚴᛁᚴᛏᛅ᛬ᛒᚱᚮ᛬ᚼᛁᛅ.png,w0,83,bænekikta bro hia,ᛒᚫᚾᛂᚴᛁᚴᛏᛅ᛬ᛒᚱᚮ᛬ᚼᛁᛅ,15,synth,train
syn_w0_000083_kali_kunuk_ᚴᛅᛚᛁ᛬ᚴᚢᚾᚢᚴ.png,w0,83,kali kunuk,ᚴᛅᛚᛁ᛬ᚴᚢᚾᚢᚴ,9,synth,train
syn_w0_000083_oitr_þorkun_tyþr_ᚮᛁᛏᚱ᛬ᚦᚮᚱᚴᚢᚾ᛬ᛏᚤᚦᚱ.png,w0,83,oitr þorkun tyþr,ᚮᛁᛏᚱ᛬ᚦᚮᚱᚴᚢᚾ᛬ᛏᚤᚦᚱ,14,synth,train
syn_w0_000083_reistu_ein_ᚱᛂᛁᛋᛏᚢ᛬ᛂᛁᚾ.png,w0,83,reistu ein,ᚱᛂᛁᛋᛏᚢ᛬ᛂᛁᚾ,9,synth,train
syn_w0_000083_ski_ᛋᚴᛁ.png,w0,83,ski,ᛋᚴᛁ,3,synth,train
syn_w0_000083_suniR_sikuþ_ᛋᚢᚾᛁᛦ᛬ᛋᛁᚴᚢᚦ.png,w0,83,suniR sikuþ,ᛋᚢᚾᛁᛦ᛬ᛋᛁᚴᚢᚦ,10,synth,train
syn_w0_000083_uildi_þor_ᚢᛁᛚᛑᛁ᛬ᚦᚮᚱ.png,w0,83,uildi þor,ᚢᛁᛚᛑᛁ᛬ᚦᚮᚱ,8,synth,train
syn_w0_000084_him_kunuiþr_fur_ᚼᛁᛘ᛬ᚴᚢᚾᚢᛁᚦᚱ᛬ᚠᚢᚱ.png,w0,84,him kunuiþr fur,ᚼᛁᛘ᛬ᚴᚢᚾᚢᛁᚦᚱ᛬ᚠᚢᚱ,13,synth,train
syn_w0_000084_kak_iuan_þik_lof_ᚴᛅᚴ᛬ᛁᚢᛅᚾ᛬ᚦᛁᚴ᛬ᛚᚮᚠ.png,w0,84,kak iuan þik lof,ᚴᛅᚴ᛬ᛁᚢᛅᚾ᛬ᚦᛁᚴ᛬ᛚᚮᚠ,13,synth,train
syn_w0_000084_kuikan_guþ_ibara_ᚴᚢᛁᚴᛅᚾ᛬ᚵᚢᚦ᛬ᛁᛒᛅᚱᛅ.png,w0,84,kuikan guþ ibara,ᚴᚢᛁᚴᛅᚾ᛬ᚵᚢᚦ᛬ᛁᛒᛅᚱᛅ,14,synth,train
syn_w0_000084_likR_birk_fai_hia_ᛚᛁᚴᛦ᛬ᛒᛁᚱᚴ᛬ᚠᛅᛁ᛬ᚼᛁᛅ.png,w0,84,likR birk fai hia,ᛚᛁᚴᛦ᛬ᛒᛁᚱᚴ᛬ᚠᛅᛁ᛬ᚼᛁᛅ,14,synth,train
syn_w0_000084_skal_bene_ᛋᚴᛅᛚ᛬ᛒᛂᚾᛂ.png,w0,84,skal bene,ᛋᚴᛅᛚ᛬ᛒᛂᚾᛂ,8,synth,train
syn_w0_000084_stain_bierki_ᛋᛏᛅᛁᚾ᛬ᛒᛁᛂᚱᚴᛁ.png,w0,84,stain bierki,ᛋᛏᛅᛁᚾ᛬ᛒᛁᛂᚱᚴᛁ,11,synth,train
syn_w0_000084_þausi_þorkil_ᚦᛅᚢᛋᛁ᛬ᚦᚮᚱᚴᛁᛚ.png,w0,84,þausi þorkil,ᚦᛅᚢᛋᛁ᛬ᚦᚮᚱᚴᛁᛚ,11,synth,val
syn_w0_000084_þæna_ᚦᚫᚾᛅ.png,w0,84,þæna,ᚦᚫᚾᛅ,4,synth,train
syn_w0_000085_auk_auk_þurkarþr_gabrel_ᛅᚢᚴ᛬ᛅᚢᚴ᛬ᚦᚢᚱᚴᛅᚱᚦᚱ᛬ᚵᛅᛒᚱᛂᛚ.png,w0,85,auk auk þurkarþr gabrel,ᛅᚢᚴ᛬ᛅᚢᚴ᛬ᚦᚢᚱᚴᛅᚱᚦᚱ᛬ᚵᛅᛒᚱᛂᛚ,20,synth,train
syn_w0_000085_faþu_abtiR_stain_bia_ᚠᛅᚦᚢ᛬ᛅᛒᛏᛁᛦ᛬ᛋᛏᛅᛁᚾ᛬ᛒᛁᛅ.png,w0,85,faþu abtiR stain bia,ᚠᛅᚦᚢ᛬ᛅᛒᛏᛁᛦ᛬ᛋᛏᛅᛁᚾ᛬ᛒᛁᛅ,17,synth,train
syn_w0_000085_gærþi_ins_aþa_auþurn_ᚵᚫᚱᚦᛁ᛬ᛁᚾᛋ᛬ᛅᚦᛅ᛬ᛅᚢᚦᚢᚱᚾ.png,w0,85,gærþi ins aþa auþurn,ᚵᚫᚱᚦᛁ᛬ᛁᚾᛋ᛬ᛅᚦᛅ᛬ᛅᚢᚦᚢᚱᚾ,17,synth,train
syn_w0_000085_kuþ_ift_tan_imstafr_ᚴᚢᚦ᛬ᛁᚠᛏ᛬ᛏᛅᚾ᛬ᛁᛘᛋᛏᛅᚠᚱ.png,w0,85,kuþ ift tan imstafr,ᚴᚢᚦ᛬ᛁᚠᛏ᛬ᛏᛅᚾ᛬ᛁᛘᛋᛏᛅᚠᚱ,16,synth,train
syn_w0_000085_ristþi_sunR_uiti_kuþaskaki_ᚱᛁᛋᛏᚦᛁ᛬ᛋᚢᚾᛦ᛬ᚢᛁᛏᛁ᛬ᚴᚢᚦᛅᛋᚴᛅᚴᛁ.png,w0,85,ristþi sunR uiti kuþaskaki,ᚱᛁᛋᛏᚦᛁ᛬ᛋᚢᚾᛦ᛬ᚢᛁᛏᛁ᛬ᚴᚢᚦᛅᛋᚴᛅᚴᛁ,23,synth,train
syn_w0_000085_saR_kris_næt_ᛋᛅᛦ᛬ᚴᚱᛁᛋ᛬ᚾᚫᛏ.png,w0,85,saR kris næt,ᛋᛅᛦ᛬ᚴᚱᛁᛋ᛬ᚾᚫᛏ,10,synth,train
syn_w0_000085_sati_askl_inuk_sigruþ_ᛋᛅᛏᛁ᛬ᛅᛋᚴᛚ᛬ᛁᚾᚢᚴ᛬ᛋᛁᚵᚱᚢᚦ.png,w0,85,sati askl inuk sigruþ,ᛋᛅᛏᛁ᛬ᛅᛋᚴᛚ᛬ᛁᚾᚢᚴ᛬ᛋᛁᚵᚱᚢᚦ,18,synth,train
syn_w0_000085_uifas_ᚢᛁᚠᛅᛋ.png,w0,85,uifas,ᚢᛁᚠᛅᛋ,5,synth,train
syn_w0_000086_faþur_boro_furugi_ᚠᛅᚦᚢᚱ᛬ᛒᚮᚱᚮ᛬ᚠᚢᚱᚢᚵᛁ.png,w0,86,faþur boro furugi,ᚠᛅᚦᚢᚱ᛬ᛒᚮᚱᚮ᛬ᚠᚢᚱᚢᚵᛁ,15,synth,test
syn_w0_000086_fiaþraR_rka_ᚠᛁᛅᚦᚱᛅᛦ᛬ᚱᚴᛅ.png,w0,86,fiaþraR rka,ᚠᛁᛅᚦᚱᛅᛦ᛬ᚱᚴᛅ,10,synth,train
syn_w0_000086_gerin_onklati_fuþorkhniastbmlR_ᚵᛂᚱᛁᚾ᛬ᚮᚾᚴᛚᛅᛏᛁ᛬ᚠᚢᚦᚮᚱᚴᚼᚾᛁᛅᛋᛏᛒᛘᛚᛦ.png,w0,86,gerin onklati fuþorkhniastbmlR,ᚵᛂᚱᛁᚾ᛬ᚮᚾᚴᛚᛅᛏᛁ᛬ᚠᚢᚦᚮᚱᚴᚼᚾᛁᛅᛋᛏᛒᛘᛚᛦ,28,synth,train
syn_w0_000086_hon_kakr_eftiR_ᚼᚮᚾ᛬ᚴᛅᚴᚱ᛬ᛂᚠᛏᛁᛦ.png,w0,86,hon kakr eftiR,ᚼᚮᚾ᛬ᚴᛅᚴᚱ᛬ᛂᚠᛏᛁᛦ,12,synth,train
syn_w0_000086_hulmk_ᚼᚢᛚᛘᚴ.png,w0,86,hulmk,ᚼᚢᛚᛘᚴ,5,synth,val
syn_w0_000086_lfr_þau_yuir_uluiuþnis_ᛚᚠᚱ᛬ᚦᛅᚢ᛬ᚤᚢᛁᚱ᛬ᚢᛚᚢᛁᚢᚦᚾᛁᛋ.png,w0,86,lfr þau yuir uluiuþnis,ᛚᚠᚱ᛬ᚦᛅᚢ᛬ᚤᚢᛁᚱ᛬ᚢᛚᚢᛁᚢᚦᚾᛁᛋ,19,synth,train
syn_w0_000086_magis_þyriæ_ain_lundi_ᛘᛅᚵᛁᛋ᛬ᚦᚤᚱᛁᚫ᛬ᛅᛁᚾ᛬ᛚᚢᚾᛑᛁ.png,w0,86,magis þyriæ ain lundi,ᛘᛅᚵᛁᛋ᛬ᚦᚤᚱᛁᚫ᛬ᛅᛁᚾ᛬ᛚᚢᚾᛑᛁ,18,synth,train
syn_w0_000086_sabaot_giluk_enkia_byrþ_ᛋᛅᛒᛅᚮᛏ᛬ᚵᛁᛚᚢᚴ᛬ᛂᚾᚴᛁᛅ᛬ᛒᚤᚱᚦ.png,w0,86,sabaot giluk enkia byrþ,ᛋᛅᛒᛅᚮᛏ᛬ᚵᛁᛚᚢᚴ᛬ᛂᚾᚴᛁᛅ᛬ᛒᚤᚱᚦ,20,synth,train
syn_w0_000087_albi_tumisnis_siku_ᛅᛚᛒᛁ᛬ᛏᚢᛘᛁᛋᚾᛁᛋ᛬ᛋᛁᚴᚢ.png,w0,87,albi tumisnis siku,ᛅᛚᛒᛁ᛬ᛏᚢᛘᛁᛋᚾᛁᛋ᛬ᛋᛁᚴᚢ,16,synth,train
syn_w0_000087_gud_arfa_ᚵᚢᛑ᛬ᛅᚱᚠᛅ.png,w0,87,gud arfa,ᚵᚢᛑ᛬ᛅᚱᚠᛅ,7,synth,train
syn_w0_000087_heruþr_spi_botuiþr_ᚼᛂᚱᚢᚦᚱ᛬ᛋᛔᛁ᛬ᛒᚮᛏᚢᛁᚦᚱ.png,w0,87,heruþr spi botuiþr,ᚼᛂᚱᚢᚦᚱ᛬ᛋᛔᛁ᛬ᛒᚮᛏᚢᛁᚦᚱ,16,synth,train
syn_w0_000087_kar_lus_kia_goþr_ᚴᛅᚱ᛬ᛚᚢᛋ᛬ᚴᛁᛅ᛬ᚵᚮᚦᚱ.png,w0,87,kar lus kia goþr,ᚴᛅᚱ᛬ᛚᚢᛋ᛬ᚴᛁᛅ᛬ᚵᚮᚦᚱ,13,synth,val
syn_w0_000087_kka_stain_kutloti_kali_ᚴᚴᛅ᛬ᛋᛏᛅᛁᚾ᛬ᚴᚢᛏᛚᚮᛏᛁ᛬ᚴᛅᛚᛁ.png,w0,87,kka stain kutloti kali,ᚴᚴᛅ᛬ᛋᛏᛅᛁᚾ᛬ᚴᚢᛏᛚᚮᛏᛁ᛬ᚴᛅᛚᛁ,19,synth,train
syn_w0_000087_litu_ᛚᛁᛏᚢ.png,w0,87,litu,ᛚᛁᛏᚢ,4,synth,train
syn_w0_000087_ustain_raistu_ᚢᛋᛏᛅᛁᚾ᛬ᚱᛅᛁᛋᛏᚢ.png,w0,87,ustain raistu,ᚢᛋᛏᛅᛁᚾ᛬ᚱᛅᛁᛋᛏᚢ,12,synth,train
syn_w0_000087_þur_ᚦᚢᚱ.png,w0,87,þur,ᚦᚢᚱ,3,synth,train
syn_w0_000088_bruþ_risa_þana_serifr_ᛒᚱᚢᚦ᛬ᚱᛁᛋᛅ᛬ᚦᛅᚾᛅ᛬ᛋᛂᚱᛁᚠᚱ.png,w0,88,bruþ risa þana serifr,ᛒᚱᚢᚦ᛬ᚱᛁᛋᛅ᛬ᚦᛅᚾᛅ᛬ᛋᛂᚱᛁᚠᚱ,18,synth,train
syn_w0_000088_hialmbi_ᚼᛁᛅᛚᛘᛒᛁ.png,w0,88,hialmbi,ᚼᛁᛅᛚᛘᛒᛁ,7,synth,train
syn_w0_000088_huilis_ᚼᚢᛁᛚᛁᛋ.png,w0,88,huilis,ᚼᚢᛁᛚᛁᛋ,6,synth,train
syn_w0_000088_hulmuiþ_ndskriften_ᚼᚢᛚᛘᚢᛁᚦ᛬ᚾᛑᛋᚴᚱᛁᚠᛏᛂᚾ.png,w0,88,hulmuiþ ndskriften,ᚼᚢᛚᛘᚢᛁᚦ᛬ᚾᛑᛋᚴᚱᛁᚠᛏᛂᚾ,17,synth,train
syn_w0_000088_iakau_ᛁᛅᚴᛅᚢ.png,w0,88,iakau,ᛁᛅᚴᛅᚢ,5,synth,train
syn_w0_000088_kuli_ansua_ᚴᚢᛚᛁ᛬ᛅᚾᛋᚢᛅ.png,w0,88,kuli ansua,ᚴᚢᛚᛁ᛬ᛅᚾᛋᚢᛅ,9,synth,train
syn_w0_000088_suti_nes_lhi_ᛋᚢᛏᛁ᛬ᚾᛂᛋ᛬ᛚᚼᛁ.png,w0,88,suti nes lhi,ᛋᚢᛏᛁ᛬ᚾᛂᛋ᛬ᛚᚼᛁ,10,synth,train
syn_w0_000088_þesar_ᚦᛂᛋᛅᚱ.png,w0,88,þesar,ᚦᛂᛋᛅᚱ,5,synth,train
syn_w0_000089_aftiR_ᛅᚠᛏᛁᛦ.png,w0,89,aftiR,ᛅᚠᛏᛁᛦ,5,synth,train
syn_w0_000089_auk_runulfs_ᛅᚢᚴ᛬ᚱᚢᚾᚢᛚᚠᛋ.png,w0,89,auk runulfs,ᛅᚢᚴ᛬ᚱᚢᚾᚢᛚᚠᛋ,10,synth,train
syn_w0_000089_eftR_yar_ᛂᚠᛏᛦ᛬ᚤᛅᚱ.png,w0,89,eftR yar,ᛂᚠᛏᛦ᛬ᚤᛅᚱ,7,synth,train
syn_w0_000089_hloþu_ruþur_ᚼᛚᚮᚦᚢ᛬ᚱᚢᚦᚢᚱ.png,w0,89,hloþu ruþur,ᚼᛚᚮᚦᚢ᛬ᚱᚢᚦᚢᚱ,10,synth,val
syn_w0_000089_huili_lakþi_ᚼᚢᛁᛚᛁ᛬ᛚᛅᚴᚦᛁ.png,w0,89,huili lakþi,ᚼᚢᛁᛚᛁ᛬ᛚᛅᚴᚦᛁ,10,synth,train
syn_w0_000089_sis_uns_ᛋᛁᛋ᛬ᚢᚾᛋ.png,w0,89,sis uns,ᛋᛁᛋ᛬ᚢᚾᛋ,6,synth,train
syn_w0_000089_skiu_ᛋᚴᛁᚢ.png,w0,89,skiu,ᛋᚴᛁᚢ,4,synth,train
syn_w0_000089_uku_ᚢᚴᚢ.png,w0,89,uku,ᚢᚴᚢ,3,synth,train
syn_w0_000090_gunar_pis_ᚵᚢᚾᛅᚱ᛬ᛔᛁᛋ.png,w0,90,gunar pis,ᚵᚢᚾᛅᚱ᛬ᛔᛁᛋ,8,synth,train
syn_w0_000090_liki_kasla_ᛚᛁᚴᛁ᛬ᚴᛅᛋᛚᛅ.png,w0,90,liki kasla,ᛚᛁᚴᛁ᛬ᚴᛅᛋᛚᛅ,9,synth,train
syn_w0_000090_lit_mag_raisa_trani_ᛚᛁᛏ᛬ᛘᛅᚵ᛬ᚱᛅᛁᛋᛅ᛬ᛏᚱᛅᚾᛁ.png,w0,90,lit mag raisa trani,ᛚᛁᛏ᛬ᛘᛅᚵ᛬ᚱᛅᛁᛋᛅ᛬ᛏᚱᛅᚾᛁ,16,synth,train
syn_w0_000090_rok_enar_ᚱᚮᚴ᛬ᛂᚾᛅᚱ.png,w0,90,rok enar,ᚱᚮᚴ᛬ᛂᚾᛅᚱ,7,synth,train
syn_w0_000090_skutin_ᛋᚴᚢᛏᛁᚾ.png,w0,90,skutin,ᛋᚴᚢᛏᛁᚾ,6,synth,train
syn_w0_000090_tufa_runul_æld_ᛏᚢᚠᛅ᛬ᚱᚢᚾᚢᛚ᛬ᚫᛚᛑ.png,w0,90,tufa runul æld,ᛏᚢᚠᛅ᛬ᚱᚢᚾᚢᛚ᛬ᚫᛚᛑ,12,synth,train
syn_w0_000090_ulus_arskab_inomina_þiagn_ᚢᛚᚢᛋ᛬ᛅᚱᛋᚴᛅᛒ᛬ᛁᚾᚮᛘᛁᚾᛅ᛬ᚦᛁᛅᚵᚾ.png,w0,90,ulus arskab inomina þiagn,ᚢᛚᚢᛋ᛬ᛅᚱᛋᚴᛅᛒ᛬ᛁᚾᚮᛘᛁᚾᛅ᛬ᚦᛁᛅᚵᚾ,22,synth,train
syn_w0_000090_þikaliþi_utlfR_meum_ᚦᛁᚴᛅᛚᛁᚦᛁ᛬ᚢᛏᛚᚠᛦ᛬ᛘᛂᚢᛘ.png,w0,90,þikaliþi utlfR meum,ᚦᛁᚴᛅᛚᛁᚦᛁ᛬ᚢᛏᛚᚠᛦ᛬ᛘᛂᚢᛘ,17,synth,train
syn_w0_000091_eftR_þinsa_sin_ᛂᚠᛏᛦ᛬ᚦᛁᚾᛋᛅ᛬ᛋᛁᚾ.png,w0,91,eftR þinsa sin,ᛂᚠᛏᛦ᛬ᚦᛁᚾᛋᛅ᛬ᛋᛁᚾ,12,synth,train
syn_w0_000091_itf_ᛁᛏᚠ.png,w0,91,itf,ᛁᛏᚠ,3,synth,train
syn_w0_000091_rotne_þita_ᚱᚮᛏᚾᛂ᛬ᚦᛁᛏᛅ.png,w0,91,rotne þita,ᚱᚮᛏᚾᛂ᛬ᚦᛁᛏᛅ,9,synth,train
syn_w0_000091_sin_uas_ᛋᛁᚾ᛬ᚢᛅᛋ.png,w0,91,sin uas,ᛋᛁᚾ᛬ᚢᛅᛋ,6,synth,train
syn_w0_000091_siriþaR_arn_krikum_rasþi_ᛋᛁᚱᛁᚦᛅᛦ᛬ᛅᚱᚾ᛬ᚴᚱᛁᚴᚢᛘ᛬ᚱᛅᛋᚦᛁ.png,w0,91,siriþaR arn krikum rasþi,ᛋᛁᚱᛁᚦᛅᛦ᛬ᛅᚱᚾ᛬ᚴᚱᛁᚴᚢᛘ᛬ᚱᛅᛋᚦᛁ,21,synth,train
syn_w0_000091_sun_son_ukr_aiRbiarn_ᛋᚢᚾ᛬ᛋᚮᚾ᛬ᚢᚴᚱ᛬ᛅᛁᛦᛒᛁᛅᚱᚾ.png,w0,91,sun son ukr aiRbiarn,ᛋᚢᚾ᛬ᛋᚮᚾ᛬ᚢᚴᚱ᛬ᛅᛁᛦᛒᛁᛅᚱᚾ,17,synth,val
syn_w0_000091_þaim_karþi_ᚦᛅᛁᛘ᛬ᚴᛅᚱᚦᛁ.png,w0,91,þaim karþi,ᚦᛅᛁᛘ᛬ᚴᛅᚱᚦᛁ,9,synth,train
syn_w0_000091_þkuþr_kuþ_kori_ᚦᚴᚢᚦᚱ᛬ᚴᚢᚦ᛬ᚴᚮᚱᛁ.png,w0,91,þkuþr kuþ kori,ᚦᚴᚢᚦᚱ᛬ᚴᚢᚦ᛬ᚴᚮᚱᛁ,12,synth,test
syn_w0_000092_ans_fiau_hybiarn_ᛅᚾᛋ᛬ᚠᛁᛅᚢ᛬ᚼᚤᛒᛁᛅᚱᚾ.png,w0,92,ans fiau hybiarn,ᛅᚾᛋ᛬ᚠᛁᛅᚢ᛬ᚼᚤᛒᛁᛅᚱᚾ,14,synth,train
syn_w0_000092_eftiR_ifte_eaþl_ᛂᚠᛏᛁᛦ᛬ᛁᚠᛏᛂ᛬ᛂᛅᚦᛚ.png,w0,92,eftiR ifte eaþl,ᛂᚠᛏᛁᛦ᛬ᛁᚠᛏᛂ᛬ᛂᛅᚦᛚ,13,synth,train
syn_w0_000092_fial_run_igi_iftiR_ᚠᛁᛅᛚ᛬ᚱᚢᚾ᛬ᛁᚵᛁ᛬ᛁᚠᛏᛁᛦ.png,w0,92,fial run igi iftiR,ᚠᛁᛅᛚ᛬ᚱᚢᚾ᛬ᛁᚵᛁ᛬ᛁᚠᛏᛁᛦ,15,synth,train
syn_w0_000092_laþi_kaþfari_uþu_bryþr_ᛚᛅᚦᛁ᛬ᚴᛅᚦᚠᛅᚱᛁ᛬ᚢᚦᚢ᛬ᛒᚱᚤᚦᚱ.png,w0,92,laþi kaþfari uþu bryþr,ᛚᛅᚦᛁ᛬ᚴᛅᚦᚠᛅᚱᛁ᛬ᚢᚦᚢ᛬ᛒᚱᚤᚦᚱ,19,synth,train
syn_w0_000092_lbi_ainum_raisti_rkus_ᛚᛒᛁ᛬ᛅᛁᚾᚢᛘ᛬ᚱᛅᛁᛋᛏᛁ᛬ᚱᚴᚢᛋ.png,w0,92,lbi ainum raisti rkus,ᛚᛒᛁ᛬ᛅᛁᚾᚢᛘ᛬ᚱᛅᛁᛋᛏᛁ᛬ᚱᚴᚢᛋ,18,synth,train
syn_w0_000092_let_fifil_yar_ᛚᛂᛏ᛬ᚠᛁᚠᛁᛚ᛬ᚤᛅᚱ.png,w0,92,let fifil yar,ᛚᛂᛏ᛬ᚠᛁᚠᛁᛚ᛬ᚤᛅᚱ,11,synth,test
syn_w0_000092_litu_bufi_yar_ionha_ᛚᛁᛏᚢ᛬ᛒᚢᚠᛁ᛬ᚤᛅᚱ᛬ᛁᚮᚾᚼᛅ.png,w0,92,litu bufi yar ionha,ᛚᛁᛏᚢ᛬ᛒᚢᚠᛁ᛬ᚤᛅᚱ᛬ᛁᚮᚾᚼᛅ,16,synth,train
syn_w0_000092_sig_skaukR_felaga_ᛋᛁᚵ᛬ᛋᚴᛅᚢᚴᛦ᛬ᚠᛂᛚᛅᚵᛅ.png,w0,92,sig skaukR felaga,ᛋᛁᚵ᛬ᛋᚴᛅᚢᚴᛦ᛬ᚠᛂᛚᛅᚵᛅ,15,synth,train
syn_w0_000093_ain_ᛅᛁᚾ.png,w0,93,ain,ᛅᛁᚾ,3,synth,train
syn_w0_000093_hon_liþi_ᚼᚮᚾ᛬ᛚᛁᚦᛁ.png,w0,93,hon liþi,ᚼᚮᚾ᛬ᛚᛁᚦᛁ,7,synth,train
syn_w0_000093_ide_fai_ᛁᛑᛂ᛬ᚠᛅᛁ.png,w0,93,ide fai,ᛁᛑᛂ᛬ᚠᛅᛁ,6,synth,train
syn_w0_000093_nsi_ᚾᛋᛁ.png,w0,93,nsi,ᚾᛋᛁ,3,synth,train
syn_w0_000093_osmuntr_mirki_ᚮᛋᛘᚢᚾᛏᚱ᛬ᛘᛁᚱᚴᛁ.png,w0,93,osmuntr mirki,ᚮᛋᛘᚢᚾᛏᚱ᛬ᛘᛁᚱᚴᛁ,12,synth,train
syn_w0_000093_tafast_utufR_uebiurn_ᛏᛅᚠᛅᛋᛏ᛬ᚢᛏᚢᚠᛦ᛬ᚢᛂᛒᛁᚢᚱᚾ.png,w0,93,tafast utufR uebiurn,ᛏᛅᚠᛅᛋᛏ᛬ᚢᛏᚢᚠᛦ᛬ᚢᛂᛒᛁᚢᚱᚾ,18,synth,train
syn_w0_000093_þign_reisa_ᚦᛁᚵᚾ᛬ᚱᛂᛁᛋᛅ.png,w0,93,þign reisa,ᚦᛁᚵᚾ᛬ᚱᛂᛁᛋᛅ,9,synth,train
syn_w0_000093_þoh_atta_faþur_ᚦᚮᚼ᛬ᛅᛏᛏᛅ᛬ᚠᛅᚦᚢᚱ.png,w0,93,þoh atta faþur,ᚦᚮᚼ᛬ᛅᛏᛏᛅ᛬ᚠᛅᚦᚢᚱ,12,synth,train
syn_w0_000094_hor_þaiRa_litu_ᚼᚮᚱ᛬ᚦᛅᛁᛦᛅ᛬ᛚᛁᛏᚢ.png,w0,94,hor þaiRa litu,ᚼᚮᚱ᛬ᚦᛅᛁᛦᛅ᛬ᛚᛁᛏᚢ,12,synth,train
syn_w0_000094_hulfastr_abtiR_stina_ᚼᚢᛚᚠᛅᛋᛏᚱ᛬ᛅᛒᛏᛁᛦ᛬ᛋᛏᛁᚾᛅ.png,w0,94,hulfastr abtiR stina,ᚼᚢᛚᚠᛅᛋᛏᚱ᛬ᛅᛒᛏᛁᛦ᛬ᛋᛏᛁᚾᛅ,18,synth,train
syn_w0_000094_ingiua_fots_sun_uþuþu_ᛁᚾᚵᛁᚢᛅ᛬ᚠᚮᛏᛋ᛬ᛋᚢᚾ᛬ᚢᚦᚢᚦᚢ.png,w0,94,ingiua fots sun uþuþu,ᛁᚾᚵᛁᚢᛅ᛬ᚠᚮᛏᛋ᛬ᛋᚢᚾ᛬ᚢᚦᚢᚦᚢ,18,synth,train
syn_w0_000094_lRtu_nomina_ᛚᛦᛏᚢ᛬ᚾᚮᛘᛁᚾᛅ.png,w0,94,lRtu nomina,ᛚᛦᛏᚢ᛬ᚾᚮᛘᛁᚾᛅ,10,synth,train
syn_w0_000094_mfriþ_ᛘᚠᚱᛁᚦ.png,w0,94,mfriþ,ᛘᚠᚱᛁᚦ,5,synth,train
syn_w0_000094_ranæ_aþu_urika_þaiRa_ᚱᛅᚾᚫ᛬ᛅᚦᚢ᛬ᚢᚱᛁᚴᛅ᛬ᚦᛅᛁᛦᛅ.png,w0,94,ranæ aþu urika þaiRa,ᚱᛅᚾᚫ᛬ᛅᚦᚢ᛬ᚢᚱᛁᚴᛅ᛬ᚦᛅᛁᛦᛅ,17,synth,train
syn_w0_000094_þiR_ias_þasi_þelfr_ᚦᛁᛦ᛬ᛁᛅᛋ᛬ᚦᛅᛋᛁ᛬ᚦᛂᛚᚠᚱ.png,w0,94,þiR ias þasi þelfr,ᚦᛁᛦ᛬ᛁᛅᛋ᛬ᚦᛅᛋᛁ᛬ᚦᛂᛚᚠᚱ,15,synth,train
syn_w0_000094_þurbiu_lisa_sunutahr_rauniki_ᚦᚢᚱᛒᛁᚢ᛬ᛚᛁᛋᛅ᛬ᛋᚢᚾᚢᛏᛅᚼᚱ᛬ᚱᛅᚢᚾᛁᚴᛁ.png,w0,94,þurbiu lisa sunutahr rauniki,ᚦᚢᚱᛒᛁᚢ᛬ᛚᛁᛋᛅ᛬ᛋᚢᚾᚢᛏᛅᚼᚱ᛬ᚱᛅᚢᚾᛁᚴᛁ,25,synth,train
syn_w0_000095_fan_ᚠᛅᚾ.png,w0,95,fan,ᚠᛅᚾ,3,synth,train
syn_w0_000095_hauka_asbiarn_kristi_ᚼᛅᚢᚴᛅ᛬ᛅᛋᛒᛁᛅᚱᚾ᛬ᚴᚱᛁᛋᛏᛁ.png,w0,95,hauka asbiarn kristi,ᚼᛅᚢᚴᛅ᛬ᛅᛋᛒᛁᛅᚱᚾ᛬ᚴᚱᛁᛋᛏᛁ,18,synth,train
syn_w0_000095_hifrya_bas_barþa_ᚼᛁᚠᚱᚤᛅ᛬ᛒᛅᛋ᛬ᛒᛅᚱᚦᛅ.png,w0,95,hifrya bas barþa,ᚼᛁᚠᚱᚤᛅ᛬ᛒᛅᛋ᛬ᛒᛅᚱᚦᛅ,14,synth,train
syn_w0_000095_iarutr_ᛁᛅᚱᚢᛏᚱ.png,w0,95,iarutr,ᛁᛅᚱᚢᛏᚱ,6,synth,test
syn_w0_000095_ioh_ᛁᚮᚼ.png,w0,95,ioh,ᛁᚮᚼ,3,synth,train
syn_w0_000095_kira_ᚴᛁᚱᛅ.png,w0,95,kira,ᚴᛁᚱᛅ,4,synth,train
syn_w0_000095_lega_firi_ᛚᛂᚵᛅ᛬ᚠᛁᚱᛁ.png,w0,95,lega firi,ᛚᛂᚵᛅ᛬ᚠᛁᚱᛁ,8,synth,train
syn_w0_000095_sloþa_ᛋᛚᚮᚦᛅ.png,w0,95,sloþa,ᛋᛚᚮᚦᛅ,5,synth,train
syn_w0_000096_herluks_uniR_fram_ᚼᛂᚱᛚᚢᚴᛋ᛬ᚢᚾᛁᛦ᛬ᚠᚱᛅᛘ.png,w0,96,herluks uniR fram,ᚼᛂᚱᛚᚢᚴᛋ᛬ᚢᚾᛁᛦ᛬ᚠᚱᛅᛘ,15,synth,train
syn_w0_000096_ikriþ_iþnousi_ᛁᚴᚱᛁᚦ᛬ᛁᚦᚾᚮᚢᛋᛁ.png,w0,96,ikriþ iþnousi,ᛁᚴᚱᛁᚦ᛬ᛁᚦᚾᚮᚢᛋᛁ,12,synth,train
syn_w0_000096_ilati_suain_kunlaif_ᛁᛚᛅᛏᛁ᛬ᛋᚢᛅᛁᚾ᛬ᚴᚢᚾᛚᛅᛁᚠ.png,w0,96,ilati suain kunlaif,ᛁᛚᛅᛏᛁ᛬ᛋᚢᛅᛁᚾ᛬ᚴᚢᚾᛚᛅᛁᚠ,17,synth,train
syn_w0_000096_lit_fri_ᛚᛁᛏ᛬ᚠᚱᛁ.png,w0,96,lit fri,ᛚᛁᛏ᛬ᚠᚱᛁ,6,synth,train
syn_w0_000096_ran_ᚱᛅᚾ.png,w0,96,ran,ᚱᛅᚾ,3,synth,train
syn_w0_000096_siol_osgiR_karþu_ᛋᛁᚮᛚ᛬ᚮᛋᚵᛁᛦ᛬ᚴᛅᚱᚦᚢ.png,w0,96,siol osgiR karþu,ᛋᛁᚮᛚ᛬ᚮᛋᚵᛁᛦ᛬ᚴᛅᚱᚦᚢ,14,synth,train
syn_w0_000096_skati_RftRh_ᛋᚴᛅᛏᛁ᛬ᛦᚠᛏᛦᚼ.png,w0,96,skati RftRh,ᛋᚴᛅᛏᛁ᛬ᛦᚠᛏᛦᚼ,10,synth,train
syn_w0_000096_uft_aloorunittri_ᚢᚠᛏ᛬ᛅᛚᚮᚮᚱᚢᚾᛁᛏᛏᚱᛁ.png,w0,96,uft aloorunittri,ᚢᚠᛏ᛬ᛅᛚᚮᚮᚱᚢᚾᛁᛏᛏᚱᛁ,15,synth,train
syn_w0_000097_hulmkaiR_fastulfr_þana_ᚼᚢᛚᛘᚴᛅᛁᛦ᛬ᚠᛅᛋᛏᚢᛚᚠᚱ᛬ᚦᛅᚾᛅ.png,w0,97,hulmkaiR fastulfr þana,ᚼᚢᛚᛘᚴᛅᛁᛦ᛬ᚠᛅᛋᛏᚢᛚᚠᚱ᛬ᚦᛅᚾᛅ,20,synth,train
syn_w0_000097_kniri_þuþR_ᚴᚾᛁᚱᛁ᛬ᚦᚢᚦᛦ.png,w0,97,kniri þuþR,ᚴᚾᛁᚱᛁ᛬ᚦᚢᚦᛦ,9,synth,train
syn_w0_000097_kuþon_sen_þitta_iaR_ᚴᚢᚦᚮᚾ᛬ᛋᛂᚾ᛬ᚦᛁᛏᛏᛅ᛬ᛁᛅᛦ.png,w0,97,kuþon sen þitta iaR,ᚴᚢᚦᚮᚾ᛬ᛋᛂᚾ᛬ᚦᛁᛏᛏᛅ᛬ᛁᛅᛦ,16,synth,train
syn_w0_000097_tribin_uiþr_osmunrt_ᛏᚱᛁᛒᛁᚾ᛬ᚢᛁᚦᚱ᛬ᚮᛋᛘᚢᚾᚱᛏ.png,w0,97,tribin uiþr osmunrt,ᛏᚱᛁᛒᛁᚾ᛬ᚢᛁᚦᚱ᛬ᚮᛋᛘᚢᚾᚱᛏ,17,synth,train
syn_w0_000097_tutiR_kubl_uki_ᛏᚢᛏᛁᛦ᛬ᚴᚢᛒᛚ᛬ᚢᚴᛁ.png,w0,97,tutiR kubl uki,ᛏᚢᛏᛁᛦ᛬ᚴᚢᛒᛚ᛬ᚢᚴᛁ,12,synth,val
syn_w0_000097_urti_ᚢᚱᛏᛁ.png,w0,97,urti,ᚢᚱᛏᛁ,4,synth,train
syn_w0_000097_þena_ᚦᛂᚾᛅ.png,w0,97,þena,ᚦᛂᚾᛅ,4,synth,train
syn_w0_000097_þralti_ᚦᚱᛅᛚᛏᛁ.png,w0,97,þralti,ᚦᚱᛅᛚᛏᛁ,6,synth,train
syn_w0_000098_hkua_ᚼᚴᚢᛅ.png,w0,98,hkua,ᚼᚴᚢᛅ,4,synth,test
syn_w0_000098_inkimuntr_runar_ᛁᚾᚴᛁᛘᚢᚾᛏᚱ᛬ᚱᚢᚾᛅᚱ.png,w0,98,inkimuntr runar,ᛁᚾᚴᛁᛘᚢᚾᛏᚱ᛬ᚱᚢᚾᛅᚱ,14,synth,train
syn_w0_000098_lundi_ᛚᚢᚾᛑᛁ.png,w0,98,lundi,ᛚᚢᚾᛑᛁ,5,synth,train
syn_w0_000098_resþi_star_kuþan_henminkr_ᚱᛂᛋᚦᛁ᛬ᛋᛏᛅᚱ᛬ᚴᚢᚦᛅᚾ᛬ᚼᛂᚾᛘᛁᚾᚴᚱ.png,w0,98,resþi star kuþan henminkr,ᚱᛂᛋᚦᛁ᛬ᛋᛏᛅᚱ᛬ᚴᚢᚦᛅᚾ᛬ᚼᛂᚾᛘᛁᚾᚴᚱ,22,synth,train
syn_w0_000098_sialu_auk_ᛋᛁᛅᛚᚢ᛬ᛅᚢᚴ.png,w0,98,sialu auk,ᛋᛁᛅᛚᚢ᛬ᛅᚢᚴ,8,synth,train
syn_w0_000098_sloþn_uns_ᛋᛚᚮᚦᚾ᛬ᚢᚾᛋ.png,w0,98,sloþn uns,ᛋᛚᚮᚦᚾ᛬ᚢᚾᛋ,8,synth,train
syn_w0_000098_stain_ᛋᛏᛅᛁᚾ.png,w0,98,stain,ᛋᛏᛅᛁᚾ,5,synth,test
syn_w0_000098_þaun_iftiR_ᚦᛅᚢᚾ᛬ᛁᚠᛏᛁᛦ.png,w0,98,þaun iftiR,ᚦᛅᚢᚾ᛬ᛁᚠᛏᛁᛦ,9,synth,train
syn_w0_000099_deus_ᛑᛂᚢᛋ.png,w0,99,deus,ᛑᛂᚢᛋ,4,synth,test
syn_w0_000099_haraltr_risi_þurstin_bri_ᚼᛅᚱᛅᛚᛏᚱ᛬ᚱᛁᛋᛁ᛬ᚦᚢᚱᛋᛏᛁᚾ᛬ᛒᚱᛁ.png,w0,99,haraltr risi þurstin bri,ᚼᛅᚱᛅᛚᛏᚱ᛬ᚱᛁᛋᛁ᛬ᚦᚢᚱᛋᛏᛁᚾ᛬ᛒᚱᛁ,21,synth,train
syn_w0_000099_iki_ᛁᚴᛁ.png,w0,99,iki,ᛁᚴᛁ,3,synth,train
syn_w0_000099_sikstin_lld_buanta_stein_ᛋᛁᚴᛋᛏᛁᚾ᛬ᛚᛚᛑ᛬ᛒᚢᛅᚾᛏᛅ᛬ᛋᛏᛂᛁᚾ.png,w0,99,sikstin lld buanta stein,ᛋᛁᚴᛋᛏᛁᚾ᛬ᛚᛚᛑ᛬ᛒᚢᛅᚾᛏᛅ᛬ᛋᛏᛂᛁᚾ,21,synth,train
syn_w0_000099_stanta_ᛋᛏᛅᚾᛏᛅ.png,w0,99,stanta,ᛋᛏᛅᚾᛏᛅ,6,synth,train
syn_w0_000099_suin_eftiR_uait_ᛋᚢᛁᚾ᛬ᛂᚠᛏᛁᛦ᛬ᚢᛅᛁᛏ.png,w0,99,suin eftiR uait,ᛋᚢᛁᚾ᛬ᛂᚠᛏᛁᛦ᛬ᚢᛅᛁᛏ,13,synth,train
syn_w0_000099_uar_ᚢᛅᚱ.png,w0,99,uar,ᚢᛅᚱ,3,synth,train
syn_w0_000099_þeno_naþ_sæn_ᚦᛂᚾᚮ᛬ᚾᛅᚦ᛬ᛋᚫᚾ.png,w0,99,þeno naþ sæn,ᚦᛂᚾᚮ᛬ᚾᛅᚦ᛬ᛋᚫᚾ,10,synth,train
syn_w0_000100_Risa_ais_dorstæ_ᛦᛁᛋᛅ᛬ᛅᛁᛋ᛬ᛑᚮᚱᛋᛏᚫ.png,w0,100,Risa ais dorstæ,ᛦᛁᛋᛅ᛬ᛅᛁᛋ᛬ᛑᚮᚱᛋᛏᚫ,13,synth,train
syn_w0_000100_byki_sialfan_munta_ᛒᚤᚴᛁ᛬ᛋᛁᛅᛚᚠᛅᚾ᛬ᛘᚢᚾᛏᛅ.png,w0,100,byki sialfan munta,ᛒᚤᚴᛁ᛬ᛋᛁᛅᛚᚠᛅᚾ᛬ᛘᚢᚾᛏᛅ,16,synth,train
syn_w0_000100_ika_urusalem_kunR_tuba_ᛁᚴᛅ᛬ᚢᚱᚢᛋᛅᛚᛂᛘ᛬ᚴᚢᚾᛦ᛬ᛏᚢᛒᛅ.png,w0,100,ika urusalem kunR tuba,ᛁᚴᛅ᛬ᚢᚱᚢᛋᛅᛚᛂᛘ᛬ᚴᚢᚾᛦ᛬ᛏᚢᛒᛅ,19,synth,train
syn_w0_000100_kankla_þeir_alra_contra_ᚴᛅᚾᚴᛚᛅ᛬ᚦᛂᛁᚱ᛬ᛅᛚᚱᛅ᛬ᛍᚮᚾᛏᚱᛅ.png,w0,100,kankla þeir alra contra,ᚴᛅᚾᚴᛚᛅ᛬ᚦᛂᛁᚱ᛬ᛅᛚᚱᛅ᛬ᛍᚮᚾᛏᚱᛅ,20,synth,train
syn_w0_000100_ola_aar_end_ᚮᛚᛅ᛬ᛅᛅᚱ᛬ᛂᚾᛑ.png,w0,100,ola aar end,ᚮᛚᛅ᛬ᛅᛅᚱ᛬ᛂᚾᛑ,9,synth,train
syn_w0_000100_rai_kit_uigi_frinti_ᚱᛅᛁ᛬ᚴᛁᛏ᛬ᚢᛁᚵᛁ᛬ᚠᚱᛁᚾᛏᛁ.png,w0,100,rai kit uigi frinti,ᚱᛅᛁ᛬ᚴᛁᛏ᛬ᚢᛁᚵᛁ᛬ᚠᚱᛁᚾᛏᛁ,16,synth,train
syn_w0_000100_sun_utar_uksa_sihlauh_ᛋᚢᚾ᛬ᚢᛏᛅᚱ᛬ᚢᚴᛋᛅ᛬ᛋᛁᚼᛚᛅᚢᚼ.png,w0,100,sun utar uksa sihlauh,ᛋᚢᚾ᛬ᚢᛏᛅᚱ᛬ᚢᚴᛋᛅ᛬ᛋᛁᚼᛚᛅᚢᚼ,18,synth,train
syn_w0_000100_vestir_þprup_hustr_yasi_ᚡᛂᛋᛏᛁᚱ᛬ᚦᛔᚱᚢᛔ᛬ᚼᚢᛋᛏᚱ᛬ᚤᛅᛋᛁ.png,w0,100,vestir þprup hustr yasi,ᚡᛂᛋᛏᛁᚱ᛬ᚦᛔᚱᚢᛔ᛬ᚼᚢᛋᛏᚱ᛬ᚤᛅᛋᛁ,20,synth,train
syn_w0_000101_aæl_ioha_raþ_ᛅᚫᛚ᛬ᛁᚮᚼᛅ᛬ᚱᛅᚦ.png,w0,101,aæl ioha raþ,ᛅᚫᛚ᛬ᛁᚮᚼᛅ᛬ᚱᛅᚦ,10,synth,train
syn_w0_000101_lokus_sueni_hum_airikis_ᛚᚮᚴᚢᛋ᛬ᛋᚢᛂᚾᛁ᛬ᚼᚢᛘ᛬ᛅᛁᚱᛁᚴᛁᛋ.png,w0,101,lokus sueni hum airikis,ᛚᚮᚴᚢᛋ᛬ᛋᚢᛂᚾᛁ᛬ᚼᚢᛘ᛬ᛅᛁᚱᛁᚴᛁᛋ,20,synth,train
syn_w0_000101_nmui_ufti_markaþu_ᚾᛘᚢᛁ᛬ᚢᚠᛏᛁ᛬ᛘᛅᚱᚴᛅᚦᚢ.png,w0,101,nmui ufti markaþu,ᚾᛘᚢᛁ᛬ᚢᚠᛏᛁ᛬ᛘᛅᚱᚴᛅᚦᚢ,15,synth,train
syn_w0_000101_sin_sigbiurg_uþr_ulkuR_ᛋᛁᚾ᛬ᛋᛁᚵᛒᛁᚢᚱᚵ᛬ᚢᚦᚱ᛬ᚢᛚᚴᚢᛦ.png,w0,101,sin sigbiurg uþr ulkuR,ᛋᛁᚾ᛬ᛋᛁᚵᛒᛁᚢᚱᚵ᛬ᚢᚦᚱ᛬ᚢᛚᚴᚢᛦ,19,synth,train
syn_w0_000101_sin_uintr_ᛋᛁᚾ᛬ᚢᛁᚾᛏᚱ.png,w0,101,sin uintr,ᛋᛁᚾ᛬ᚢᛁᚾᛏᚱ,8,synth,train
syn_w0_000101_sin_ᛋᛁᚾ.png,w0,101,sin,ᛋᛁᚾ,3,synth,train
syn_w0_000101_uikmanr_fit_runm_ᚢᛁᚴᛘᛅᚾᚱ᛬ᚠᛁᛏ᛬ᚱᚢᚾᛘ.png,w0,101,uikmanr fit runm,ᚢᛁᚴᛘᛅᚾᚱ᛬ᚠᛁᛏ᛬ᚱᚢᚾᛘ,14,synth,train
syn_w0_000101_þah_faþur_ᚦᛅᚼ᛬ᚠᛅᚦᚢᚱ.png,w0,101,þah faþur,ᚦᛅᚼ᛬ᚠᛅᚦᚢᚱ,8,synth,train
syn_w0_000102_bruni_maistera_rum_ᛒᚱᚢᚾᛁ᛬ᛘᛅᛁᛋᛏᛂᚱᛅ᛬ᚱᚢᛘ.png,w0,102,bruni maistera rum,ᛒᚱᚢᚾᛁ᛬ᛘᛅᛁᛋᛏᛂᚱᛅ᛬ᚱᚢᛘ,16,synth,test
syn_w0_000102_ikaiR_ueter_ᛁᚴᛅᛁᛦ᛬ᚢᛂᛏᛂᚱ.png,w0,102,ikaiR ueter,ᛁᚴᛅᛁᛦ᛬ᚢᛂᛏᛂᚱ,10,synth,train
syn_w0_000102_isaR_sinna_finkr_ᛁᛋᛅᛦ᛬ᛋᛁᚾᚾᛅ᛬ᚠᛁᚾᚴᚱ.png,w0,102,isaR sinna finkr,ᛁᛋᛅᛦ᛬ᛋᛁᚾᚾᛅ᛬ᚠᛁᚾᚴᚱ,14,synth,test
syn_w0_000102_kuþbratr_uslik_serifr_ᚴᚢᚦᛒᚱᛅᛏᚱ᛬ᚢᛋᛚᛁᚴ᛬ᛋᛂᚱᛁᚠᚱ.png,w0,102,kuþbratr uslik serifr,ᚴᚢᚦᛒᚱᛅᛏᚱ᛬ᚢᛋᛚᛁᚴ᛬ᛋᛂᚱᛁᚠᚱ,19,synth,val
syn_w0_000102_pis_oskihl_santibisetur_ykmartm_ᛔᛁᛋ᛬ᚮᛋᚴᛁᚼᛚ᛬ᛋᛅᚾᛏᛁᛒᛁᛋᛂᛏᚢᚱ᛬ᚤᚴᛘᛅᚱᛏᛘ.png,w0,102,pis oskihl santibisetur ykmartm,ᛔᛁᛋ᛬ᚮᛋᚴᛁᚼᛚ᛬ᛋᛅᚾᛏᛁᛒᛁᛋᛂᛏᚢᚱ᛬ᚤᚴᛘᛅᚱᛏᛘ,28,synth,test
syn_w0_000102_siali_hans_ybir_ᛋᛁᛅᛚᛁ᛬ᚼᛅᚾᛋ᛬ᚤᛒᛁᚱ.png,w0,102,siali hans ybir,ᛋᛁᛅᛚᛁ᛬ᚼᛅᚾᛋ᛬ᚤᛒᛁᚱ,13,synth,train
syn_w0_000102_tinbl_fuþor_ᛏᛁᚾᛒᛚ᛬ᚠᚢᚦᚮᚱ.png,w0,102,tinbl fuþor,ᛏᛁᚾᛒᛚ᛬ᚠᚢᚦᚮᚱ,10,synth,train
syn_w0_000102_uistarla_mær_bryniulf_ᚢᛁᛋᛏᛅᚱᛚᛅ᛬ᛘᚫᚱ᛬ᛒᚱᚤᚾᛁᚢᛚᚠ.png,w0,102,uistarla mær bryniulf,ᚢᛁᛋᛏᛅᚱᛚᛅ᛬ᛘᚫᚱ᛬ᛒᚱᚤᚾᛁᚢᛚᚠ,19,synth,train
syn_w0_000103_isk_rotas_aar_hiþin_ᛁᛋᚴ᛬ᚱᚮᛏᛅᛋ᛬ᛅᛅᚱ᛬ᚼᛁᚦᛁᚾ.png,w0,103,isk rotas aar hiþin,ᛁᛋᚴ᛬ᚱᚮᛏᛅᛋ᛬ᛅᛅᚱ᛬ᚼᛁᚦᛁᚾ,16,synth,train
syn_w0_000103_kuną_ᚴᚢᚾᚬ.png,w0,103,kuną,ᚴᚢᚾᚬ,4,synth,train
syn_w0_000103_kus_stin_ᚴᚢᛋ᛬ᛋᛏᛁᚾ.png,w0,103,kus stin,ᚴᚢᛋ᛬ᛋᛏᛁᚾ,7,synth,train
syn_w0_000103_sibi_ibtir_ton_faþur_ᛋᛁᛒᛁ᛬ᛁᛒᛏᛁᚱ᛬ᛏᚮᚾ᛬ᚠᛅᚦᚢᚱ.png,w0,103,sibi ibtir ton faþur,ᛋᛁᛒᛁ᛬ᛁᛒᛏᛁᚱ᛬ᛏᚮᚾ᛬ᚠᛅᚦᚢᚱ,17,synth,train
syn_w0_000103_srahnu_ᛋᚱᛅᚼᚾᚢ.png,w0,103,srahnu,ᛋᚱᛅᚼᚾᚢ,6,synth,train
syn_w0_000103_utu_ᚢᛏᚢ.png,w0,103,utu,ᚢᛏᚢ,3,synth,train
syn_w0_000103_æsi_þono_ᚫᛋᛁ᛬ᚦᚮᚾᚮ.png,w0,103,æsi þono,ᚫᛋᛁ᛬ᚦᚮᚾᚮ,7,synth,train
syn_w0_000103_þinsa_þurlak_halgi_ᚦᛁᚾᛋᛅ᛬ᚦᚢᚱᛚᛅᚴ᛬ᚼᛅᛚᚵᛁ.png,w0,103,þinsa þurlak halgi,ᚦᛁᚾᛋᛅ᛬ᚦᚢᚱᛚᛅᚴ᛬ᚼᛅᛚᚵᛁ,16,synth,train
syn_w0_000104_aratr_ᛅᚱᛅᛏᚱ.png,w0,104,aratr,ᛅᚱᛅᛏᚱ,5,synth,train
syn_w0_000104_bonta_ana_rin_ᛒᚮᚾᛏᛅ᛬ᛅᚾᛅ᛬ᚱᛁᚾ.png,w0,104,bonta ana rin,ᛒᚮᚾᛏᛅ᛬ᛅᚾᛅ᛬ᚱᛁᚾ,11,synth,test
syn_w0_000104_eftr_auk_tufi_ᛂᚠᛏᚱ᛬ᛅᚢᚴ᛬ᛏᚢᚠᛁ.png,w0,104,eftr auk tufi,ᛂᚠᛏᚱ᛬ᛅᚢᚴ᛬ᛏᚢᚠᛁ,11,synth,train
syn_w0_000104_kiera_ᚴᛁᛂᚱᛅ.png,w0,104,kiera,ᚴᛁᛂᚱᛅ,5,synth,train
syn_w0_000104_koncummatum_risin_þRir_mik_ᚴᚮᚾᛍᚢᛘᛘᛅᛏᚢᛘ᛬ᚱᛁᛋᛁᚾ᛬ᚦᛦᛁᚱ᛬ᛘᛁᚴ.png,w0,104,koncummatum risin þRir mik,ᚴᚮᚾᛍᚢᛘᛘᛅᛏᚢᛘ᛬ᚱᛁᛋᛁᚾ᛬ᚦᛦᛁᚱ᛬ᛘᛁᚴ,23,synth,train
syn_w0_000104_kuz_ᚴᚢᛎ.png,w0,104,kuz,ᚴᚢᛎ,3,synth,train
syn_w0_000104_uiRisiiue_ulkil_ᚢᛁᛦᛁᛋᛁᛁᚢᛂ᛬ᚢᛚᚴᛁᛚ.png,w0,104,uiRisiiue ulkil,ᚢᛁᛦᛁᛋᛁᛁᚢᛂ᛬ᚢᛚᚴᛁᛚ,14,synth,val
syn_w0_000104_uihmuntar_ᚢᛁᚼᛘᚢᚾᛏᛅᚱ.png,w0,104,uihmuntar,ᚢᛁᚼᛘᚢᚾᛏᛅᚱ,9,synth,val
syn_w0_000105_biarn_satr_ligr_ᛒᛁᛅᚱᚾ᛬ᛋᛅᛏᚱ᛬ᛚᛁᚵᚱ.png,w0,105,biarn satr ligr,ᛒᛁᛅᚱᚾ᛬ᛋᛅᛏᚱ᛬ᛚᛁᚵᚱ,13,synth,train
syn_w0_000105_broþur_mana_hri_antaþis_ᛒᚱᚮᚦᚢᚱ᛬ᛘᛅᚾᛅ᛬ᚼᚱᛁ᛬ᛅᚾᛏᛅᚦᛁᛋ.png,w0,105,broþur mana hri antaþis,ᛒᚱᚮᚦᚢᚱ᛬ᛘᛅᚾᛅ᛬ᚼᚱᛁ᛬ᛅᚾᛏᛅᚦᛁᛋ,20,synth,train
syn_w0_000105_furstr_systur_ᚠᚢᚱᛋᛏᚱ᛬ᛋᚤᛋᛏᚢᚱ.png,w0,105,furstr systur,ᚠᚢᚱᛋᛏᚱ᛬ᛋᚤᛋᛏᚢᚱ,12,synth,train
syn_w0_000105_lit_likr_ᛚᛁᛏ᛬ᛚᛁᚴᚱ.png,w0,105,lit likr,ᛚᛁᛏ᛬ᛚᛁᚴᚱ,7,synth,train
syn_w0_000105_risþi_brn_ruþr_sati_ᚱᛁᛋᚦᛁ᛬ᛒᚱᚾ᛬ᚱᚢᚦᚱ᛬ᛋᛅᛏᛁ.png,w0,105,risþi brn ruþr sati,ᚱᛁᛋᚦᛁ᛬ᛒᚱᚾ᛬ᚱᚢᚦᚱ᛬ᛋᛅᛏᛁ,16,synth,train
syn_w0_000105_ruffus_þat_tein_ᚱᚢᚠᚠᚢᛋ᛬ᚦᛅᛏ᛬ᛏᛂᛁᚾ.png,w0,105,ruffus þat tein,ᚱᚢᚠᚠᚢᛋ᛬ᚦᛅᛏ᛬ᛏᛂᛁᚾ,13,synth,train
syn_w0_000105_sutrsuia_hulmkaiR_oslaks_ᛋᚢᛏᚱᛋᚢᛁᛅ᛬ᚼᚢᛚᛘᚴᛅᛁᛦ᛬ᚮᛋᛚᛅᚴᛋ.png,w0,105,sutrsuia hulmkaiR oslaks,ᛋᚢᛏᚱᛋᚢᛁᛅ᛬ᚼᚢᛚᛘᚴᛅᛁᛦ᛬ᚮᛋᛚᛅᚴᛋ,22,synth,train
syn_w0_000105_yftiR_ᚤᚠᛏᛁᛦ.png,w0,105,yftiR,ᚤᚠᛏᛁᛦ,5,synth,train
syn_w0_000106_iaR_iufur_son_man_ᛁᛅᛦ᛬ᛁᚢᚠᚢᚱ᛬ᛋᚮᚾ᛬ᛘᛅᚾ.png,w0,106,iaR iufur son man,ᛁᛅᛦ᛬ᛁᚢᚠᚢᚱ᛬ᛋᚮᚾ᛬ᛘᛅᚾ,14,synth,train
syn_w0_000106_karþi_ᚴᛅᚱᚦᛁ.png,w0,106,karþi,ᚴᛅᚱᚦᛁ,5,synth,train
syn_w0_000106_koþ_trink_kubl_koz_ᚴᚮᚦ᛬ᛏᚱᛁᚾᚴ᛬ᚴᚢᛒᛚ᛬ᚴᚮᛎ.png,w0,106,koþ trink kubl koz,ᚴᚮᚦ᛬ᛏᚱᛁᚾᚴ᛬ᚴᚢᛒᛚ᛬ᚴᚮᛎ,15,synth,train
syn_w0_000106_kuþr_muþ_sib_ᚴᚢᚦᚱ᛬ᛘᚢᚦ᛬ᛋᛁᛒ.png,w0,106,kuþr muþ sib,ᚴᚢᚦᚱ᛬ᛘᚢᚦ᛬ᛋᛁᛒ,10,synth,train
syn_w0_000106_lom_ᛚᚮᛘ.png,w0,106,lom,ᛚᚮᛘ,3,synth,train
syn_w0_000106_raist_ᚱᛅᛁᛋᛏ.png,w0,106,raist,ᚱᛅᛁᛋᛏ,5,synth,train
syn_w0_000106_ræi_uur_forkun_ᚱᚫᛁ᛬ᚢᚢᚱ᛬ᚠᚮᚱᚴᚢᚾ.png,w0,106,ræi uur forkun,ᚱᚫᛁ᛬ᚢᚢᚱ᛬ᚠᚮᚱᚴᚢᚾ,12,synth,train
syn_w0_000106_snaybiarn_mædullis_ᛋᚾᛅᚤᛒᛁᛅᚱᚾ᛬ᛘᚫᛑᚢᛚᛚᛁᛋ.png,w0,106,snaybiarn mædullis,ᛋᚾᛅᚤᛒᛁᛅᚱᚾ᛬ᛘᚫᛑᚢᛚᛚᛁᛋ,17,synth,train
syn_w0_000107_aist_ąsta_broþur_ᛅᛁᛋᛏ᛬ᚬᛋᛏᛅ᛬ᛒᚱᚮᚦᚢᚱ.png,w0,107,aist ąsta broþur,ᛅᛁᛋᛏ᛬ᚬᛋᛏᛅ᛬ᛒᚱᚮᚦᚢᚱ,14,synth,train
syn_w0_000107_gæþi_altr_þansi_ᚵᚫᚦᛁ᛬ᛅᛚᛏᚱ᛬ᚦᛅᚾᛋᛁ.png,w0,107,gæþi altr þansi,ᚵᚫᚦᛁ᛬ᛅᛚᛏᚱ᛬ᚦᛅᚾᛋᛁ,13,synth,train
syn_w0_000107_kirist_ᚴᛁᚱᛁᛋᛏ.png,w0,107,kirist,ᚴᛁᚱᛁᛋᛏ,6,synth,train
syn_w0_000107_kuþ_iRaisa_ᚴᚢᚦ᛬ᛁᛦᛅᛁᛋᛅ.png,w0,107,kuþ iRaisa,ᚴᚢᚦ᛬ᛁᛦᛅᛁᛋᛅ,9,synth,train
syn_w0_000107_mahrns_ᛘᛅᚼᚱᚾᛋ.png,w0,107,mahrns,ᛘᛅᚼᚱᚾᛋ,6,synth,train
syn_w0_000107_rhet_rþa_ari_ᚱᚼᛂᛏ᛬ᚱᚦᛅ᛬ᛅᚱᛁ.png,w0,107,rhet rþa ari,ᚱᚼᛂᛏ᛬ᚱᚦᛅ᛬ᛅᚱᛁ,10,synth,train
syn_w0_000107_sen_ᛋᛂᚾ.png,w0,107,sen,ᛋᛂᚾ,3,synth,train
syn_w0_000107_tiselfr_orkil_ᛏᛁᛋᛂᛚᚠᚱ᛬ᚮᚱᚴᛁᛚ.png,w0,107,tiselfr orkil,ᛏᛁᛋᛂᛚᚠᚱ᛬ᚮᚱᚴᛁᛚ,12,synth,train
syn_w0_000108_brunnum_alu_iaurn_koþan_ᛒᚱᚢᚾᚾᚢᛘ᛬ᛅᛚᚢ᛬ᛁᛅᚢᚱᚾ᛬ᚴᚮᚦᛅᚾ.png,w0,108,brunnum alu iaurn koþan,ᛒᚱᚢᚾᚾᚢᛘ᛬ᛅᛚᚢ᛬ᛁᛅᚢᚱᚾ᛬ᚴᚮᚦᛅᚾ,20,synth,train
syn_w0_000108_gyghia_stin_ᚵᚤᚵᚼᛁᛅ᛬ᛋᛏᛁᚾ.png,w0,108,gyghia stin,ᚵᚤᚵᚼᛁᛅ᛬ᛋᛏᛁᚾ,10,synth,train
syn_w0_000108_ilald_ulaifr_ᛁᛚᛅᛚᛑ᛬ᚢᛚᛅᛁᚠᚱ.png,w0,108,ilald ulaifr,ᛁᛚᛅᛚᛑ᛬ᚢᛚᛅᛁᚠᚱ,11,synth,val
syn_w0_000108_lukas_uþbirn_rikuiþr_turuin_ᛚᚢᚴᛅᛋ᛬ᚢᚦᛒᛁᚱᚾ᛬ᚱᛁᚴᚢᛁᚦᚱ᛬ᛏᚢᚱᚢᛁᚾ.png,w0,108,lukas uþbirn rikuiþr turuin,ᛚᚢᚴᛅᛋ᛬ᚢᚦᛒᛁᚱᚾ᛬ᚱᛁᚴᚢᛁᚦᚱ᛬ᛏᚢᚱᚢᛁᚾ,24,synth,train
syn_w0_000108_mol_lfa_þurlaf_serklat_ᛘᚮᛚ᛬ᛚᚠᛅ᛬ᚦᚢᚱᛚᛅᚠ᛬ᛋᛂᚱᚴᛚᛅᛏ.png,w0,108,mol lfa þurlaf serklat,ᛘᚮᛚ᛬ᛚᚠᛅ᛬ᚦᚢᚱᛚᛅᚠ᛬ᛋᛂᚱᚴᛚᛅᛏ,19,synth,train
syn_w0_000108_tir_iarntr_efti_ᛏᛁᚱ᛬ᛁᛅᚱᚾᛏᚱ᛬ᛂᚠᛏᛁ.png,w0,108,tir iarntr efti,ᛏᛁᚱ᛬ᛁᛅᚱᚾᛏᚱ᛬ᛂᚠᛏᛁ,13,synth,train
syn_w0_000108_þaikn_mærge_ihialbin_þiauburi_ᚦᛅᛁᚴᚾ᛬ᛘᚫᚱᚵᛂ᛬ᛁᚼᛁᛅᛚᛒᛁᚾ᛬ᚦᛁᛅᚢᛒᚢᚱᛁ.png,w0,108,þaikn mærge ihialbin þiauburi,ᚦᛅᛁᚴᚾ᛬ᛘᚫᚱᚵᛂ᛬ᛁᚼᛁᛅᛚᛒᛁᚾ᛬ᚦᛁᛅᚢᛒᚢᚱᛁ,26,synth,test
syn_w0_000108_þisa_salu_auk_ᚦᛁᛋᛅ᛬ᛋᛅᛚᚢ᛬ᛅᚢᚴ.png,w0,108,þisa salu auk,ᚦᛁᛋᛅ᛬ᛋᛅᛚᚢ᛬ᛅᚢᚴ,11,synth,train
syn_w0_000109_hæiþmil_ᚼᚫᛁᚦᛘᛁᛚ.png,w0,109,hæiþmil,ᚼᚫᛁᚦᛘᛁᛚ,7,synth,train
syn_w0_000109_ihul_raisþi_kamo_ᛁᚼᚢᛚ᛬ᚱᛅᛁᛋᚦᛁ᛬ᚴᛅᛘᚮ.png,w0,109,ihul raisþi kamo,ᛁᚼᚢᛚ᛬ᚱᛅᛁᛋᚦᛁ᛬ᚴᛅᛘᚮ,14,synth,train
syn_w0_000109_kira_ᚴᛁᚱᛅ.png,w0,109,kira,ᚴᛁᚱᛅ,4,synth,train
syn_w0_000109_kuþ_ᚴᚢᚦ.png,w0,109,kuþ,ᚴᚢᚦ,3,synth,train
syn_w0_000109_miþ_altum_ᛘᛁᚦ᛬ᛅᛚᛏᚢᛘ.png,w0,109,miþ altum,ᛘᛁᚦ᛬ᛅᛚᛏᚢᛘ,8,synth,train
syn_w0_000109_tiþkum_runologisk_ᛏᛁᚦᚴᚢᛘ᛬ᚱᚢᚾᚮᛚᚮᚵᛁᛋᚴ.png,w0,109,tiþkum runologisk,ᛏᛁᚦᚴᚢᛘ᛬ᚱᚢᚾᚮᛚᚮᚵᛁᛋᚴ,16,synth,train
syn_w0_000109_yas_siht_ᚤᛅᛋ᛬ᛋᛁᚼᛏ.png,w0,109,yas siht,ᚤᛅᛋ᛬ᛋᛁᚼᛏ,7,synth,train
syn_w0_000109_þina_osu_ᚦᛁᚾᛅ᛬ᚮᛋᚢ.png,w0,109,þina osu,ᚦᛁᚾᛅ᛬ᚮᛋᚢ,7,synth,train
syn_w0_000110_auk_þirui_kfiR_ᛅᚢᚴ᛬ᚦᛁᚱᚢᛁ᛬ᚴᚠᛁᛦ.png,w0,110,auk þirui kfiR,ᛅᚢᚴ᛬ᚦᛁᚱᚢᛁ᛬ᚴᚠᛁᛦ,12,synth,test
syn_w0_000110_bil_fuþor_miR_ihulfastr_ᛒᛁᛚ᛬ᚠᚢᚦᚮᚱ᛬ᛘᛁᛦ᛬ᛁᚼᚢᛚᚠᛅᛋᛏᚱ.png,w0,110,bil fuþor miR ihulfastr,ᛒᛁᛚ᛬ᚠᚢᚦᚮᚱ᛬ᛘᛁᛦ᛬ᛁᚼᚢᛚᚠᛅᛋᛏᚱ,20,synth,train
syn_w0_000110_bin_sin_ici_trot_ᛒᛁᚾ᛬ᛋᛁᚾ᛬ᛁᛍᛁ᛬ᛏᚱᚮᛏ.png,w0,110,bin sin ici trot,ᛒᛁᚾ᛬ᛋᛁᚾ᛬ᛁᛍᛁ᛬ᛏᚱᚮᛏ,13,synth,train
syn_w0_000110_fulk_auk_her_gærðe_ᚠᚢᛚᚴ᛬ᛅᚢᚴ᛬ᚼᛂᚱ᛬ᚵᚫᚱᚧᛂ.png,w0,110,fulk auk her gærðe,ᚠᚢᛚᚴ᛬ᛅᚢᚴ᛬ᚼᛂᚱ᛬ᚵᚫᚱᚧᛂ,15,synth,train
syn_w0_000110_kialt_siuta_aail_erntis_ᚴᛁᛅᛚᛏ᛬ᛋᛁᚢᛏᛅ᛬ᛅᛅᛁᛚ᛬ᛂᚱᚾᛏᛁᛋ.png,w0,110,kialt siuta aail erntis,ᚴᛁᛅᛚᛏ᛬ᛋᛁᚢᛏᛅ᛬ᛅᛅᛁᛚ᛬ᛂᚱᚾᛏᛁᛋ,20,synth,train
syn_w0_000110_luc_þata_ᛚᚢᛍ᛬ᚦᛅᛏᛅ.png,w0,110,luc þata,ᛚᚢᛍ᛬ᚦᛅᛏᛅ,7,synth,train
syn_w0_000110_ostriþ_uili_ᚮᛋᛏᚱᛁᚦ᛬ᚢᛁᛚᛁ.png,w0,110,ostriþ uili,ᚮᛋᛏᚱᛁᚦ᛬ᚢᛁᛚᛁ,10,synth,train
syn_w0_000110_sunatr_þaikn_tutor_abi_ᛋᚢᚾᛅᛏᚱ᛬ᚦᛅᛁᚴᚾ᛬ᛏᚢᛏᚮᚱ᛬ᛅᛒᛁ.png,w0,110,sunatr þaikn tutor abi,ᛋᚢᚾᛅᛏᚱ᛬ᚦᛅᛁᚴᚾ᛬ᛏᚢᛏᚮᚱ᛬ᛅᛒᛁ,19,synth,train
syn_w0_000111_barstam_konb_ᛒᛅᚱᛋᛏᛅᛘ᛬ᚴᚮᚾᛒ.png,w0,111,barstam konb,ᛒᛅᚱᛋᛏᛅᛘ᛬ᚴᚮᚾᛒ,11,synth,train
syn_w0_000111_buta_botæ_ᛒᚢᛏᛅ᛬ᛒᚮᛏᚫ.png,w0,111,buta botæ,ᛒᚢᛏᛅ᛬ᛒᚮᛏᚫ,8,synth,train
syn_w0_000111_elgi_son_þaum_olafR_ᛂᛚᚵᛁ᛬ᛋᚮᚾ᛬ᚦᛅᚢᛘ᛬ᚮᛚᛅᚠᛦ.png,w0,111,elgi son þaum olafR,ᛂᛚᚵᛁ᛬ᛋᚮᚾ᛬ᚦᛅᚢᛘ᛬ᚮᛚᛅᚠᛦ,16,synth,train
syn_w0_000111_funþ_stan_ᚠᚢᚾᚦ᛬ᛋᛏᛅᚾ.png,w0,111,funþ stan,ᚠᚢᚾᚦ᛬ᛋᛏᛅᚾ,8,synth,test
syn_w0_000111_kauptan_þurot_haba_ᚴᛅᚢᛔᛏᛅᚾ᛬ᚦᚢᚱᚮᛏ᛬ᚼᛅᛒᛅ.png,w0,111,kauptan þurot haba,ᚴᛅᚢᛔᛏᛅᚾ᛬ᚦᚢᚱᚮᛏ᛬ᚼᛅᛒᛅ,16,synth,train
syn_w0_000111_kpasia_iþr_ialbi_husfruy_ᚴᛔᛅᛋᛁᛅ᛬ᛁᚦᚱ᛬ᛁᛅᛚᛒᛁ᛬ᚼᚢᛋᚠᚱᚢᚤ.png,w0,111,kpasia iþr ialbi husfruy,ᚴᛔᛅᛋᛁᛅ᛬ᛁᚦᚱ᛬ᛁᛅᛚᛒᛁ᛬ᚼᚢᛋᚠᚱᚢᚤ,21,synth,train
syn_w0_000111_lokinne_ermu_ᛚᚮᚴᛁᚾᚾᛂ᛬ᛂᚱᛘᚢ.png,w0,111,lokinne ermu,ᛚᚮᚴᛁᚾᚾᛂ᛬ᛂᚱᛘᚢ,11,synth,train
syn_w0_000111_takit_þina_ᛏᛅᚴᛁᛏ᛬ᚦᛁᚾᛅ.png,w0,111,takit þina,ᛏᛅᚴᛁᛏ᛬ᚦᛁᚾᛅ,9,synth,train
syn_w0_000112_botuiðar_rkæl_upa_ᛒᚮᛏᚢᛁᚧᛅᚱ᛬ᚱᚴᚫᛚ᛬ᚢᛔᛅ.png,w0,112,botuiðar rkæl upa,ᛒᚮᛏᚢᛁᚧᛅᚱ᛬ᚱᚴᚫᛚ᛬ᚢᛔᛅ,15,synth,train
syn_w0_000112_ita_berhtsuiþe_ᛁᛏᛅ᛬ᛒᛂᚱᚼᛏᛋᚢᛁᚦᛂ.png,w0,112,ita berhtsuiþe,ᛁᛏᛅ᛬ᛒᛂᚱᚼᛏᛋᚢᛁᚦᛂ,13,synth,train
syn_w0_000112_kuaul_ᚴᚢᛅᚢᛚ.png,w0,112,kuaul,ᚴᚢᛅᚢᛚ,5,synth,train
syn_w0_000112_kuþlaf_nasi_ᚴᚢᚦᛚᛅᚠ᛬ᚾᛅᛋᛁ.png,w0,112,kuþlaf nasi,ᚴᚢᚦᛚᛅᚠ᛬ᚾᛅᛋᛁ,10,synth,train
syn_w0_000112_maþ_husbroyu_han_risa_ᛘᛅᚦ᛬ᚼᚢᛋᛒᚱᚮᚤᚢ᛬ᚼᛅᚾ᛬ᚱᛁᛋᛅ.png,w0,112,maþ husbroyu han risa,ᛘᛅᚦ᛬ᚼᚢᛋᛒᚱᚮᚤᚢ᛬ᚼᛅᚾ᛬ᚱᛁᛋᛅ,18,synth,train
syn_w0_000112_ouk_hambri_ᚮᚢᚴ᛬ᚼᛅᛘᛒᚱᛁ.png,w0,112,ouk hambri,ᚮᚢᚴ᛬ᚼᛅᛘᛒᚱᛁ,9,synth,train
syn_w0_000112_siþ_lizaiwui_ᛋᛁᚦ᛬ᛚᛁᛎᛅᛁᚹᚢᛁ.png,w0,112,siþ lizaiwui,ᛋᛁᚦ᛬ᛚᛁᛎᛅᛁᚹᚢᛁ,11,synth,train
syn_w0_000112_unaR_fiR_himunafi_ᚢᚾᛅᛦ᛬ᚠᛁᛦ᛬ᚼᛁᛘᚢᚾᛅᚠᛁ.png,w0,112,unaR fiR himunafi,ᚢᚾᛅᛦ᛬ᚠᛁᛦ᛬ᚼᛁᛘᚢᚾᛅᚠᛁ,15,synth,train
syn_w0_000113_akla_hier_trani_ᛅᚴᛚᛅ᛬ᚼᛁᛂᚱ᛬ᛏᚱᛅᚾᛁ.png,w0,113,akla hier trani,ᛅᚴᛚᛅ᛬ᚼᛁᛂᚱ᛬ᛏᚱᛅᚾᛁ,13,synth,train
syn_w0_000113_auk_rui_stenta_ᛅᚢᚴ᛬ᚱᚢᛁ᛬ᛋᛏᛂᚾᛏᛅ.png,w0,113,auk rui stenta,ᛅᚢᚴ᛬ᚱᚢᛁ᛬ᛋᛏᛂᚾᛏᛅ,12,synth,val
syn_w0_000113_inkimuntr_alo_hafæ_ᛁᚾᚴᛁᛘᚢᚾᛏᚱ᛬ᛅᛚᚮ᛬ᚼᛅᚠᚫ.png,w0,113,inkimuntr alo hafæ,ᛁᚾᚴᛁᛘᚢᚾᛏᚱ᛬ᛅᛚᚮ᛬ᚼᛅᚠᚫ,16,synth,train
syn_w0_000113_nða_osmuntr_alfkiR_byþr_ᚾᚧᛅ᛬ᚮᛋᛘᚢᚾᛏᚱ᛬ᛅᛚᚠᚴᛁᛦ᛬ᛒᚤᚦᚱ.png,w0,113,nða osmuntr alfkiR byþr,ᚾᚧᛅ᛬ᚮᛋᛘᚢᚾᛏᚱ᛬ᛅᛚᚠᚴᛁᛦ᛬ᛒᚤᚦᚱ,20,synth,train
syn_w0_000113_risti_hier_ᚱᛁᛋᛏᛁ᛬ᚼᛁᛂᚱ.png,w0,113,risti hier,ᚱᛁᛋᛏᛁ᛬ᚼᛁᛂᚱ,9,synth,train
syn_w0_000113_risti_þer_rþr_mur_ᚱᛁᛋᛏᛁ᛬ᚦᛂᚱ᛬ᚱᚦᚱ᛬ᛘᚢᚱ.png,w0,113,risti þer rþr mur,ᚱᛁᛋᛏᛁ᛬ᚦᛂᚱ᛬ᚱᚦᚱ᛬ᛘᚢᚱ,14,synth,train
syn_w0_000113_uait_rotne_iuta_stii_ᚢᛅᛁᛏ᛬ᚱᚮᛏᚾᛂ᛬ᛁᚢᛏᛅ᛬ᛋᛏᛁᛁ.png,w0,113,uait rotne iuta stii,ᚢᛅᛁᛏ᛬ᚱᚮᛏᚾᛂ᛬ᛁᚢᛏᛅ᛬ᛋᛏᛁᛁ,17,synth,train
syn_w0_000113_þana_þair_ᚦᛅᚾᛅ᛬ᚦᛅᛁᚱ.png,w0,113,þana þair,ᚦᛅᚾᛅ᛬ᚦᛅᛁᚱ,8,synth,train
syn_w0_000114_fuluka_eftir_uarþ_gøræ_ᚠᚢᛚᚢᚴᛅ᛬ᛂᚠᛏᛁᚱ᛬ᚢᛅᚱᚦ᛬ᚵᚯᚱᚫ.png,w0,114,fuluka eftir uarþ gøræ,ᚠᚢᛚᚢᚴᛅ᛬ᛂᚠᛏᛁᚱ᛬ᚢᛅᚱᚦ᛬ᚵᚯᚱᚫ,19,synth,train
syn_w0_000114_huilir_urs_ᚼᚢᛁᛚᛁᚱ᛬ᚢᚱᛋ.png,w0,114,huilir urs,ᚼᚢᛁᛚᛁᚱ᛬ᚢᚱᛋ,9,synth,train
syn_w0_000114_petr_ᛔᛂᛏᚱ.png,w0,114,petr,ᛔᛂᛏᚱ,4,synth,val
syn_w0_000114_raiisa_gerþe_katily_ᚱᛅᛁᛁᛋᛅ᛬ᚵᛂᚱᚦᛂ᛬ᚴᛅᛏᛁᛚᚤ.png,w0,114,raiisa gerþe katily,ᚱᛅᛁᛁᛋᛅ᛬ᚵᛂᚱᚦᛂ᛬ᚴᛅᛏᛁᛚᚤ,17,synth,train
syn_w0_000114_raisti_sti_ᚱᛅᛁᛋᛏᛁ᛬ᛋᛏᛁ.png,w0,114,raisti sti,ᚱᛅᛁᛋᛏᛁ᛬ᛋᛏᛁ,9,synth,train
syn_w0_000114_sigurþr_ᛋᛁᚵᚢᚱᚦᚱ.png,w0,114,sigurþr,ᛋᛁᚵᚢᚱᚦᚱ,7,synth,train
syn_w0_000114_stain_gerþe_mest_ᛋᛏᛅᛁᚾ᛬ᚵᛂᚱᚦᛂ᛬ᛘᛂᛋᛏ.png,w0,114,stain gerþe mest,ᛋᛏᛅᛁᚾ᛬ᚵᛂᚱᚦᛂ᛬ᛘᛂᛋᛏ,14,synth,test
syn_w0_000114_sændi_kiarþu_ᛋᚫᚾᛑᛁ᛬ᚴᛁᛅᚱᚦᚢ.png,w0,114,sændi kiarþu,ᛋᚫᚾᛑᛁ᛬ᚴᛁᛅᚱᚦᚢ,11,synth,train
syn_w0_000115_faþur_ᚠᛅᚦᚢᚱ.png,w0,115,faþur,ᚠᛅᚦᚢᚱ,5,synth,train
syn_w0_000115_fuþąrkhniastbmlR_uar_nos_ᚠᚢᚦᚬᚱᚴᚼᚾᛁᛅᛋᛏᛒᛘᛚᛦ᛬ᚢᛅᚱ᛬ᚾᚮᛋ.png,w0,115,fuþąrkhniastbmlR uar nos,ᚠᚢᚦᚬᚱᚴᚼᚾᛁᛅᛋᛏᛒᛘᛚᛦ᛬ᚢᛅᚱ᛬ᚾᚮᛋ,22,synth,train
syn_w0_000115_hialpi_ᚼᛁᛅᛚᛔᛁ.png,w0,115,hialpi,ᚼᛁᛅᛚᛔᛁ,6,synth,train
syn_w0_000115_mutr_suartabrat_ᛘᚢᛏᚱ᛬ᛋᚢᛅᚱᛏᛅᛒᚱᛅᛏ.png,w0,115,mutr suartabrat,ᛘᚢᛏᚱ᛬ᛋᚢᛅᚱᛏᛅᛒᚱᛅᛏ,14,synth,train
syn_w0_000115_siiterf_ᛋᛁᛁᛏᛂᚱᚠ.png,w0,115,siiterf,ᛋᛁᛁᛏᛂᚱᚠ,7,synth,train
syn_w0_000115_spiritum_ᛋᛔᛁᚱᛁᛏᚢᛘ.png,w0,115,spiritum,ᛋᛔᛁᚱᛁᛏᚢᛘ,8,synth,train
syn_w0_000115_tkr_auk_ᛏᚴᚱ᛬ᛅᚢᚴ.png,w0,115,tkr auk,ᛏᚴᚱ᛬ᛅᚢᚴ,6,synth,train
syn_w0_000115_þonsi_halbi_auk_selfon_ᚦᚮᚾᛋᛁ᛬ᚼᛅᛚᛒᛁ᛬ᛅᚢᚴ᛬ᛋᛂᛚᚠᚮᚾ.png,w0,115,þonsi halbi auk selfon,ᚦᚮᚾᛋᛁ᛬ᚼᛅᛚᛒᛁ᛬ᛅᚢᚴ᛬ᛋᛂᛚᚠᚮᚾ,19,synth,train
syn_w0_000116_borha_ąsulfs_austmoþ_kut_ᛒᚮᚱᚼᛅ᛬ᚬᛋᚢᛚᚠᛋ᛬ᛅᚢᛋᛏᛘᚮᚦ᛬ᚴᚢᛏ.png,w0,116,borha ąsulfs austmoþ kut,ᛒᚮᚱᚼᛅ᛬ᚬᛋᚢᛚᚠᛋ᛬ᛅᚢᛋᛏᛘᚮᚦ᛬ᚴᚢᛏ,21,synth,train
syn_w0_000116_eniR_tuwa_syto_ᛂᚾᛁᛦ᛬ᛏᚢᚹᛅ᛬ᛋᚤᛏᚮ.png,w0,116,eniR tuwa syto,ᛂᚾᛁᛦ᛬ᛏᚢᚹᛅ᛬ᛋᚤᛏᚮ,12,synth,val
syn_w0_000116_fultars_ᚠᚢᛚᛏᛅᚱᛋ.png,w0,116,fultars,ᚠᚢᛚᛏᛅᚱᛋ,7,synth,train
syn_w0_000116_hak_kiera_ᚼᛅᚴ᛬ᚴᛁᛂᚱᛅ.png,w0,116,hak kiera,ᚼᛅᚴ᛬ᚴᛁᛂᚱᛅ,8,synth,train
syn_w0_000116_mina_halbi_ᛘᛁᚾᛅ᛬ᚼᛅᛚᛒᛁ.png,w0,116,mina halbi,ᛘᛁᚾᛅ᛬ᚼᛅᛚᛒᛁ,9,synth,train
syn_w0_000116_rit_sin_ᚱᛁᛏ᛬ᛋᛁᚾ.png,w0,116,rit sin,ᚱᛁᛏ᛬ᛋᛁᚾ,6,synth,train
syn_w0_000116_skul_eftir_ᛋᚴᚢᛚ᛬ᛂᚠᛏᛁᚱ.png,w0,116,skul eftir,ᛋᚴᚢᛚ᛬ᛂᚠᛏᛁᚱ,9,synth,train
syn_w0_000116_tet_stain_þaiRa_ᛏᛂᛏ᛬ᛋᛏᛅᛁᚾ᛬ᚦᛅᛁᛦᛅ.png,w0,116,tet stain þaiRa,ᛏᛂᛏ᛬ᛋᛏᛅᛁᚾ᛬ᚦᛅᛁᛦᛅ,13,synth,train
syn_w0_000117_asmutr_friþi_haukui_fasl_ᛅᛋᛘᚢᛏᚱ᛬ᚠᚱᛁᚦᛁ᛬ᚼᛅᚢᚴᚢᛁ᛬ᚠᛅᛋᛚ.png,w0,117,asmutr friþi haukui fasl,ᛅᛋᛘᚢᛏᚱ᛬ᚠᚱᛁᚦᛁ᛬ᚼᛅᚢᚴᚢᛁ᛬ᚠᛅᛋᛚ,21,synth,train
syn_w0_000117_bænekikta_sati_faþur_suin_ᛒᚫᚾᛂᚴᛁᚴᛏᛅ᛬ᛋᛅᛏᛁ᛬ᚠᛅᚦᚢᚱ᛬ᛋᚢᛁᚾ.png,w0,117,bænekikta sati faþur suin,ᛒᚫᚾᛂᚴᛁᚴᛏᛅ᛬ᛋᛅᛏᛁ᛬ᚠᛅᚦᚢᚱ᛬ᛋᚢᛁᚾ,22,synth,train
syn_w0_000117_eftiR_koþuini_salu_ᛂᚠᛏᛁᛦ᛬ᚴᚮᚦᚢᛁᚾᛁ᛬ᛋᛅᛚᚢ.png,w0,117,eftiR koþuini salu,ᛂᚠᛏᛁᛦ᛬ᚴᚮᚦᚢᛁᚾᛁ᛬ᛋᛅᛚᚢ,16,synth,train
syn_w0_000117_inkhorda_suiunkR_raþa_hans_ᛁᚾᚴᚼᚮᚱᛑᛅ᛬ᛋᚢᛁᚢᚾᚴᛦ᛬ᚱᛅᚦᛅ᛬ᚼᛅᚾᛋ.png,w0,117,inkhorda suiunkR raþa hans,ᛁᚾᚴᚼᚮᚱᛑᛅ᛬ᛋᚢᛁᚢᚾᚴᛦ᛬ᚱᛅᚦᛅ᛬ᚼᛅᚾᛋ,23,synth,train
syn_w0_000117_rþr_klukeri_gira_bosi_ᚱᚦᚱ᛬ᚴᛚᚢᚴᛂᚱᛁ᛬ᚵᛁᚱᛅ᛬ᛒᚮᛋᛁ.png,w0,117,rþr klukeri gira bosi,ᚱᚦᚱ᛬ᚴᛚᚢᚴᛂᚱᛁ᛬ᚵᛁᚱᛅ᛬ᛒᚮᛋᛁ,18,synth,train
syn_w0_000117_sua_þurþr_raisþu_ᛋᚢᛅ᛬ᚦᚢᚱᚦᚱ᛬ᚱᛅᛁᛋᚦᚢ.png,w0,117,sua þurþr raisþu,ᛋᚢᛅ᛬ᚦᚢᚱᚦᚱ᛬ᚱᛅᛁᛋᚦᚢ,14,synth,val
syn_w0_000117_uiþr_þai_ᚢᛁᚦᚱ᛬ᚦᛅᛁ.png,w0,117,uiþr þai,ᚢᛁᚦᚱ᛬ᚦᛅᛁ,7,synth,train
syn_w0_000117_þuri_mah_tirfR_ᚦᚢᚱᛁ᛬ᛘᛅᚼ᛬ᛏᛁᚱᚠᛦ.png,w0,117,þuri mah tirfR,ᚦᚢᚱᛁ᛬ᛘᛅᚼ᛬ᛏᛁᚱᚠᛦ,12,synth,train
syn_w0_000118_auk_ᛅᚢᚴ.png,w0,118,auk,ᛅᚢᚴ,3,synth,train
syn_w0_000118_dihsse_hiarsu_ᛑᛁᚼᛋᛋᛂ᛬ᚼᛁᛅᚱᛋᚢ.png,w0,118,dihsse hiarsu,ᛑᛁᚼᛋᛋᛂ᛬ᚼᛁᛅᚱᛋᚢ,12,synth,train
syn_w0_000118_gera_krþi_ᚵᛂᚱᛅ᛬ᚴᚱᚦᛁ.png,w0,118,gera krþi,ᚵᛂᚱᛅ᛬ᚴᚱᚦᛁ,8,synth,train
syn_w0_000118_olauf_ᚮᛚᛅᚢᚠ.png,w0,118,olauf,ᚮᛚᛅᚢᚠ,5,synth,train
syn_w0_000118_sin_sialum_uikuþ_ᛋᛁᚾ᛬ᛋᛁᛅᛚᚢᛘ᛬ᚢᛁᚴᚢᚦ.png,w0,118,sin sialum uikuþ,ᛋᛁᚾ᛬ᛋᛁᛅᛚᚢᛘ᛬ᚢᛁᚴᚢᚦ,14,synth,train
syn_w0_000118_stufials_ᛋᛏᚢᚠᛁᛅᛚᛋ.png,w0,118,stufials,ᛋᛏᚢᚠᛁᛅᛚᛋ,8,synth,train
syn_w0_000118_þriR_ąuk_otur_ᚦᚱᛁᛦ᛬ᚬᚢᚴ᛬ᚮᛏᚢᚱ.png,w0,118,þriR ąuk otur,ᚦᚱᛁᛦ᛬ᚬᚢᚴ᛬ᚮᛏᚢᚱ,11,synth,train
syn_w0_000118_þur_ualta_ant_ᚦᚢᚱ᛬ᚢᛅᛚᛏᛅ᛬ᛅᚾᛏ.png,w0,118,þur ualta ant,ᚦᚢᚱ᛬ᚢᛅᛚᛏᛅ᛬ᛅᚾᛏ,11,synth,train
syn_w0_000119_ast_ᛅᛋᛏ.png,w0,119,ast,ᛅᛋᛏ,3,synth,train
syn_w0_000119_ialbi_botuiþr_kiai_funtin_ᛁᛅᛚᛒᛁ᛬ᛒᚮᛏᚢᛁᚦᚱ᛬ᚴᛁᛅᛁ᛬ᚠᚢᚾᛏᛁᚾ.png,w0,119,ialbi botuiþr kiai funtin,ᛁᛅᛚᛒᛁ᛬ᛒᚮᛏᚢᛁᚦᚱ᛬ᚴᛁᛅᛁ᛬ᚠᚢᚾᛏᛁᚾ,22,synth,train
syn_w0_000119_lir_þora_minas_ᛚᛁᚱ᛬ᚦᚮᚱᛅ᛬ᛘᛁᚾᛅᛋ.png,w0,119,lir þora minas,ᛚᛁᚱ᛬ᚦᚮᚱᛅ᛬ᛘᛁᚾᛅᛋ,12,synth,train
syn_w0_000119_raistu_aftiR_iRaisa_suarthaufþa_ᚱᛅᛁᛋᛏᚢ᛬ᛅᚠᛏᛁᛦ᛬ᛁᛦᛅᛁᛋᛅ᛬ᛋᚢᛅᚱᛏᚼᛅᚢᚠᚦᛅ.png,w0,119,raistu aftiR iRaisa suarthaufþa,ᚱᛅᛁᛋᛏᚢ᛬ᛅᚠᛏᛁᛦ᛬ᛁᛦᛅᛁᛋᛅ᛬ᛋᚢᛅᚱᛏᚼᛅᚢᚠᚦᛅ,28,synth,train
syn_w0_000119_rif_riþa_arþa_ᚱᛁᚠ᛬ᚱᛁᚦᛅ᛬ᛅᚱᚦᛅ.png,w0,119,rif riþa arþa,ᚱᛁᚠ᛬ᚱᛁᚦᛅ᛬ᛅᚱᚦᛅ,11,synth,train
syn_w0_000119_stain_ᛋᛏᛅᛁᚾ.png,w0,119,stain,ᛋᛏᛅᛁᚾ,5,synth,test
syn_w0_000119_sufar_risa_sofæ_han_ᛋᚢᚠᛅᚱ᛬ᚱᛁᛋᛅ᛬ᛋᚮᚠᚫ᛬ᚼᛅᚾ.png,w0,119,sufar risa sofæ han,ᛋᚢᚠᛅᚱ᛬ᚱᛁᛋᛅ᛬ᛋᚮᚠᚫ᛬ᚼᛅᚾ,16,synth,train
syn_w0_000120_ihu_ais_guc_ᛁᚼᚢ᛬ᛅᛁᛋ᛬ᚵᚢᛍ.png,w0,120,ihu ais guc,ᛁᚼᚢ᛬ᛅᛁᛋ᛬ᚵᚢᛍ,9,synth,train
syn_w0_000120_impæræt_riti_ᛁᛘᛔᚫᚱᚫᛏ᛬ᚱᛁᛏᛁ.png,w0,120,impæræt riti,ᛁᛘᛔᚫᚱᚫᛏ᛬ᚱᛁᛏᛁ,11,synth,train
syn_w0_000120_kera_rato_fuþor_ᚴᛂᚱᛅ᛬ᚱᛅᛏᚮ᛬ᚠᚢᚦᚮᚱ.png,w0,120,kera rato fuþor,ᚴᛂᚱᛅ᛬ᚱᛅᛏᚮ᛬ᚠᚢᚦᚮᚱ,13,synth,train
syn_w0_000120_moþR_sun_damus_ᛘᚮᚦᛦ᛬ᛋᚢᚾ᛬ᛑᛅᛘᚢᛋ.png,w0,120,moþR sun damus,ᛘᚮᚦᛦ᛬ᛋᚢᚾ᛬ᛑᛅᛘᚢᛋ,12,synth,train
syn_w0_000120_rai_gunnur_ᚱᛅᛁ᛬ᚵᚢᚾᚾᚢᚱ.png,w0,120,rai gunnur,ᚱᛅᛁ᛬ᚵᚢᚾᚾᚢᚱ,9,synth,test
syn_w0_000120_sbia_ristu_messo_ruþmar_ᛋᛒᛁᛅ᛬ᚱᛁᛋᛏᚢ᛬ᛘᛂᛋᛋᚮ᛬ᚱᚢᚦᛘᛅᚱ.png,w0,120,sbia ristu messo ruþmar,ᛋᛒᛁᛅ᛬ᚱᛁᛋᛏᚢ᛬ᛘᛂᛋᛋᚮ᛬ᚱᚢᚦᛘᛅᚱ,20,synth,train
syn_w0_000120_uli_auþelfi_norþrgarþum_iarl_ᚢᛚᛁ᛬ᛅᚢᚦᛂᛚᚠᛁ᛬ᚾᚮᚱᚦᚱᚵᛅᚱᚦᚢᛘ᛬ᛁᛅᚱᛚ.png,w0,120,uli auþelfi norþrgarþum iarl,ᚢᛚᛁ᛬ᛅᚢᚦᛂᛚᚠᛁ᛬ᚾᚮᚱᚦᚱᚵᛅᚱᚦᚢᛘ᛬ᛁᛅᚱᛚ,25,synth,train
syn_w0_000120_þorfatr_huat_mizial_stain_ᚦᚮᚱᚠᛅᛏᚱ᛬ᚼᚢᛅᛏ᛬ᛘᛁᛎᛁᛅᛚ᛬ᛋᛏᛅᛁᚾ.png,w0,120,þorfatr huat mizial stain,ᚦᚮᚱᚠᛅᛏᚱ᛬ᚼᚢᛅᛏ᛬ᛘᛁᛎᛁᛅᛚ᛬ᛋᛏᛅᛁᚾ,22,synth,train
syn_w0_000121_aft_mþu_ᛅᚠᛏ᛬ᛘᚦᚢ.png,w0,121,aft mþu,ᛅᚠᛏ᛬ᛘᚦᚢ,6,synth,train
syn_w0_000121_arlik_ᛅᚱᛚᛁᚴ.png,w0,121,arlik,ᛅᚱᛚᛁᚴ,5,synth,train
syn_w0_000121_bfrtæorh_trani_ᛒᚠᚱᛏᚫᚮᚱᚼ᛬ᛏᚱᛅᚾᛁ.png,w0,121,bfrtæorh trani,ᛒᚠᚱᛏᚫᚮᚱᚼ᛬ᛏᚱᛅᚾᛁ,13,synth,train
syn_w0_000121_giorþæ_gøt_ᚵᛁᚮᚱᚦᚫ᛬ᚵᚯᛏ.png,w0,121,giorþæ gøt,ᚵᛁᚮᚱᚦᚫ᛬ᚵᚯᛏ,9,synth,train
syn_w0_000121_irir_sloþi_mak_ᛁᚱᛁᚱ᛬ᛋᛚᚮᚦᛁ᛬ᛘᛅᚴ.png,w0,121,irir sloþi mak,ᛁᚱᛁᚱ᛬ᛋᛚᚮᚦᛁ᛬ᛘᛅᚴ,12,synth,train
syn_w0_000121_mals_folki_þor_mit_ᛘᛅᛚᛋ᛬ᚠᚮᛚᚴᛁ᛬ᚦᚮᚱ᛬ᛘᛁᛏ.png,w0,121,mals folki þor mit,ᛘᛅᛚᛋ᛬ᚠᚮᛚᚴᛁ᛬ᚦᚮᚱ᛬ᛘᛁᛏ,15,synth,train
syn_w0_000121_sikbiurn_ufi_eki_atir_ᛋᛁᚴᛒᛁᚢᚱᚾ᛬ᚢᚠᛁ᛬ᛂᚴᛁ᛬ᛅᛏᛁᚱ.png,w0,121,sikbiurn ufi eki atir,ᛋᛁᚴᛒᛁᚢᚱᚾ᛬ᚢᚠᛁ᛬ᛂᚴᛁ᛬ᛅᛏᛁᚱ,18,synth,train
syn_w0_000121_þerui_þesun_likhus_steno_ᚦᛂᚱᚢᛁ᛬ᚦᛂᛋᚢᚾ᛬ᛚᛁᚴᚼᚢᛋ᛬ᛋᛏᛂᚾᚮ.png,w0,121,þerui þesun likhus steno,ᚦᛂᚱᚢᛁ᛬ᚦᛂᛋᚢᚾ᛬ᛚᛁᚴᚼᚢᛋ᛬ᛋᛏᛂᚾᚮ,21,synth,train
syn_w0_000122_anti_þurfa_feR_runaR_ᛅᚾᛏᛁ᛬ᚦᚢᚱᚠᛅ᛬ᚠᛂᛦ᛬ᚱᚢᚾᛅᛦ.png,w0,122,anti þurfa feR runaR,ᛅᚾᛏᛁ᛬ᚦᚢᚱᚠᛅ᛬ᚠᛂᛦ᛬ᚱᚢᚾᛅᛦ,17,synth,train
syn_w0_000122_ati_mikit_sikr_ᛅᛏᛁ᛬ᛘᛁᚴᛁᛏ᛬ᛋᛁᚴᚱ.png,w0,122,ati mikit sikr,ᛅᛏᛁ᛬ᛘᛁᚴᛁᛏ᛬ᛋᛁᚴᚱ,12,synth,train
syn_w0_000122_furiR_stenmerki_folboa_ᚠᚢᚱᛁᛦ᛬ᛋᛏᛂᚾᛘᛂᚱᚴᛁ᛬ᚠᚮᛚᛒᚮᛅ.png,w0,122,furiR stenmerki folboa,ᚠᚢᚱᛁᛦ᛬ᛋᛏᛂᚾᛘᛂᚱᚴᛁ᛬ᚠᚮᛚᛒᚮᛅ,20,synth,train
syn_w0_000122_onumis_ᚮᚾᚢᛘᛁᛋ.png,w0,122,onumis,ᚮᚾᚢᛘᛁᛋ,6,synth,train
syn_w0_000122_sati_ᛋᛅᛏᛁ.png,w0,122,sati,ᛋᛅᛏᛁ,4,synth,train
syn_w0_000122_stin_burh_ᛋᛏᛁᚾ᛬ᛒᚢᚱᚼ.png,w0,122,stin burh,ᛋᛏᛁᚾ᛬ᛒᚢᚱᚼ,8,synth,train
syn_w0_000122_uma_snialan_ᚢᛘᛅ᛬ᛋᚾᛁᛅᛚᛅᚾ.png,w0,122,uma snialan,ᚢᛘᛅ᛬ᛋᚾᛁᛅᛚᛅᚾ,10,synth,train
syn_w0_000122_þesi_bium_ranæ_ᚦᛂᛋᛁ᛬ᛒᛁᚢᛘ᛬ᚱᛅᚾᚫ.png,w0,122,þesi bium ranæ,ᚦᛂᛋᛁ᛬ᛒᛁᚢᛘ᛬ᚱᛅᚾᚫ,12,synth,train
syn_w0_000123_arærde_þansi_krim_ᛅᚱᚫᚱᛑᛂ᛬ᚦᛅᚾᛋᛁ᛬ᚴᚱᛁᛘ.png,w0,123,arærde þansi krim,ᛅᚱᚫᚱᛑᛂ᛬ᚦᛅᚾᛋᛁ᛬ᚴᚱᛁᛘ,15,synth,train
syn_w0_000123_auft_karþ_þes_saikiR_ᛅᚢᚠᛏ᛬ᚴᛅᚱᚦ᛬ᚦᛂᛋ᛬ᛋᛅᛁᚴᛁᛦ.png,w0,123,auft karþ þes saikiR,ᛅᚢᚠᛏ᛬ᚴᛅᚱᚦ᛬ᚦᛂᛋ᛬ᛋᛅᛁᚴᛁᛦ,17,synth,train
syn_w0_000123_broaR_tin_ᛒᚱᚮᛅᛦ᛬ᛏᛁᚾ.png,w0,123,broaR tin,ᛒᚱᚮᛅᛦ᛬ᛏᛁᚾ,8,synth,train
syn_w0_000123_hæt_ᚼᚫᛏ.png,w0,123,hæt,ᚼᚫᛏ,3,synth,train
syn_w0_000123_isRn_kunulfR_sunr_karþu_ᛁᛋᛦᚾ᛬ᚴᚢᚾᚢᛚᚠᛦ᛬ᛋᚢᚾᚱ᛬ᚴᛅᚱᚦᚢ.png,w0,123,isRn kunulfR sunr karþu,ᛁᛋᛦᚾ᛬ᚴᚢᚾᚢᛚᚠᛦ᛬ᛋᚢᚾᚱ᛬ᚴᛅᚱᚦᚢ,20,synth,train
syn_w0_000123_lukR_æuþ_nftiR_bont_ᛚᚢᚴᛦ᛬ᚫᚢᚦ᛬ᚾᚠᛏᛁᛦ᛬ᛒᚮᚾᛏ.png,w0,123,lukR æuþ nftiR bont,ᛚᚢᚴᛦ᛬ᚫᚢᚦ᛬ᚾᚠᛏᛁᛦ᛬ᛒᚮᚾᛏ,16,synth,train
syn_w0_000123_mari_ᛘᛅᚱᛁ.png,w0,123,mari,ᛘᛅᚱᛁ,4,synth,train
syn_w0_000123_rnfas_firi_tutor_stai_ᚱᚾᚠᛅᛋ᛬ᚠᛁᚱᛁ᛬ᛏᚢᛏᚮᚱ᛬ᛋᛏᛅᛁ.png,w0,123,rnfas firi tutor stai,ᚱᚾᚠᛅᛋ᛬ᚠᛁᚱᛁ᛬ᛏᚢᛏᚮᚱ᛬ᛋᛏᛅᛁ,18,synth,train
syn_w0_000124_biar_eiftR_dytrir_sina_ᛒᛁᛅᚱ᛬ᛂᛁᚠᛏᛦ᛬ᛑᚤᛏᚱᛁᚱ᛬ᛋᛁᚾᛅ.png,w0,124,biar eiftR dytrir sina,ᛒᛁᛅᚱ᛬ᛂᛁᚠᛏᛦ᛬ᛑᚤᛏᚱᛁᚱ᛬ᛋᛁᚾᛅ,19,synth,train
syn_w0_000124_eftir_ter_ᛂᚠᛏᛁᚱ᛬ᛏᛂᚱ.png,w0,124,eftir ter,ᛂᚠᛏᛁᚱ᛬ᛏᛂᚱ,8,synth,train
syn_w0_000124_hkun_iþur_sbi_uiþa_ᚼᚴᚢᚾ᛬ᛁᚦᚢᚱ᛬ᛋᛒᛁ᛬ᚢᛁᚦᛅ.png,w0,124,hkun iþur sbi uiþa,ᚼᚴᚢᚾ᛬ᛁᚦᚢᚱ᛬ᛋᛒᛁ᛬ᚢᛁᚦᛅ,15,synth,val
syn_w0_000124_lasu_naal_ᛚᛅᛋᚢ᛬ᚾᛅᛅᛚ.png,w0,124,lasu naal,ᛚᛅᛋᚢ᛬ᚾᛅᛅᛚ,8,synth,train
syn_w0_000124_llu_osmuntr_gerin_ᛚᛚᚢ᛬ᚮᛋᛘᚢᚾᛏᚱ᛬ᚵᛂᚱᛁᚾ.png,w0,124,llu osmuntr gerin,ᛚᛚᚢ᛬ᚮᛋᛘᚢᚾᛏᚱ᛬ᚵᛂᚱᛁᚾ,15,synth,train
syn_w0_000124_onutr_ᚮᚾᚢᛏᚱ.png,w0,124,onutr,ᚮᚾᚢᛏᚱ,5,synth,train
syn_w0_000124_rfa_staina_ᚱᚠᛅ᛬ᛋᛏᛅᛁᚾᛅ.png,w0,124,rfa staina,ᚱᚠᛅ᛬ᛋᛏᛅᛁᚾᛅ,9,synth,train
syn_w0_000124_þæsse_þurstain_tufu_ninþ_ᚦᚫᛋᛋᛂ᛬ᚦᚢᚱᛋᛏᛅᛁᚾ᛬ᛏᚢᚠᚢ᛬ᚾᛁᚾᚦ.png,w0,124,þæsse þurstain tufu ninþ,ᚦᚫᛋᛋᛂ᛬ᚦᚢᚱᛋᛏᛅᛁᚾ᛬ᛏᚢᚠᚢ᛬ᚾᛁᚾᚦ,21,synth,train
syn_w0_000125_furiR_ᚠᚢᚱᛁᛦ.png,w0,125,furiR,ᚠᚢᚱᛁᛦ,5,synth,train
syn_w0_000125_fuþąrkhniastbmlR_ima_sutrsuia_ᚠᚢᚦᚬᚱᚴᚼᚾᛁᛅᛋᛏᛒᛘᛚᛦ᛬ᛁᛘᛅ᛬ᛋᚢᛏᚱᛋᚢᛁᛅ.png,w0,125,fuþąrkhniastbmlR ima sutrsuia,ᚠᚢᚦᚬᚱᚴᚼᚾᛁᛅᛋᛏᛒᛘᛚᛦ᛬ᛁᛘᛅ᛬ᛋᚢᛏᚱᛋᚢᛁᛅ,27,synth,train
syn_w0_000125_hehmu_biurn_trebin_ᚼᛂᚼᛘᚢ᛬ᛒᛁᚢᚱᚾ᛬ᛏᚱᛂᛒᛁᚾ.png,w0,125,hehmu biurn trebin,ᚼᛂᚼᛘᚢ᛬ᛒᛁᚢᚱᚾ᛬ᛏᚱᛂᛒᛁᚾ,16,synth,test
syn_w0_000125_huilas_arni_pæpæræ_þria_ᚼᚢᛁᛚᛅᛋ᛬ᛅᚱᚾᛁ᛬ᛔᚫᛔᚫᚱᚫ᛬ᚦᚱᛁᛅ.png,w0,125,huilas arni pæpæræ þria,ᚼᚢᛁᛚᛅᛋ᛬ᛅᚱᚾᛁ᛬ᛔᚫᛔᚫᚱᚫ᛬ᚦᚱᛁᛅ,20,synth,train
syn_w0_000125_kaR_bena_uiniutr_sikstin_ᚴᛅᛦ᛬ᛒᛂᚾᛅ᛬ᚢᛁᚾᛁᚢᛏᚱ᛬ᛋᛁᚴᛋᛏᛁᚾ.png,w0,125,kaR bena uiniutr sikstin,ᚴᛅᛦ᛬ᛒᛂᚾᛅ᛬ᚢᛁᚾᛁᚢᛏᚱ᛬ᛋᛁᚴᛋᛏᛁᚾ,21,synth,train
syn_w0_000125_tuf_ᛏᚢᚠ.png,w0,125,tuf,ᛏᚢᚠ,3,synth,train
syn_w0_000125_þaun_purgectos_ᚦᛅᚢᚾ᛬ᛔᚢᚱᚵᛂᛍᛏᚮᛋ.png,w0,125,þaun purgectos,ᚦᛅᚢᚾ᛬ᛔᚢᚱᚵᛂᛍᛏᚮᛋ,13,synth,test
syn_w0_000125_þulfs_ketil_kilauk_ᚦᚢᛚᚠᛋ᛬ᚴᛂᛏᛁᛚ᛬ᚴᛁᛚᛅᚢᚴ.png,w0,125,þulfs ketil kilauk,ᚦᚢᛚᚠᛋ᛬ᚴᛂᛏᛁᛚ᛬ᚴᛁᛚᛅᚢᚴ,16,synth,train
syn_w0_000126_aftir_þina_ᛅᚠᛏᛁᚱ᛬ᚦᛁᚾᛅ.png,w0,126,aftir þina,ᛅᚠᛏᛁᚱ᛬ᚦᛁᚾᛅ,9,synth,train
syn_w0_000126_ark_sartr_ᛅᚱᚴ᛬ᛋᛅᚱᛏᚱ.png,w0,126,ark sartr,ᛅᚱᚴ᛬ᛋᛅᚱᛏᚱ,8,synth,train
syn_w0_000126_bulaiþu_ihul_ᛒᚢᛚᛅᛁᚦᚢ᛬ᛁᚼᚢᛚ.png,w0,126,bulaiþu ihul,ᛒᚢᛚᛅᛁᚦᚢ᛬ᛁᚼᚢᛚ,11,synth,train
syn_w0_000126_etu_kurms_ikinn_ont_ᛂᛏᚢ᛬ᚴᚢᚱᛘᛋ᛬ᛁᚴᛁᚾᚾ᛬ᚮᚾᛏ.png,w0,126,etu kurms ikinn ont,ᛂᛏᚢ᛬ᚴᚢᚱᛘᛋ᛬ᛁᚴᛁᚾᚾ᛬ᚮᚾᛏ,16,synth,val
syn_w0_000126_nuruna_iok_lokus_runaR_ᚾᚢᚱᚢᚾᛅ᛬ᛁᚮᚴ᛬ᛚᚮᚴᚢᛋ᛬ᚱᚢᚾᛅᛦ.png,w0,126,nuruna iok lokus runaR,ᚾᚢᚱᚢᚾᛅ᛬ᛁᚮᚴ᛬ᛚᚮᚴᚢᛋ᛬ᚱᚢᚾᛅᛦ,19,synth,train
syn_w0_000126_snaliR_tti_felaha_arnaþar_ᛋᚾᛅᛚᛁᛦ᛬ᛏᛏᛁ᛬ᚠᛂᛚᛅᚼᛅ᛬ᛅᚱᚾᛅᚦᛅᚱ.png,w0,126,snaliR tti felaha arnaþar,ᛋᚾᛅᛚᛁᛦ᛬ᛏᛏᛁ᛬ᚠᛂᛚᛅᚼᛅ᛬ᛅᚱᚾᛅᚦᛅᚱ,22,synth,train
syn_w0_000126_stin_stątR_efeiR_ᛋᛏᛁᚾ᛬ᛋᛏᚬᛏᛦ᛬ᛂᚠᛂᛁᛦ.png,w0,126,stin stątR efeiR,ᛋᛏᛁᚾ᛬ᛋᛏᚬᛏᛦ᛬ᛂᚠᛂᛁᛦ,14,synth,train
syn_w0_000126_sunudahr_utr_ᛋᚢᚾᚢᛑᛅᚼᚱ᛬ᚢᛏᚱ.png,w0,126,sunudahr utr,ᛋᚢᚾᚢᛑᛅᚼᚱ᛬ᚢᛏᚱ,11,synth,val
syn_w0_000127_buonti_ąuk_þriR_ᛒᚢᚮᚾᛏᛁ᛬ᚬᚢᚴ᛬ᚦᚱᛁᛦ.png,w0,127,buonti ąuk þriR,ᛒᚢᚮᚾᛏᛁ᛬ᚬᚢᚴ᛬ᚦᚱᛁᛦ,13,synth,train
syn_w0_000127_butraifR_rkh_ᛒᚢᛏᚱᛅᛁᚠᛦ᛬ᚱᚴᚼ.png,w0,127,butraifR rkh,ᛒᚢᛏᚱᛅᛁᚠᛦ᛬ᚱᚴᚼ,11,synth,train
syn_w0_000127_faþur_rstu_ikifast_ᚠᛅᚦᚢᚱ᛬ᚱᛋᛏᚢ᛬ᛁᚴᛁᚠᛅᛋᛏ.png,w0,127,faþur rstu ikifast,ᚠᛅᚦᚢᚱ᛬ᚱᛋᛏᚢ᛬ᛁᚴᛁᚠᛅᛋᛏ,16,synth,train
syn_w0_000127_lit_sbaraka_ᛚᛁᛏ᛬ᛋᛒᛅᚱᛅᚴᛅ.png,w0,127,lit sbaraka,ᛚᛁᛏ᛬ᛋᛒᛅᚱᛅᚴᛅ,10,synth,train
syn_w0_000127_menr_kera_den_ᛘᛂᚾᚱ᛬ᚴᛂᚱᛅ᛬ᛑᛂᚾ.png,w0,127,menr kera den,ᛘᛂᚾᚱ᛬ᚴᛂᚱᛅ᛬ᛑᛂᚾ,11,synth,train
syn_w0_000127_nur_stin_erþ_ᚾᚢᚱ᛬ᛋᛏᛁᚾ᛬ᛂᚱᚦ.png,w0,127,nur stin erþ,ᚾᚢᚱ᛬ᛋᛏᛁᚾ᛬ᛂᚱᚦ,10,synth,train
syn_w0_000127_raistu_ikulf_sun_ᚱᛅᛁᛋᛏᚢ᛬ᛁᚴᚢᛚᚠ᛬ᛋᚢᚾ.png,w0,127,raistu ikulf sun,ᚱᛅᛁᛋᛏᚢ᛬ᛁᚴᚢᛚᚠ᛬ᛋᚢᚾ,14,synth,train
syn_w0_000127_una_iarut_ᚢᚾᛅ᛬ᛁᛅᚱᚢᛏ.png,w0,127,una iarut,ᚢᚾᛅ᛬ᛁᛅᚱᚢᛏ,8,synth,val
syn_w0_000128_aftiR_lit_san_ᛅᚠᛏᛁᛦ᛬ᛚᛁᛏ᛬ᛋᛅᚾ.png,w0,128,aftiR lit san,ᛅᚠᛏᛁᛦ᛬ᛚᛁᛏ᛬ᛋᛅᚾ,11,synth,train
syn_w0_000128_inkimunt_harþa_tRi_ᛁᚾᚴᛁᛘᚢᚾᛏ᛬ᚼᛅᚱᚦᛅ᛬ᛏᛦᛁ.png,w0,128,inkimunt harþa tRi,ᛁᚾᚴᛁᛘᚢᚾᛏ᛬ᚼᛅᚱᚦᛅ᛬ᛏᛦᛁ,16,synth,train
syn_w0_000128_kaþi_kuþbirn_nostær_ᚴᛅᚦᛁ᛬ᚴᚢᚦᛒᛁᚱᚾ᛬ᚾᚮᛋᛏᚫᚱ.png,w0,128,kaþi kuþbirn nostær,ᚴᛅᚦᛁ᛬ᚴᚢᚦᛒᛁᚱᚾ᛬ᚾᚮᛋᛏᚫᚱ,17,synth,train
syn_w0_000128_kurms_ᚴᚢᚱᛘᛋ.png,w0,128,kurms,ᚴᚢᚱᛘᛋ,5,synth,train
syn_w0_000128_litu_ᛚᛁᛏᚢ.png,w0,128,litu,ᛚᛁᛏᚢ,4,synth,train
syn_w0_000128_sban_ueskini_unk_ᛋᛒᛅᚾ᛬ᚢᛂᛋᚴᛁᚾᛁ᛬ᚢᚾᚴ.png,w0,128,sban ueskini unk,ᛋᛒᛅᚾ᛬ᚢᛂᛋᚴᛁᚾᛁ᛬ᚢᚾᚴ,14,synth,train
syn_w0_000128_uma_sun_ᚢᛘᛅ᛬ᛋᚢᚾ.png,w0,128,uma sun,ᚢᛘᛅ᛬ᛋᚢᚾ,6,synth,train
syn_w0_000128_unta_efti_ᚢᚾᛏᛅ᛬ᛂᚠᛏᛁ.png,w0,128,unta efti,ᚢᚾᛏᛅ᛬ᛂᚠᛏᛁ,8,synth,train
syn_w0_000129_amen_uirikR_ᛅᛘᛂᚾ᛬ᚢᛁᚱᛁᚴᛦ.png,w0,129,amen uirikR,ᛅᛘᛂᚾ᛬ᚢᛁᚱᛁᚴᛦ,10,synth,val
syn_w0_000129_bia_eklanti_ᛒᛁᛅ᛬ᛂᚴᛚᛅᚾᛏᛁ.png,w0,129,bia eklanti,ᛒᛁᛅ᛬ᛂᚴᛚᛅᚾᛏᛁ,10,synth,train
syn_w0_000129_itu_suartufþa_fruþaR_ᛁᛏᚢ᛬ᛋᚢᛅᚱᛏᚢᚠᚦᛅ᛬ᚠᚱᚢᚦᛅᛦ.png,w0,129,itu suartufþa fruþaR,ᛁᛏᚢ᛬ᛋᚢᛅᚱᛏᚢᚠᚦᛅ᛬ᚠᚱᚢᚦᛅᛦ,18,synth,test
syn_w0_000129_lkus_rietR_mihel_ide_ᛚᚴᚢᛋ᛬ᚱᛁᛂᛏᛦ᛬ᛘᛁᚼᛂᛚ᛬ᛁᛑᛂ.png,w0,129,lkus rietR mihel ide,ᛚᚴᚢᛋ᛬ᚱᛁᛂᛏᛦ᛬ᛘᛁᚼᛂᛚ᛬ᛁᛑᛂ,17,synth,train
syn_w0_000129_rynasta_ᚱᚤᚾᛅᛋᛏᛅ.png,w0,129,rynasta,ᚱᚤᚾᛅᛋᛏᛅ,7,synth,train
syn_w0_000129_sikb_ᛋᛁᚴᛒ.png,w0,129,sikb,ᛋᛁᚴᛒ,4,synth,val
syn_w0_000129_sum_ilafr_kumlu_firist_ᛋᚢᛘ᛬ᛁᛚᛅᚠᚱ᛬ᚴᚢᛘᛚᚢ᛬ᚠᛁᚱᛁᛋᛏ.png,w0,129,sum ilafr kumlu firist,ᛋᚢᛘ᛬ᛁᛚᛅᚠᚱ᛬ᚴᚢᛘᛚᚢ᛬ᚠᛁᚱᛁᛋᛏ,19,synth,train
syn_w0_000129_wles_gieRa_iftiR_ᚹᛚᛂᛋ᛬ᚵᛁᛂᛦᛅ᛬ᛁᚠᛏᛁᛦ.png,w0,129,wles gieRa iftiR,ᚹᛚᛂᛋ᛬ᚵᛁᛂᛦᛅ᛬ᛁᚠᛏᛁᛦ,14,synth,train
syn_w0_000130_kare_þurkut_bet_stan_ᚴᛅᚱᛂ᛬ᚦᚢᚱᚴᚢᛏ᛬ᛒᛂᛏ᛬ᛋᛏᛅᚾ.png,w0,130,kare þurkut bet stan,ᚴᛅᚱᛂ᛬ᚦᚢᚱᚴᚢᛏ᛬ᛒᛂᛏ᛬ᛋᛏᛅᚾ,17,synth,train
syn_w0_000130_mær_ᛘᚫᚱ.png,w0,130,mær,ᛘᚫᚱ,3,synth,train
syn_w0_000130_sek_iarmun_harbu_til_ᛋᛂᚴ᛬ᛁᛅᚱᛘᚢᚾ᛬ᚼᛅᚱᛒᚢ᛬ᛏᛁᛚ.png,w0,130,sek iarmun harbu til,ᛋᛂᚴ᛬ᛁᛅᚱᛘᚢᚾ᛬ᚼᛅᚱᛒᚢ᛬ᛏᛁᛚ,17,synth,train
syn_w0_000130_suinuk_stin_nasi_ᛋᚢᛁᚾᚢᚴ᛬ᛋᛏᛁᚾ᛬ᚾᛅᛋᛁ.png,w0,130,suinuk stin nasi,ᛋᚢᛁᚾᚢᚴ᛬ᛋᛏᛁᚾ᛬ᚾᛅᛋᛁ,14,synth,train
syn_w0_000130_uifrþaR_sikstin_iastb_ᚢᛁᚠᚱᚦᛅᛦ᛬ᛋᛁᚴᛋᛏᛁᚾ᛬ᛁᛅᛋᛏᛒ.png,w0,130,uifrþaR sikstin iastb,ᚢᛁᚠᚱᚦᛅᛦ᛬ᛋᛁᚴᛋᛏᛁᚾ᛬ᛁᛅᛋᛏᛒ,19,synth,train
syn_w0_000130_utr_ᚢᛏᚱ.png,w0,130,utr,ᚢᛏᚱ,3,synth,train
syn_w0_000130_þorbiarn_ᚦᚮᚱᛒᛁᛅᚱᚾ.png,w0,130,þorbiarn,ᚦᚮᚱᛒᛁᛅᚱᚾ,8,synth,train
syn_w0_000130_þþþ_ᚦᚦᚦ.png,w0,130,þþþ,ᚦᚦᚦ,3,synth,train
syn_w0_000131_auab_istain_ffoca_ᛅᚢᛅᛒ᛬ᛁᛋᛏᛅᛁᚾ᛬ᚠᚠᚮᛍᛅ.png,w0,131,auab istain ffoca,ᛅᚢᛅᛒ᛬ᛁᛋᛏᛅᛁᚾ᛬ᚠᚠᚮᛍᛅ,15,synth,test
syn_w0_000131_broþor_ueha_ᛒᚱᚮᚦᚮᚱ᛬ᚢᛂᚼᛅ.png,w0,131,broþor ueha,ᛒᚱᚮᚦᚮᚱ᛬ᚢᛂᚼᛅ,10,synth,train
syn_w0_000131_fyri_ᚠᚤᚱᛁ.png,w0,131,fyri,ᚠᚤᚱᛁ,4,synth,train
syn_w0_000131_iar_tet_rþi_mak_ᛁᛅᚱ᛬ᛏᛂᛏ᛬ᚱᚦᛁ᛬ᛘᛅᚴ.png,w0,131,iar tet rþi mak,ᛁᛅᚱ᛬ᛏᛂᛏ᛬ᚱᚦᛁ᛬ᛘᛅᚴ,12,synth,train
syn_w0_000131_ira_ᛁᚱᛅ.png,w0,131,ira,ᛁᚱᛅ,3,synth,train
syn_w0_000131_kifi_inkialt_satu_ᚴᛁᚠᛁ᛬ᛁᚾᚴᛁᛅᛚᛏ᛬ᛋᛅᛏᚢ.png,w0,131,kifi inkialt satu,ᚴᛁᚠᛁ᛬ᛁᚾᚴᛁᛅᛚᛏ᛬ᛋᛅᛏᚢ,15,synth,train
syn_w0_000131_owlþuþewaz_ᚮᚹᛚᚦᚢᚦᛂᚹᛅᛎ.png,w0,131,owlþuþewaz,ᚮᚹᛚᚦᚢᚦᛂᚹᛅᛎ,10,synth,train
syn_w0_000131_þinsa_ᚦᛁᚾᛋᛅ.png,w0,131,þinsa,ᚦᛁᚾᛋᛅ,5,synth,train
syn_w0_000132_byniR_brþur_letu_faþu_ᛒᚤᚾᛁᛦ᛬ᛒᚱᚦᚢᚱ᛬ᛚᛂᛏᚢ᛬ᚠᛅᚦᚢ.png,w0,132,byniR brþur letu faþu,ᛒᚤᚾᛁᛦ᛬ᛒᚱᚦᚢᚱ᛬ᛚᛂᛏᚢ᛬ᚠᛅᚦᚢ,18,synth,train
syn_w0_000132_frmn_ᚠᚱᛘᚾ.png,w0,132,frmn,ᚠᚱᛘᚾ,4,synth,train
syn_w0_000132_hurstins_lundi_þasi_litu_ᚼᚢᚱᛋᛏᛁᚾᛋ᛬ᛚᚢᚾᛑᛁ᛬ᚦᛅᛋᛁ᛬ᛚᛁᛏᚢ.png,w0,132,hurstins lundi þasi litu,ᚼᚢᚱᛋᛏᛁᚾᛋ᛬ᛚᚢᚾᛑᛁ᛬ᚦᛅᛋᛁ᛬ᛚᛁᛏᚢ,21,synth,train
syn_w0_000132_malaþ_heR_topi_uin_ᛘᛅᛚᛅᚦ᛬ᚼᛂᛦ᛬ᛏᚮᛔᛁ᛬ᚢᛁᚾ.png,w0,132,malaþ heR topi uin,ᛘᛅᛚᛅᚦ᛬ᚼᛂᛦ᛬ᛏᚮᛔᛁ᛬ᚢᛁᚾ,15,synth,train
syn_w0_000132_risþi_ᚱᛁᛋᚦᛁ.png,w0,132,risþi,ᚱᛁᛋᚦᛁ,5,synth,train
syn_w0_000132_sen_fraykaiR_iutr_sundru_ᛋᛂᚾ᛬ᚠᚱᛅᚤᚴᛅᛁᛦ᛬ᛁᚢᛏᚱ᛬ᛋᚢᚾᛑᚱᚢ.png,w0,132,sen fraykaiR iutr sundru,ᛋᛂᚾ᛬ᚠᚱᛅᚤᚴᛅᛁᛦ᛬ᛁᚢᛏᚱ᛬ᛋᚢᚾᛑᚱᚢ,21,synth,train
syn_w0_000132_synir_ᛋᚤᚾᛁᚱ.png,w0,132,synir,ᛋᚤᚾᛁᚱ,5,synth,val
syn_w0_000132_tusta_þurk_siar_beaurn_ᛏᚢᛋᛏᛅ᛬ᚦᚢᚱᚴ᛬ᛋᛁᛅᚱ᛬ᛒᛂᛅᚢᚱᚾ.png,w0,132,tusta þurk siar beaurn,ᛏᚢᛋᛏᛅ᛬ᚦᚢᚱᚴ᛬ᛋᛁᛅᚱ᛬ᛒᛂᛅᚢᚱᚾ,19,synth,train
syn_w0_000133_arną_stanta_isa_hafe_ᛅᚱᚾᚬ᛬ᛋᛏᛅᚾᛏᛅ᛬ᛁᛋᛅ᛬ᚼᛅᚠᛂ.png,w0,133,arną stanta isa hafe,ᛅᚱᚾᚬ᛬ᛋᛏᛅᚾᛏᛅ᛬ᛁᛋᛅ᛬ᚼᛅᚠᛂ,17,synth,val
syn_w0_000133_himþigi_biþ_bhum_ᚼᛁᛘᚦᛁᚵᛁ᛬ᛒᛁᚦ᛬ᛒᚼᚢᛘ.png,w0,133,himþigi biþ bhum,ᚼᛁᛘᚦᛁᚵᛁ᛬ᛒᛁᚦ᛬ᛒᚼᚢᛘ,14,synth,train
syn_w0_000133_igul_ᛁᚵᚢᛚ.png,w0,133,igul,ᛁᚵᚢᛚ,4,synth,train
syn_w0_000133_krtto_ᚴᚱᛏᛏᚮ.png,w0,133,krtto,ᚴᚱᛏᛏᚮ,5,synth,test
syn_w0_000133_rlo_tiþita_ᚱᛚᚮ᛬ᛏᛁᚦᛁᛏᛅ.png,w0,133,rlo tiþita,ᚱᛚᚮ᛬ᛏᛁᚦᛁᛏᛅ,9,synth,train
syn_w0_000133_siolu_ᛋᛁᚮᛚᚢ.png,w0,133,siolu,ᛋᛁᚮᛚᚢ,5,synth,val
syn_w0_000133_stain_gRra_tari_auft_ᛋᛏᛅᛁᚾ᛬ᚵᛦᚱᛅ᛬ᛏᛅᚱᛁ᛬ᛅᚢᚠᛏ.png,w0,133,stain gRra tari auft,ᛋᛏᛅᛁᚾ᛬ᚵᛦᚱᛅ᛬ᛏᛅᚱᛁ᛬ᛅᚢᚠᛏ,17,synth,train
syn_w0_000133_þurkairþ_kristi_kaRþi_ᚦᚢᚱᚴᛅᛁᚱᚦ᛬ᚴᚱᛁᛋᛏᛁ᛬ᚴᛅᛦᚦᛁ.png,w0,133,þurkairþ kristi kaRþi,ᚦᚢᚱᚴᛅᛁᚱᚦ᛬ᚴᚱᛁᛋᛏᛁ᛬ᚴᛅᛦᚦᛁ,19,synth,train
syn_w0_000134_aift_ᛅᛁᚠᛏ.png,w0,134,aift,ᛅᛁᚠᛏ,4,synth,train
syn_w0_000134_aiftiR_hiak_biiþur_fadi_ᛅᛁᚠᛏᛁᛦ᛬ᚼᛁᛅᚴ᛬ᛒᛁᛁᚦᚢᚱ᛬ᚠᛅᛑᛁ.png,w0,134,aiftiR hiak biiþur fadi,ᛅᛁᚠᛏᛁᛦ᛬ᚼᛁᛅᚴ᛬ᛒᛁᛁᚦᚢᚱ᛬ᚠᛅᛑᛁ,20,synth,train
syn_w0_000134_aldra_regu_ouk_ᛅᛚᛑᚱᛅ᛬ᚱᛂᚵᚢ᛬ᚮᚢᚴ.png,w0,134,aldra regu ouk,ᛅᛚᛑᚱᛅ᛬ᚱᛂᚵᚢ᛬ᚮᚢᚴ,12,synth,train
syn_w0_000134_hakua_notom_omnes_ᚼᛅᚴᚢᛅ᛬ᚾᚮᛏᚮᛘ᛬ᚮᛘᚾᛂᛋ.png,w0,134,hakua notom omnes,ᚼᛅᚴᚢᛅ᛬ᚾᚮᛏᚮᛘ᛬ᚮᛘᚾᛂᛋ,15,synth,train
syn_w0_000134_inn_raisa_afu_þesar_ᛁᚾᚾ᛬ᚱᛅᛁᛋᛅ᛬ᛅᚠᚢ᛬ᚦᛂᛋᛅᚱ.png,w0,134,inn raisa afu þesar,ᛁᚾᚾ᛬ᚱᛅᛁᛋᛅ᛬ᛅᚠᚢ᛬ᚦᛂᛋᛅᚱ,16,synth,train
syn_w0_000134_kiþbi_þensi_sten_kufa_ᚴᛁᚦᛒᛁ᛬ᚦᛂᚾᛋᛁ᛬ᛋᛏᛂᚾ᛬ᚴᚢᚠᛅ.png,w0,134,kiþbi þensi sten kufa,ᚴᛁᚦᛒᛁ᛬ᚦᛂᚾᛋᛁ᛬ᛋᛏᛂᚾ᛬ᚴᚢᚠᛅ,18,synth,test
syn_w0_000134_kuþmutr_muþur_sino_ᚴᚢᚦᛘᚢᛏᚱ᛬ᛘᚢᚦᚢᚱ᛬ᛋᛁᚾᚮ.png,w0,134,kuþmutr muþur sino,ᚴᚢᚦᛘᚢᛏᚱ᛬ᛘᚢᚦᚢᚱ᛬ᛋᛁᚾᚮ,16,synth,train
syn_w0_000134_raisi_ᚱᛅᛁᛋᛁ.png,w0,134,raisi,ᚱᛅᛁᛋᛁ,5,synth,train
syn_w0_000135_auk_ilhiastaþum_ankia_ᛅᚢᚴ᛬ᛁᛚᚼᛁᛅᛋᛏᛅᚦᚢᛘ᛬ᛅᚾᚴᛁᛅ.png,w0,135,auk ilhiastaþum ankia,ᛅᚢᚴ᛬ᛁᛚᚼᛁᛅᛋᛏᛅᚦᚢᛘ᛬ᛅᚾᚴᛁᛅ,19,synth,train
syn_w0_000135_boþur_þnb_ansuar_þigsla_ᛒᚮᚦᚢᚱ᛬ᚦᚾᛒ᛬ᛅᚾᛋᚢᛅᚱ᛬ᚦᛁᚵᛋᛚᛅ.png,w0,135,boþur þnb ansuar þigsla,ᛒᚮᚦᚢᚱ᛬ᚦᚾᛒ᛬ᛅᚾᛋᚢᛅᚱ᛬ᚦᛁᚵᛋᛚᛅ,20,synth,train
syn_w0_000135_fuþorkhfuþorkhfuþorkhfu_ᚠᚢᚦᚮᚱᚴᚼᚠᚢᚦᚮᚱᚴᚼᚠᚢᚦᚮᚱᚴᚼᚠᚢ.png,w0,135,fuþorkhfuþorkhfuþorkhfu,ᚠᚢᚦᚮᚱᚴᚼᚠᚢᚦᚮᚱᚴᚼᚠᚢᚦᚮᚱᚴᚼᚠᚢ,23,synth,val
syn_w0_000135_haili_huiler_ræs_ᚼᛅᛁᛚᛁ᛬ᚼᚢᛁᛚᛂᚱ᛬ᚱᚫᛋ.png,w0,135,haili huiler ræs,ᚼᛅᛁᛚᛁ᛬ᚼᚢᛁᛚᛂᚱ᛬ᚱᚫᛋ,14,synth,train
syn_w0_000135_harals_brim_ᚼᛅᚱᛅᛚᛋ᛬ᛒᚱᛁᛘ.png,w0,135,harals brim,ᚼᛅᚱᛅᛚᛋ᛬ᛒᚱᛁᛘ,10,synth,train
syn_w0_000135_igaz_onunr_ᛁᚵᛅᛎ᛬ᚮᚾᚢᚾᚱ.png,w0,135,igaz onunr,ᛁᚵᛅᛎ᛬ᚮᚾᚢᚾᚱ,9,synth,train
syn_w0_000135_kuikui_bti_ᚴᚢᛁᚴᚢᛁ᛬ᛒᛏᛁ.png,w0,135,kuikui bti,ᚴᚢᛁᚴᚢᛁ᛬ᛒᛏᛁ,9,synth,train
syn_w0_000135_uþinkaur_iak_ifiu_ᚢᚦᛁᚾᚴᛅᚢᚱ᛬ᛁᛅᚴ᛬ᛁᚠᛁᚢ.png,w0,135,uþinkaur iak ifiu,ᚢᚦᛁᚾᚴᛅᚢᚱ᛬ᛁᛅᚴ᛬ᛁᚠᛁᚢ,15,synth,test
syn_w0_000136_erinmontr_ᛂᚱᛁᚾᛘᚮᚾᛏᚱ.png,w0,136,erinmontr,ᛂᚱᛁᚾᛘᚮᚾᛏᚱ,9,synth,train
syn_w0_000136_fiukati_uniþikR_ᚠᛁᚢᚴᛅᛏᛁ᛬ᚢᚾᛁᚦᛁᚴᛦ.png,w0,136,fiukati uniþikR,ᚠᛁᚢᚴᛅᛏᛁ᛬ᚢᚾᛁᚦᛁᚴᛦ,14,synth,train
syn_w0_000136_ioan_uþbirn_nas_ᛁᚮᛅᚾ᛬ᚢᚦᛒᛁᚱᚾ᛬ᚾᛅᛋ.png,w0,136,ioan uþbirn nas,ᛁᚮᛅᚾ᛬ᚢᚦᛒᛁᚱᚾ᛬ᚾᛅᛋ,13,synth,train
syn_w0_000136_karþ_ᚴᛅᚱᚦ.png,w0,136,karþ,ᚴᛅᚱᚦ,4,synth,train
syn_w0_000136_kir_noster_gus_ᚴᛁᚱ᛬ᚾᚮᛋᛏᛂᚱ᛬ᚵᚢᛋ.png,w0,136,kir noster gus,ᚴᛁᚱ᛬ᚾᚮᛋᛏᛂᚱ᛬ᚵᚢᛋ,12,synth,test
syn_w0_000136_kuþmunt_ruþur_furiR_etr_ᚴᚢᚦᛘᚢᚾᛏ᛬ᚱᚢᚦᚢᚱ᛬ᚠᚢᚱᛁᛦ᛬ᛂᛏᚱ.png,w0,136,kuþmunt ruþur furiR etr,ᚴᚢᚦᛘᚢᚾᛏ᛬ᚱᚢᚦᚢᚱ᛬ᚠᚢᚱᛁᛦ᛬ᛂᛏᚱ,20,synth,train
syn_w0_000136_skal_usti_afriþi_meum_ᛋᚴᛅᛚ᛬ᚢᛋᛏᛁ᛬ᛅᚠᚱᛁᚦᛁ᛬ᛘᛂᚢᛘ.png,w0,136,skal usti afriþi meum,ᛋᚴᛅᛚ᛬ᚢᛋᛏᛁ᛬ᛅᚠᚱᛁᚦᛁ᛬ᛘᛂᚢᛘ,18,synth,train
syn_w0_000136_suar_nistiaa_uim_mana_ᛋᚢᛅᚱ᛬ᚾᛁᛋᛏᛁᛅᛅ᛬ᚢᛁᛘ᛬ᛘᛅᚾᛅ.png,w0,136,suar nistiaa uim mana,ᛋᚢᛅᚱ᛬ᚾᛁᛋᛏᛁᛅᛅ᛬ᚢᛁᛘ᛬ᛘᛅᚾᛅ,18,synth,train
syn_w0_000137_birsu_sina_ᛒᛁᚱᛋᚢ᛬ᛋᛁᚾᛅ.png,w0,137,birsu sina,ᛒᛁᚱᛋᚢ᛬ᛋᛁᚾᛅ,9,synth,train
syn_w0_000137_faþur_lbi_iubiarn_frir_ᚠᛅᚦᚢᚱ᛬ᛚᛒᛁ᛬ᛁᚢᛒᛁᛅᚱᚾ᛬ᚠᚱᛁᚱ.png,w0,137,faþur lbi iubiarn frir,ᚠᛅᚦᚢᚱ᛬ᛚᛒᛁ᛬ᛁᚢᛒᛁᛅᚱᚾ᛬ᚠᚱᛁᚱ,19,synth,train
syn_w0_000137_hiebi_þorkh_ᚼᛁᛂᛒᛁ᛬ᚦᚮᚱᚴᚼ.png,w0,137,hiebi þorkh,ᚼᛁᛂᛒᛁ᛬ᚦᚮᚱᚴᚼ,10,synth,train
syn_w0_000137_mæþ_ᛘᚫᚦ.png,w0,137,mæþ,ᛘᚫᚦ,3,synth,train
syn_w0_000137_risa_ᚱᛁᛋᛅ.png,w0,137,risa,ᚱᛁᛋᛅ,4,synth,train
syn_w0_000137_selu_ᛋᛂᛚᚢ.png,w0,137,selu,ᛋᛂᛚᚢ,4,synth,train
syn_w0_000137_utruks_nuu_ᚢᛏᚱᚢᚴᛋ᛬ᚾᚢᚢ.png,w0,137,utruks nuu,ᚢᛏᚱᚢᚴᛋ᛬ᚾᚢᚢ,9,synth,train
syn_w0_000137_uþualtz_have_þeR_ᚢᚦᚢᛅᛚᛏᛎ᛬ᚼᛅᚡᛂ᛬ᚦᛂᛦ.png,w0,137,uþualtz have þeR,ᚢᚦᚢᛅᛚᛏᛎ᛬ᚼᛅᚡᛂ᛬ᚦᛂᛦ,14,synth,train
syn_w0_000138_han_osgiR_ᚼᛅᚾ᛬ᚮᛋᚵᛁᛦ.png,w0,138,han osgiR,ᚼᛅᚾ᛬ᚮᛋᚵᛁᛦ,8,synth,train
syn_w0_000138_ide_stin_ᛁᛑᛂ᛬ᛋᛏᛁᚾ.png,w0,138,ide stin,ᛁᛑᛂ᛬ᛋᛏᛁᚾ,7,synth,train
syn_w0_000138_kristin_simen_kilfs_ᚴᚱᛁᛋᛏᛁᚾ᛬ᛋᛁᛘᛂᚾ᛬ᚴᛁᛚᚠᛋ.png,w0,138,kristin simen kilfs,ᚴᚱᛁᛋᛏᛁᚾ᛬ᛋᛁᛘᛂᚾ᛬ᚴᛁᛚᚠᛋ,17,synth,train
syn_w0_000138_lifanti_rita_ᛚᛁᚠᛅᚾᛏᛁ᛬ᚱᛁᛏᛅ.png,w0,138,lifanti rita,ᛚᛁᚠᛅᚾᛏᛁ᛬ᚱᛁᛏᛅ,11,synth,train
syn_w0_000138_muþur_reistu_lundi_ᛘᚢᚦᚢᚱ᛬ᚱᛂᛁᛋᛏᚢ᛬ᛚᚢᚾᛑᛁ.png,w0,138,muþur reistu lundi,ᛘᚢᚦᚢᚱ᛬ᚱᛂᛁᛋᛏᚢ᛬ᛚᚢᚾᛑᛁ,16,synth,train
syn_w0_000138_ria_ᚱᛁᛅ.png,w0,138,ria,ᚱᛁᛅ,3,synth,train
syn_w0_000138_sum_þasni_ᛋᚢᛘ᛬ᚦᛅᛋᚾᛁ.png,w0,138,sum þasni,ᛋᚢᛘ᛬ᚦᛅᛋᚾᛁ,8,synth,train
syn_w0_000138_troa_sin_kris_mini_ᛏᚱᚮᛅ᛬ᛋᛁᚾ᛬ᚴᚱᛁᛋ᛬ᛘᛁᚾᛁ.png,w0,138,troa sin kris mini,ᛏᚱᚮᛅ᛬ᛋᛁᚾ᛬ᚴᚱᛁᛋ᛬ᛘᛁᚾᛁ,15,synth,train
syn_w0_000139_austr_resdu_ᛅᚢᛋᛏᚱ᛬ᚱᛂᛋᛑᚢ.png,w0,139,austr resdu,ᛅᚢᛋᛏᚱ᛬ᚱᛂᛋᛑᚢ,10,synth,train
syn_w0_000139_broþir_ᛒᚱᚮᚦᛁᚱ.png,w0,139,broþir,ᛒᚱᚮᚦᛁᚱ,6,synth,train
syn_w0_000139_ouk_ᚮᚢᚴ.png,w0,139,ouk,ᚮᚢᚴ,3,synth,test
syn_w0_000139_rani_tir_ᚱᛅᚾᛁ᛬ᛏᛁᚱ.png,w0,139,rani tir,ᚱᛅᚾᛁ᛬ᛏᛁᚱ,7,synth,train
syn_w0_000139_sikr_hiþinkair_sikbiern_rþa_ᛋᛁᚴᚱ᛬ᚼᛁᚦᛁᚾᚴᛅᛁᚱ᛬ᛋᛁᚴᛒᛁᛂᚱᚾ᛬ᚱᚦᛅ.png,w0,139,sikr hiþinkair sikbiern rþa,ᛋᛁᚴᚱ᛬ᚼᛁᚦᛁᚾᚴᛅᛁᚱ᛬ᛋᛁᚴᛒᛁᛂᚱᚾ᛬ᚱᚦᛅ,24,synth,train
syn_w0_000139_stein_ᛋᛏᛂᛁᚾ.png,w0,139,stein,ᛋᛏᛂᛁᚾ,5,synth,train
syn_w0_000139_tumisnis_yskilaim_inn_ᛏᚢᛘᛁᛋᚾᛁᛋ᛬ᚤᛋᚴᛁᛚᛅᛁᛘ᛬ᛁᚾᚾ.png,w0,139,tumisnis yskilaim inn,ᛏᚢᛘᛁᛋᚾᛁᛋ᛬ᚤᛋᚴᛁᛚᛅᛁᛘ᛬ᛁᚾᚾ,19,synth,train
syn_w0_000139_ulata_egia_þurkl_ᚢᛚᛅᛏᛅ᛬ᛂᚵᛁᛅ᛬ᚦᚢᚱᚴᛚ.png,w0,139,ulata egia þurkl,ᚢᛚᛅᛏᛅ᛬ᛂᚵᛁᛅ᛬ᚦᚢᚱᚴᛚ,14,synth,train
syn_w0_000140_aizwod_sunR_ᛅᛁᛎᚹᚮᛑ᛬ᛋᚢᚾᛦ.png,w0,140,aizwod sunR,ᛅᛁᛎᚹᚮᛑ᛬ᛋᚢᚾᛦ,10,synth,train
syn_w0_000140_brRst_uas_staina_kyna_ᛒᚱᛦᛋᛏ᛬ᚢᛅᛋ᛬ᛋᛏᛅᛁᚾᛅ᛬ᚴᚤᚾᛅ.png,w0,140,brRst uas staina kyna,ᛒᚱᛦᛋᛏ᛬ᚢᛅᛋ᛬ᛋᛏᛅᛁᚾᛅ᛬ᚴᚤᚾᛅ,18,synth,train
syn_w0_000140_kirþu_sigfast_kufa_ioh_ᚴᛁᚱᚦᚢ᛬ᛋᛁᚵᚠᛅᛋᛏ᛬ᚴᚢᚠᛅ᛬ᛁᚮᚼ.png,w0,140,kirþu sigfast kufa ioh,ᚴᛁᚱᚦᚢ᛬ᛋᛁᚵᚠᛅᛋᛏ᛬ᚴᚢᚠᛅ᛬ᛁᚮᚼ,19,synth,train
syn_w0_000140_riisti_suæn_forkun_ilu_ᚱᛁᛁᛋᛏᛁ᛬ᛋᚢᚫᚾ᛬ᚠᚮᚱᚴᚢᚾ᛬ᛁᛚᚢ.png,w0,140,riisti suæn forkun ilu,ᚱᛁᛁᛋᛏᛁ᛬ᛋᚢᚫᚾ᛬ᚠᚮᚱᚴᚢᚾ᛬ᛁᛚᚢ,19,synth,train
syn_w0_000140_roihie_ᚱᚮᛁᚼᛁᛂ.png,w0,140,roihie,ᚱᚮᛁᚼᛁᛂ,6,synth,train
syn_w0_000140_stain_ᛋᛏᛅᛁᚾ.png,w0,140,stain,ᛋᛏᛅᛁᚾ,5,synth,test
syn_w0_000140_uarþ_ᚢᛅᚱᚦ.png,w0,140,uarþ,ᚢᛅᚱᚦ,4,synth,train
syn_w0_000140_ulafR_runar_ᚢᛚᛅᚠᛦ᛬ᚱᚢᚾᛅᚱ.png,w0,140,ulafR runar,ᚢᛚᛅᚠᛦ᛬ᚱᚢᚾᛅᚱ,10,synth,train
syn_w0_000141_anta_sakse_gis_usta_ᛅᚾᛏᛅ᛬ᛋᛅᚴᛋᛂ᛬ᚵᛁᛋ᛬ᚢᛋᛏᛅ.png,w0,141,anta sakse gis usta,ᛅᚾᛏᛅ᛬ᛋᛅᚴᛋᛂ᛬ᚵᛁᛋ᛬ᚢᛋᛏᛅ,16,synth,train
syn_w0_000141_haralt_fuþ_ᚼᛅᚱᛅᛚᛏ᛬ᚠᚢᚦ.png,w0,141,haralt fuþ,ᚼᛅᚱᛅᛚᛏ᛬ᚠᚢᚦ,9,synth,train
syn_w0_000141_isifuþrlak_plæna_þansi_ᛁᛋᛁᚠᚢᚦᚱᛚᛅᚴ᛬ᛔᛚᚫᚾᛅ᛬ᚦᛅᚾᛋᛁ.png,w0,141,isifuþrlak plæna þansi,ᛁᛋᛁᚠᚢᚦᚱᛚᛅᚴ᛬ᛔᛚᚫᚾᛅ᛬ᚦᛅᚾᛋᛁ,20,synth,train
syn_w0_000141_kuþlug_ᚴᚢᚦᛚᚢᚵ.png,w0,141,kuþlug,ᚴᚢᚦᛚᚢᚵ,6,synth,train
syn_w0_000141_runa_botuiðar_kuikhan_barn_ᚱᚢᚾᛅ᛬ᛒᚮᛏᚢᛁᚧᛅᚱ᛬ᚴᚢᛁᚴᚼᛅᚾ᛬ᛒᛅᚱᚾ.png,w0,141,runa botuiðar kuikhan barn,ᚱᚢᚾᛅ᛬ᛒᚮᛏᚢᛁᚧᛅᚱ᛬ᚴᚢᛁᚴᚼᛅᚾ᛬ᛒᛅᚱᚾ,23,synth,train
syn_w0_000141_stin_buki_ᛋᛏᛁᚾ᛬ᛒᚢᚴᛁ.png,w0,141,stin buki,ᛋᛏᛁᚾ᛬ᛒᚢᚴᛁ,8,synth,train
syn_w0_000141_þasi_þkuþr_sRti_ᚦᛅᛋᛁ᛬ᚦᚴᚢᚦᚱ᛬ᛋᛦᛏᛁ.png,w0,141,þasi þkuþr sRti,ᚦᛅᛋᛁ᛬ᚦᚴᚢᚦᚱ᛬ᛋᛦᛏᛁ,13,synth,train
syn_w0_000141_þinn_ulfr_bot_alfkautr_ᚦᛁᚾᚾ᛬ᚢᛚᚠᚱ᛬ᛒᚮᛏ᛬ᛅᛚᚠᚴᛅᚢᛏᚱ.png,w0,141,þinn ulfr bot alfkautr,ᚦᛁᚾᚾ᛬ᚢᛚᚠᚱ᛬ᛒᚮᛏ᛬ᛅᛚᚠᚴᛅᚢᛏᚱ,19,synth,val
syn_w0_000142_asr_stin_ᛅᛋᚱ᛬ᛋᛏᛁᚾ.png,w0,142,asr stin,ᛅᛋᚱ᛬ᛋᛏᛁᚾ,7,synth,train
syn_w0_000142_hilfniki_uia_ᚼᛁᛚᚠᚾᛁᚴᛁ᛬ᚢᛁᛅ.png,w0,142,hilfniki uia,ᚼᛁᛚᚠᚾᛁᚴᛁ᛬ᚢᛁᛅ,11,synth,train
syn_w0_000142_iafur_uiþulf_hrafn_ᛁᛅᚠᚢᚱ᛬ᚢᛁᚦᚢᛚᚠ᛬ᚼᚱᛅᚠᚾ.png,w0,142,iafur uiþulf hrafn,ᛁᛅᚠᚢᚱ᛬ᚢᛁᚦᚢᛚᚠ᛬ᚼᚱᛅᚠᚾ,16,synth,train
syn_w0_000142_iftiR_ᛁᚠᛏᛁᛦ.png,w0,142,iftiR,ᛁᚠᛏᛁᛦ,5,synth,train
syn_w0_000142_omnis_raisþu_ᚮᛘᚾᛁᛋ᛬ᚱᛅᛁᛋᚦᚢ.png,w0,142,omnis raisþu,ᚮᛘᚾᛁᛋ᛬ᚱᛅᛁᛋᚦᚢ,11,synth,train
syn_w0_000142_orekiu_kuikui_þins_kirikiu_ᚮᚱᛂᚴᛁᚢ᛬ᚴᚢᛁᚴᚢᛁ᛬ᚦᛁᚾᛋ᛬ᚴᛁᚱᛁᚴᛁᚢ.png,w0,142,orekiu kuikui þins kirikiu,ᚮᚱᛂᚴᛁᚢ᛬ᚴᚢᛁᚴᚢᛁ᛬ᚦᛁᚾᛋ᛬ᚴᛁᚱᛁᚴᛁᚢ,23,synth,test
syn_w0_000142_uos_isar_ᚢᚮᛋ᛬ᛁᛋᛅᚱ.png,w0,142,uos isar,ᚢᚮᛋ᛬ᛁᛋᛅᚱ,7,synth,train
syn_w0_000142_uristu_kumytr_semni_ᚢᚱᛁᛋᛏᚢ᛬ᚴᚢᛘᚤᛏᚱ᛬ᛋᛂᛘᚾᛁ.png,w0,142,uristu kumytr semni,ᚢᚱᛁᛋᛏᚢ᛬ᚴᚢᛘᚤᛏᚱ᛬ᛋᛂᛘᚾᛁ,17,synth,train
syn_w0_000143_him_sin_ᚼᛁᛘ᛬ᛋᛁᚾ.png,w0,143,him sin,ᚼᛁᛘ᛬ᛋᛁᚾ,6,synth,train
syn_w0_000143_istai_fuþorkhnias_ᛁᛋᛏᛅᛁ᛬ᚠᚢᚦᚮᚱᚴᚼᚾᛁᛅᛋ.png,w0,143,istai fuþorkhnias,ᛁᛋᛏᛅᛁ᛬ᚠᚢᚦᚮᚱᚴᚼᚾᛁᛅᛋ,16,synth,train
syn_w0_000143_magistæ_raiþu_beiær_þina_ᛘᛅᚵᛁᛋᛏᚫ᛬ᚱᛅᛁᚦᚢ᛬ᛒᛂᛁᚫᚱ᛬ᚦᛁᚾᛅ.png,w0,143,magistæ raiþu beiær þina,ᛘᛅᚵᛁᛋᛏᚫ᛬ᚱᛅᛁᚦᚢ᛬ᛒᛂᛁᚫᚱ᛬ᚦᛁᚾᛅ,21,synth,train
syn_w0_000143_merki_ᛘᛂᚱᚴᛁ.png,w0,143,merki,ᛘᛂᚱᚴᛁ,5,synth,train
syn_w0_000143_niujil_ristr_ola_ᚾᛁᚢᛃᛁᛚ᛬ᚱᛁᛋᛏᚱ᛬ᚮᛚᛅ.png,w0,143,niujil ristr ola,ᚾᛁᚢᛃᛁᛚ᛬ᚱᛁᛋᛏᚱ᛬ᚮᛚᛅ,14,synth,train
syn_w0_000143_sihurþr_kuþuiR_ᛋᛁᚼᚢᚱᚦᚱ᛬ᚴᚢᚦᚢᛁᛦ.png,w0,143,sihurþr kuþuiR,ᛋᛁᚼᚢᚱᚦᚱ᛬ᚴᚢᚦᚢᛁᛦ,13,synth,train
syn_w0_000143_sin_faþur_namn_kriuriþon_ᛋᛁᚾ᛬ᚠᛅᚦᚢᚱ᛬ᚾᛅᛘᚾ᛬ᚴᚱᛁᚢᚱᛁᚦᚮᚾ.png,w0,143,sin faþur namn kriuriþon,ᛋᛁᚾ᛬ᚠᛅᚦᚢᚱ᛬ᚾᛅᛘᚾ᛬ᚴᚱᛁᚢᚱᛁᚦᚮᚾ,21,synth,train
syn_w0_000143_þin_iuf_ita_roþfos_ᚦᛁᚾ᛬ᛁᚢᚠ᛬ᛁᛏᛅ᛬ᚱᚮᚦᚠᚮᛋ.png,w0,143,þin iuf ita roþfos,ᚦᛁᚾ᛬ᛁᚢᚠ᛬ᛁᛏᛅ᛬ᚱᚮᚦᚠᚮᛋ,15,synth,train
syn_w0_000144_abtiR_ᛅᛒᛏᛁᛦ.png,w0,144,abtiR,ᛅᛒᛏᛁᛦ,5,synth,train
syn_w0_000144_austmoþ_ᛅᚢᛋᛏᛘᚮᚦ.png,w0,144,austmoþ,ᛅᚢᛋᛏᛘᚮᚦ,7,synth,test
syn_w0_000144_faþur_ᚠᛅᚦᚢᚱ.png,w0,144,faþur,ᚠᛅᚦᚢᚱ,5,synth,train
syn_w0_000144_kiluk_baþ_ᚴᛁᛚᚢᚴ᛬ᛒᛅᚦ.png,w0,144,kiluk baþ,ᚴᛁᛚᚢᚴ᛬ᛒᛅᚦ,8,synth,train
syn_w0_000144_notom_burn_seref_betra_ᚾᚮᛏᚮᛘ᛬ᛒᚢᚱᚾ᛬ᛋᛂᚱᛂᚠ᛬ᛒᛂᛏᚱᛅ.png,w0,144,notom burn seref betra,ᚾᚮᛏᚮᛘ᛬ᛒᚢᚱᚾ᛬ᛋᛂᚱᛂᚠ᛬ᛒᛂᛏᚱᛅ,19,synth,train
syn_w0_000144_oraba_lit_hulmfastar_ᚮᚱᛅᛒᛅ᛬ᛚᛁᛏ᛬ᚼᚢᛚᛘᚠᛅᛋᛏᛅᚱ.png,w0,144,oraba lit hulmfastar,ᚮᚱᛅᛒᛅ᛬ᛚᛁᛏ᛬ᚼᚢᛚᛘᚠᛅᛋᛏᛅᚱ,18,synth,train
syn_w0_000144_rgils_ᚱᚵᛁᛚᛋ.png,w0,144,rgils,ᚱᚵᛁᛚᛋ,5,synth,train
syn_w0_000144_tauþr_auk_ᛏᛅᚢᚦᚱ᛬ᛅᚢᚴ.png,w0,144,tauþr auk,ᛏᛅᚢᚦᚱ᛬ᛅᚢᚴ,8,synth,train
syn_w0_000145_alhi_ytiR_ᛅᛚᚼᛁ᛬ᚤᛏᛁᛦ.png,w0,145,alhi ytiR,ᛅᛚᚼᛁ᛬ᚤᛏᛁᛦ,8,synth,train
syn_w0_000145_brmR_kuþlauh_aaeiokR_stein_ᛒᚱᛘᛦ᛬ᚴᚢᚦᛚᛅᚢᚼ᛬ᛅᛅᛂᛁᚮᚴᛦ᛬ᛋᛏᛂᛁᚾ.png,w0,145,brmR kuþlauh aaeiokR stein,ᛒᚱᛘᛦ᛬ᚴᚢᚦᛚᛅᚢᚼ᛬ᛅᛅᛂᛁᚮᚴᛦ᛬ᛋᛏᛂᛁᚾ,23,synth,train
syn_w0_000145_eft_eelil_ᛂᚠᛏ᛬ᛂᛂᛚᛁᛚ.png,w0,145,eft eelil,ᛂᚠᛏ᛬ᛂᛂᛚᛁᛚ,8,synth,train
syn_w0_000145_giara_kuþmut_fur_ᚵᛁᛅᚱᛅ᛬ᚴᚢᚦᛘᚢᛏ᛬ᚠᚢᚱ.png,w0,145,giara kuþmut fur,ᚵᛁᛅᚱᛅ᛬ᚴᚢᚦᛘᚢᛏ᛬ᚠᚢᚱ,14,synth,train
syn_w0_000145_hrþa_ᚼᚱᚦᛅ.png,w0,145,hrþa,ᚼᚱᚦᛅ,4,synth,train
syn_w0_000145_kkiR_rantr_ᚴᚴᛁᛦ᛬ᚱᛅᚾᛏᚱ.png,w0,145,kkiR rantr,ᚴᚴᛁᛦ᛬ᚱᛅᚾᛏᚱ,9,synth,train
syn_w0_000145_mulieribus_iklot_bnu_ᛘᚢᛚᛁᛂᚱᛁᛒᚢᛋ᛬ᛁᚴᛚᚮᛏ᛬ᛒᚾᚢ.png,w0,145,mulieribus iklot bnu,ᛘᚢᛚᛁᛂᚱᛁᛒᚢᛋ᛬ᛁᚴᛚᚮᛏ᛬ᛒᚾᚢ,18,synth,train
syn_w0_000145_riste_kala_hiabi_fuþo_ᚱᛁᛋᛏᛂ᛬ᚴᛅᛚᛅ᛬ᚼᛁᛅᛒᛁ᛬ᚠᚢᚦᚮ.png,w0,145,riste kala hiabi fuþo,ᚱᛁᛋᛏᛂ᛬ᚴᛅᛚᛅ᛬ᚼᛁᛅᛒᛁ᛬ᚠᚢᚦᚮ,18,synth,train
syn_w0_000146_atr_ᛅᛏᚱ.png,w0,146,atr,ᛅᛏᚱ,3,synth,train
syn_w0_000146_finku_bruþr_llum_ᚠᛁᚾᚴᚢ᛬ᛒᚱᚢᚦᚱ᛬ᛚᛚᚢᛘ.png,w0,146,finku bruþr llum,ᚠᛁᚾᚴᚢ᛬ᛒᚱᚢᚦᚱ᛬ᛚᛚᚢᛘ,14,synth,train
syn_w0_000146_fuluki_þuriR_ᚠᚢᛚᚢᚴᛁ᛬ᚦᚢᚱᛁᛦ.png,w0,146,fuluki þuriR,ᚠᚢᛚᚢᚴᛁ᛬ᚦᚢᚱᛁᛦ,11,synth,train
syn_w0_000146_kuna_saR_ᚴᚢᚾᛅ᛬ᛋᛅᛦ.png,w0,146,kuna saR,ᚴᚢᚾᛅ᛬ᛋᛅᛦ,7,synth,train
syn_w0_000146_manat_igialtr_iftir_ᛘᛅᚾᛅᛏ᛬ᛁᚵᛁᛅᛚᛏᚱ᛬ᛁᚠᛏᛁᚱ.png,w0,146,manat igialtr iftir,ᛘᛅᚾᛅᛏ᛬ᛁᚵᛁᛅᛚᛏᚱ᛬ᛁᚠᛏᛁᚱ,17,synth,train
syn_w0_000146_omni_ᚮᛘᚾᛁ.png,w0,146,omni,ᚮᛘᚾᛁ,4,synth,train
syn_w0_000146_totur_ais_ola_ᛏᚮᛏᚢᚱ᛬ᛅᛁᛋ᛬ᚮᛚᛅ.png,w0,146,totur ais ola,ᛏᚮᛏᚢᚱ᛬ᛅᛁᛋ᛬ᚮᛚᛅ,11,synth,train
syn_w0_000146_uulfR_mæla_sahsi_hiak_ᚢᚢᛚᚠᛦ᛬ᛘᚫᛚᛅ᛬ᛋᛅᚼᛋᛁ᛬ᚼᛁᛅᚴ.png,w0,146,uulfR mæla sahsi hiak,ᚢᚢᛚᚠᛦ᛬ᛘᚫᛚᛅ᛬ᛋᛅᚼᛋᛁ᛬ᚼᛁᛅᚴ,18,synth,train
syn_w0_000147_abtiR_heli_arfa_ᛅᛒᛏᛁᛦ᛬ᚼᛂᛚᛁ᛬ᛅᚱᚠᛅ.png,w0,147,abtiR heli arfa,ᛅᛒᛏᛁᛦ᛬ᚼᛂᛚᛁ᛬ᛅᚱᚠᛅ,13,synth,train
syn_w0_000147_auk_staena_kristin_karluk_ᛅᚢᚴ᛬ᛋᛏᛅᛂᚾᛅ᛬ᚴᚱᛁᛋᛏᛁᚾ᛬ᚴᛅᚱᛚᚢᚴ.png,w0,147,auk staena kristin karluk,ᛅᚢᚴ᛬ᛋᛏᛅᛂᚾᛅ᛬ᚴᚱᛁᛋᛏᛁᚾ᛬ᚴᛅᚱᛚᚢᚴ,22,synth,train
syn_w0_000147_bol_æina_asbun_tauþeR_ᛒᚮᛚ᛬ᚫᛁᚾᛅ᛬ᛅᛋᛒᚢᚾ᛬ᛏᛅᚢᚦᛂᛦ.png,w0,147,bol æina asbun tauþeR,ᛒᚮᛚ᛬ᚫᛁᚾᛅ᛬ᛅᛋᛒᚢᚾ᛬ᛏᛅᚢᚦᛂᛦ,18,synth,train
syn_w0_000147_kunar_tibi_ᚴᚢᚾᛅᚱ᛬ᛏᛁᛒᛁ.png,w0,147,kunar tibi,ᚴᚢᚾᛅᚱ᛬ᛏᛁᛒᛁ,9,synth,train
syn_w0_000147_kuþfastaR_broþær_iulfast_botfosar_ᚴᚢᚦᚠᛅᛋᛏᛅᛦ᛬ᛒᚱᚮᚦᚫᚱ᛬ᛁᚢᛚᚠᛅᛋᛏ᛬ᛒᚮᛏᚠᚮᛋᛅᚱ.png,w0,147,kuþfastaR broþær iulfast botfosar,ᚴᚢᚦᚠᛅᛋᛏᛅᛦ᛬ᛒᚱᚮᚦᚫᚱ᛬ᛁᚢᛚᚠᛅᛋᛏ᛬ᛒᚮᛏᚠᚮᛋᛅᚱ,30,synth,train
syn_w0_000147_sin_kitilmut_ᛋᛁᚾ᛬ᚴᛁᛏᛁᛚᛘᚢᛏ.png,w0,147,sin kitilmut,ᛋᛁᚾ᛬ᚴᛁᛏᛁᛚᛘᚢᛏ,11,synth,train
syn_w0_000147_sueinu_nikulasa_tusa_uikikr_ᛋᚢᛂᛁᚾᚢ᛬ᚾᛁᚴᚢᛚᛅᛋᛅ᛬ᛏᚢᛋᛅ᛬ᚢᛁᚴᛁᚴᚱ.png,w0,147,sueinu nikulasa tusa uikikr,ᛋᚢᛂᛁᚾᚢ᛬ᚾᛁᚴᚢᛚᛅᛋᛅ᛬ᛏᚢᛋᛅ᛬ᚢᛁᚴᛁᚴᚱ,24,synth,train
syn_w0_000147_umla_ihbtmsr_ᚢᛘᛚᛅ᛬ᛁᚼᛒᛏᛘᛋᚱ.png,w0,147,umla ihbtmsr,ᚢᛘᛚᛅ᛬ᛁᚼᛒᛏᛘᛋᚱ,11,synth,train
syn_w0_000148_broþur_saen_sun_hain_ᛒᚱᚮᚦᚢᚱ᛬ᛋᛅᛂᚾ᛬ᛋᚢᚾ᛬ᚼᛅᛁᚾ.png,w0,148,broþur saen sun hain,ᛒᚱᚮᚦᚢᚱ᛬ᛋᛅᛂᚾ᛬ᛋᚢᚾ᛬ᚼᛅᛁᚾ,17,synth,train
syn_w0_000148_gortan_þins_ᚵᚮᚱᛏᛅᚾ᛬ᚦᛁᚾᛋ.png,w0,148,gortan þins,ᚵᚮᚱᛏᛅᚾ᛬ᚦᛁᚾᛋ,10,synth,test
syn_w0_000148_hakstain_ᚼᛅᚴᛋᛏᛅᛁᚾ.png,w0,148,hakstain,ᚼᛅᚴᛋᛏᛅᛁᚾ,8,synth,train
syn_w0_000148_hakua_raisþu_ᚼᛅᚴᚢᛅ᛬ᚱᛅᛁᛋᚦᚢ.png,w0,148,hakua raisþu,ᚼᛅᚴᚢᛅ᛬ᚱᛅᛁᛋᚦᚢ,11,synth,train
syn_w0_000148_mantr_ᛘᛅᚾᛏᚱ.png,w0,148,mantr,ᛘᛅᚾᛏᚱ,5,synth,train
syn_w0_000148_riþ_þuri_ᚱᛁᚦ᛬ᚦᚢᚱᛁ.png,w0,148,riþ þuri,ᚱᛁᚦ᛬ᚦᚢᚱᛁ,7,synth,train
syn_w0_000148_þiauburi_ᚦᛁᛅᚢᛒᚢᚱᛁ.png,w0,148,þiauburi,ᚦᛁᛅᚢᛒᚢᚱᛁ,8,synth,train
syn_w0_000148_þina_stain_ᚦᛁᚾᛅ᛬ᛋᛏᛅᛁᚾ.png,w0,148,þina stain,ᚦᛁᚾᛅ᛬ᛋᛏᛅᛁᚾ,9,synth,train
syn_w0_000149_fastlau_ᚠᛅᛋᛏᛚᛅᚢ.png,w0,149,fastlau,ᚠᛅᛋᛏᛚᛅᚢ,7,synth,train
syn_w0_000149_furþi_til_bitr_ᚠᚢᚱᚦᛁ᛬ᛏᛁᛚ᛬ᛒᛁᛏᚱ.png,w0,149,furþi til bitr,ᚠᚢᚱᚦᛁ᛬ᛏᛁᛚ᛬ᛒᛁᛏᚱ,12,synth,train
syn_w0_000149_iftR_onutar_bruþ_ᛁᚠᛏᛦ᛬ᚮᚾᚢᛏᛅᚱ᛬ᛒᚱᚢᚦ.png,w0,149,iftR onutar bruþ,ᛁᚠᛏᛦ᛬ᚮᚾᚢᛏᛅᚱ᛬ᛒᚱᚢᚦ,14,synth,train
syn_w0_000149_ima_ᛁᛘᛅ.png,w0,149,ima,ᛁᛘᛅ,3,synth,train
syn_w0_000149_rnsto_ola_auþulfr_raisa_ᚱᚾᛋᛏᚮ᛬ᚮᛚᛅ᛬ᛅᚢᚦᚢᛚᚠᚱ᛬ᚱᛅᛁᛋᛅ.png,w0,149,rnsto ola auþulfr raisa,ᚱᚾᛋᛏᚮ᛬ᚮᛚᛅ᛬ᛅᚢᚦᚢᛚᚠᚱ᛬ᚱᛅᛁᛋᛅ,20,synth,train
syn_w0_000149_rua_guþlif_arfa_hiar_ᚱᚢᛅ᛬ᚵᚢᚦᛚᛁᚠ᛬ᛅᚱᚠᛅ᛬ᚼᛁᛅᚱ.png,w0,149,rua guþlif arfa hiar,ᚱᚢᛅ᛬ᚵᚢᚦᛚᛁᚠ᛬ᛅᚱᚠᛅ᛬ᚼᛁᛅᚱ,17,synth,train
syn_w0_000149_sunuR_ᛋᚢᚾᚢᛦ.png,w0,149,sunuR,ᛋᚢᚾᚢᛦ,5,synth,train
syn_w0_000149_tutir_þiusti_iohai_ᛏᚢᛏᛁᚱ᛬ᚦᛁᚢᛋᛏᛁ᛬ᛁᚮᚼᛅᛁ.png,w0,149,tutir þiusti iohai,ᛏᚢᛏᛁᚱ᛬ᚦᛁᚢᛋᛏᛁ᛬ᛁᚮᚼᛅᛁ,16,synth,train
syn_w0_000150_amen_dan_stin_ᛅᛘᛂᚾ᛬ᛑᛅᚾ᛬ᛋᛏᛁᚾ.png,w0,150,amen dan stin,ᛅᛘᛂᚾ᛬ᛑᛅᚾ᛬ᛋᛏᛁᚾ,11,synth,val
syn_w0_000150_raisa_iluhi_ᚱᛅᛁᛋᛅ᛬ᛁᛚᚢᚼᛁ.png,w0,150,raisa iluhi,ᚱᛅᛁᛋᛅ᛬ᛁᛚᚢᚼᛁ,10,synth,train
syn_w0_000150_raisþu_sirun_ᚱᛅᛁᛋᚦᚢ᛬ᛋᛁᚱᚢᚾ.png,w0,150,raisþu sirun,ᚱᛅᛁᛋᚦᚢ᛬ᛋᛁᚱᚢᚾ,11,synth,train
syn_w0_000150_rui_ᚱᚢᛁ.png,w0,150,rui,ᚱᚢᛁ,3,synth,train
syn_w0_000150_sin_man_hanarst_ᛋᛁᚾ᛬ᛘᛅᚾ᛬ᚼᛅᚾᛅᚱᛋᛏ.png,w0,150,sin man hanarst,ᛋᛁᚾ᛬ᛘᛅᚾ᛬ᚼᛅᚾᛅᚱᛋᛏ,13,synth,train
syn_w0_000150_sunaR_sial_ᛋᚢᚾᛅᛦ᛬ᛋᛁᛅᛚ.png,w0,150,sunaR sial,ᛋᚢᚾᛅᛦ᛬ᛋᛁᛅᛚ,9,synth,test
syn_w0_000150_una_reng_ᚢᚾᛅ᛬ᚱᛂᚾᚵ.png,w0,150,una reng,ᚢᚾᛅ᛬ᚱᛂᚾᚵ,7,synth,train
syn_w0_000151_hulmk_bofriþr_þaki_ᚼᚢᛚᛘᚴ᛬ᛒᚮᚠᚱᛁᚦᚱ᛬ᚦᛅᚴᛁ.png,w0,151,hulmk bofriþr þaki,ᚼᚢᛚᛘᚴ᛬ᛒᚮᚠᚱᛁᚦᚱ᛬ᚦᛅᚴᛁ,16,synth,train
syn_w0_000151_ianda_ᛁᛅᚾᛑᛅ.png,w0,151,ianda,ᛁᛅᚾᛑᛅ,5,synth,train
syn_w0_000151_krusa_ᚴᚱᚢᛋᛅ.png,w0,151,krusa,ᚴᚱᚢᛋᛅ,5,synth,train
syn_w0_000151_kuþan_baptistam_raknfast_burti_ᚴᚢᚦᛅᚾ᛬ᛒᛅᛔᛏᛁᛋᛏᛅᛘ᛬ᚱᛅᚴᚾᚠᛅᛋᛏ᛬ᛒᚢᚱᛏᛁ.png,w0,151,kuþan baptistam raknfast burti,ᚴᚢᚦᛅᚾ᛬ᛒᛅᛔᛏᛁᛋᛏᛅᛘ᛬ᚱᛅᚴᚾᚠᛅᛋᛏ᛬ᛒᚢᚱᛏᛁ,27,synth,train
syn_w0_000151_sifa_yftiR_norþrgarþum_ᛋᛁᚠᛅ᛬ᚤᚠᛏᛁᛦ᛬ᚾᚮᚱᚦᚱᚵᛅᚱᚦᚢᛘ.png,w0,151,sifa yftiR norþrgarþum,ᛋᛁᚠᛅ᛬ᚤᚠᛏᛁᛦ᛬ᚾᚮᚱᚦᚱᚵᛅᚱᚦᚢᛘ,20,synth,train
syn_w0_000151_ufag_ᚢᚠᛅᚵ.png,w0,151,ufag,ᚢᚠᛅᚵ,4,synth,train
syn_w0_000151_utr_aliR_ᚢᛏᚱ᛬ᛅᛚᛁᛦ.png,w0,151,utr aliR,ᚢᛏᚱ᛬ᛅᛚᛁᛦ,7,synth,train
syn_w0_000152_hialb_kristus_bonta_sunir_ᚼᛁᛅᛚᛒ᛬ᚴᚱᛁᛋᛏᚢᛋ᛬ᛒᚮᚾᛏᛅ᛬ᛋᚢᚾᛁᚱ.png,w0,152,hialb kristus bonta sunir,ᚼᛁᛅᛚᛒ᛬ᚴᚱᛁᛋᛏᚢᛋ᛬ᛒᚮᚾᛏᛅ᛬ᛋᚢᚾᛁᚱ,22,synth,train
syn_w0_000152_kuþfast_uri_ᚴᚢᚦᚠᛅᛋᛏ᛬ᚢᚱᛁ.png,w0,152,kuþfast uri,ᚴᚢᚦᚠᛅᛋᛏ᛬ᚢᚱᛁ,10,synth,train
syn_w0_000152_liku_otu_uallet_lin_ᛚᛁᚴᚢ᛬ᚮᛏᚢ᛬ᚢᛅᛚᛚᛂᛏ᛬ᛚᛁᚾ.png,w0,152,liku otu uallet lin,ᛚᛁᚴᚢ᛬ᚮᛏᚢ᛬ᚢᛅᛚᛚᛂᛏ᛬ᛚᛁᚾ,16,synth,train
syn_w0_000152_rita_arþ_ᚱᛁᛏᛅ᛬ᛅᚱᚦ.png,w0,152,rita arþ,ᚱᛁᛏᛅ᛬ᛅᚱᚦ,7,synth,train
syn_w0_000152_ritneþiisi_ranæih_ᚱᛁᛏᚾᛂᚦᛁᛁᛋᛁ᛬ᚱᛅᚾᚫᛁᚼ.png,w0,152,ritneþiisi ranæih,ᚱᛁᛏᚾᛂᚦᛁᛁᛋᛁ᛬ᚱᛅᚾᚫᛁᚼ,16,synth,train
syn_w0_000152_stin_suain_sikrif_ritusancti_ᛋᛏᛁᚾ᛬ᛋᚢᛅᛁᚾ᛬ᛋᛁᚴᚱᛁᚠ᛬ᚱᛁᛏᚢᛋᛅᚾᛍᛏᛁ.png,w0,152,stin suain sikrif ritusancti,ᛋᛏᛁᚾ᛬ᛋᚢᛅᛁᚾ᛬ᛋᛁᚴᚱᛁᚠ᛬ᚱᛁᛏᚢᛋᛅᚾᛍᛏᛁ,25,synth,train
syn_w0_000152_stokum_lit_þorstin_uþnki_ᛋᛏᚮᚴᚢᛘ᛬ᛚᛁᛏ᛬ᚦᚮᚱᛋᛏᛁᚾ᛬ᚢᚦᚾᚴᛁ.png,w0,152,stokum lit þorstin uþnki,ᛋᛏᚮᚴᚢᛘ᛬ᛚᛁᛏ᛬ᚦᚮᚱᛋᛏᛁᚾ᛬ᚢᚦᚾᚴᛁ,21,synth,train
syn_w0_000153_ful_ᚠᚢᛚ.png,w0,153,ful,ᚠᚢᛚ,3,synth,train
syn_w0_000153_kafu_aruar_ᚴᛅᚠᚢ᛬ᛅᚱᚢᛅᚱ.png,w0,153,kafu aruar,ᚴᛅᚠᚢ᛬ᛅᚱᚢᛅᚱ,9,synth,train
syn_w0_000153_lhit_kuþan_sin_ᛚᚼᛁᛏ᛬ᚴᚢᚦᛅᚾ᛬ᛋᛁᚾ.png,w0,153,lhit kuþan sin,ᛚᚼᛁᛏ᛬ᚴᚢᚦᛅᚾ᛬ᛋᛁᚾ,12,synth,train
syn_w0_000153_lit_raki_moþir_itu_ᛚᛁᛏ᛬ᚱᛅᚴᛁ᛬ᛘᚮᚦᛁᚱ᛬ᛁᛏᚢ.png,w0,153,lit raki moþir itu,ᛚᛁᛏ᛬ᚱᛅᚴᛁ᛬ᛘᚮᚦᛁᚱ᛬ᛁᛏᚢ,15,synth,train
syn_w0_000153_loka_ᛚᚮᚴᛅ.png,w0,153,loka,ᛚᚮᚴᛅ,4,synth,test
syn_w0_000153_uat_gils_ᚢᛅᛏ᛬ᚵᛁᛚᛋ.png,w0,153,uat gils,ᚢᛅᛏ᛬ᚵᛁᛚᛋ,7,synth,train
syn_w0_000153_þuraaR_ᚦᚢᚱᛅᛅᛦ.png,w0,153,þuraaR,ᚦᚢᚱᛅᛅᛦ,6,synth,train
syn_w0_000154_ainu_ᛅᛁᚾᚢ.png,w0,154,ainu,ᛅᛁᚾᚢ,4,synth,train
syn_w0_000154_harals_bus_ᚼᛅᚱᛅᛚᛋ᛬ᛒᚢᛋ.png,w0,154,harals bus,ᚼᛅᚱᛅᛚᛋ᛬ᛒᚢᛋ,9,synth,train
syn_w0_000154_maria_ᛘᛅᚱᛁᛅ.png,w0,154,maria,ᛘᛅᚱᛁᛅ,5,synth,train
syn_w0_000154_rotne_lafranz_lit_ᚱᚮᛏᚾᛂ᛬ᛚᛅᚠᚱᛅᚾᛎ᛬ᛚᛁᛏ.png,w0,154,rotne lafranz lit,ᚱᚮᛏᚾᛂ᛬ᛚᛅᚠᚱᛅᚾᛎ᛬ᛚᛁᛏ,15,synth,train
syn_w0_000154_sta_lata_uRhtafr_abe_ᛋᛏᛅ᛬ᛚᛅᛏᛅ᛬ᚢᛦᚼᛏᛅᚠᚱ᛬ᛅᛒᛂ.png,w0,154,sta lata uRhtafr abe,ᛋᛏᛅ᛬ᛚᛅᛏᛅ᛬ᚢᛦᚼᛏᛅᚠᚱ᛬ᛅᛒᛂ,17,synth,train
syn_w0_000154_sten_ukþ_iaRk_ᛋᛏᛂᚾ᛬ᚢᚴᚦ᛬ᛁᛅᛦᚴ.png,w0,154,sten ukþ iaRk,ᛋᛏᛂᚾ᛬ᚢᚴᚦ᛬ᛁᛅᛦᚴ,11,synth,train
syn_w0_000154_þurst_suins_tutiR_ᚦᚢᚱᛋᛏ᛬ᛋᚢᛁᚾᛋ᛬ᛏᚢᛏᛁᛦ.png,w0,154,þurst suins tutiR,ᚦᚢᚱᛋᛏ᛬ᛋᚢᛁᚾᛋ᛬ᛏᚢᛏᛁᛦ,15,synth,train
syn_w0_000155_asa_manat_ᛅᛋᛅ᛬ᛘᛅᚾᛅᛏ.png,w0,155,asa manat,ᛅᛋᛅ᛬ᛘᛅᚾᛅᛏ,8,synth,train
syn_w0_000155_faþur_siþ_butfus_ᚠᛅᚦᚢᚱ᛬ᛋᛁᚦ᛬ᛒᚢᛏᚠᚢᛋ.png,w0,155,faþur siþ butfus,ᚠᛅᚦᚢᚱ᛬ᛋᛁᚦ᛬ᛒᚢᛏᚠᚢᛋ,14,synth,train
syn_w0_000155_menr_aiRielmR_bruþur_ᛘᛂᚾᚱ᛬ᛅᛁᛦᛁᛂᛚᛘᛦ᛬ᛒᚱᚢᚦᚢᚱ.png,w0,155,menr aiRielmR bruþur,ᛘᛂᚾᚱ᛬ᛅᛁᛦᛁᛂᛚᛘᛦ᛬ᛒᚱᚢᚦᚢᚱ,18,synth,train
syn_w0_000155_mina_ᛘᛁᚾᛅ.png,w0,155,mina,ᛘᛁᚾᛅ,4,synth,train
syn_w0_000155_nar_ᚾᛅᚱ.png,w0,155,nar,ᚾᛅᚱ,3,synth,train
syn_w0_000155_rik_ronum_kuþan_þurþaR_ᚱᛁᚴ᛬ᚱᚮᚾᚢᛘ᛬ᚴᚢᚦᛅᚾ᛬ᚦᚢᚱᚦᛅᛦ.png,w0,155,rik ronum kuþan þurþaR,ᚱᛁᚴ᛬ᚱᚮᚾᚢᛘ᛬ᚴᚢᚦᛅᚾ᛬ᚦᚢᚱᚦᛅᛦ,19,synth,train
syn_w0_000155_srnes_liki_yfti_ᛋᚱᚾᛂᛋ᛬ᛚᛁᚴᛁ᛬ᚤᚠᛏᛁ.png,w0,155,srnes liki yfti,ᛋᚱᚾᛂᛋ᛬ᛚᛁᚴᛁ᛬ᚤᚠᛏᛁ,13,synth,train
syn_w0_000156_allum_hskis_ufþ_ᛅᛚᛚᚢᛘ᛬ᚼᛋᚴᛁᛋ᛬ᚢᚠᚦ.png,w0,156,allum hskis ufþ,ᛅᛚᛚᚢᛘ᛬ᚼᛋᚴᛁᛋ᛬ᚢᚠᚦ,13,synth,train
syn_w0_000156_hokun_ᚼᚮᚴᚢᚾ.png,w0,156,hokun,ᚼᚮᚴᚢᚾ,5,synth,train
syn_w0_000156_iii_mun_snti_ᛁᛁᛁ᛬ᛘᚢᚾ᛬ᛋᚾᛏᛁ.png,w0,156,iii mun snti,ᛁᛁᛁ᛬ᛘᚢᚾ᛬ᛋᚾᛏᛁ,10,synth,train
syn_w0_000156_knubli_iaR_ᚴᚾᚢᛒᛚᛁ᛬ᛁᛅᛦ.png,w0,156,knubli iaR,ᚴᚾᚢᛒᛚᛁ᛬ᛁᛅᛦ,9,synth,train
syn_w0_000156_ont_trbnfr_kirkiu_ᚮᚾᛏ᛬ᛏᚱᛒᚾᚠᚱ᛬ᚴᛁᚱᚴᛁᚢ.png,w0,156,ont trbnfr kirkiu,ᚮᚾᛏ᛬ᛏᚱᛒᚾᚠᚱ᛬ᚴᛁᚱᚴᛁᚢ,15,synth,train
syn_w0_000156_ren_siną_fyriR_ᚱᛂᚾ᛬ᛋᛁᚾᚬ᛬ᚠᚤᚱᛁᛦ.png,w0,156,ren siną fyriR,ᚱᛂᚾ᛬ᛋᛁᚾᚬ᛬ᚠᚤᚱᛁᛦ,12,synth,train
syn_w0_000156_sialu_þisa_ᛋᛁᛅᛚᚢ᛬ᚦᛁᛋᛅ.png,w0,156,sialu þisa,ᛋᛁᛅᛚᚢ᛬ᚦᛁᛋᛅ,9,synth,train
syn_w0_000157_barkuiþ_inku_stæin_ara_ᛒᛅᚱᚴᚢᛁᚦ᛬ᛁᚾᚴᚢ᛬ᛋᛏᚫᛁᚾ᛬ᛅᚱᛅ.png,w0,157,barkuiþ inku stæin ara,ᛒᛅᚱᚴᚢᛁᚦ᛬ᛁᚾᚴᚢ᛬ᛋᛏᚫᛁᚾ᛬ᛅᚱᛅ,19,synth,train
syn_w0_000157_eftR_hiuk_þina_þurmuþr_ᛂᚠᛏᛦ᛬ᚼᛁᚢᚴ᛬ᚦᛁᚾᛅ᛬ᚦᚢᚱᛘᚢᚦᚱ.png,w0,157,eftR hiuk þina þurmuþr,ᛂᚠᛏᛦ᛬ᚼᛁᚢᚴ᛬ᚦᛁᚾᛅ᛬ᚦᚢᚱᛘᚢᚦᚱ,19,synth,train
syn_w0_000157_iubrn_atoi_þina_ᛁᚢᛒᚱᚾ᛬ᛅᛏᚮᛁ᛬ᚦᛁᚾᛅ.png,w0,157,iubrn atoi þina,ᛁᚢᛒᚱᚾ᛬ᛅᛏᚮᛁ᛬ᚦᛁᚾᛅ,13,synth,train
syn_w0_000157_kulifs_þaiR_sun_ᚴᚢᛚᛁᚠᛋ᛬ᚦᛅᛁᛦ᛬ᛋᚢᚾ.png,w0,157,kulifs þaiR sun,ᚴᚢᛚᛁᚠᛋ᛬ᚦᛅᛁᛦ᛬ᛋᚢᚾ,13,synth,train
syn_w0_000157_raistu_ᚱᛅᛁᛋᛏᚢ.png,w0,157,raistu,ᚱᛅᛁᛋᛏᚢ,6,synth,train
syn_w0_000157_risa_ira_gara_ᚱᛁᛋᛅ᛬ᛁᚱᛅ᛬ᚵᛅᚱᛅ.png,w0,157,risa ira gara,ᚱᛁᛋᛅ᛬ᛁᚱᛅ᛬ᚵᛅᚱᛅ,11,synth,train
syn_w0_000157_uan_hia_sif_ᚢᛅᚾ᛬ᚼᛁᛅ᛬ᛋᛁᚠ.png,w0,157,uan hia sif,ᚢᛅᚾ᛬ᚼᛁᛅ᛬ᛋᛁᚠ,9,synth,train
syn_w0_000158_biurn_ᛒᛁᚢᚱᚾ.png,w0,158,biurn,ᛒᛁᚢᚱᚾ,5,synth,train
syn_w0_000158_bryþra_fahi_usbaka_alfa_ᛒᚱᚤᚦᚱᛅ᛬ᚠᛅᚼᛁ᛬ᚢᛋᛒᛅᚴᛅ᛬ᛅᛚᚠᛅ.png,w0,158,bryþra fahi usbaka alfa,ᛒᚱᚤᚦᚱᛅ᛬ᚠᛅᚼᛁ᛬ᚢᛋᛒᛅᚴᛅ᛬ᛅᛚᚠᛅ,20,synth,test
syn_w0_000158_eþorn_bia_ᛂᚦᚮᚱᚾ᛬ᛒᛁᛅ.png,w0,158,eþorn bia,ᛂᚦᚮᚱᚾ᛬ᛒᛁᛅ,8,synth,train
syn_w0_000158_mudløg_ᛘᚢᛑᛚᚯᚵ.png,w0,158,mudløg,ᛘᚢᛑᛚᚯᚵ,6,synth,train
syn_w0_000158_sihstain_etki_ᛋᛁᚼᛋᛏᛅᛁᚾ᛬ᛂᛏᚴᛁ.png,w0,158,sihstain etki,ᛋᛁᚼᛋᛏᛅᛁᚾ᛬ᛂᛏᚴᛁ,12,synth,train
syn_w0_000158_uefus_bruþur_giarþe_hulmstin_ᚢᛂᚠᚢᛋ᛬ᛒᚱᚢᚦᚢᚱ᛬ᚵᛁᛅᚱᚦᛂ᛬ᚼᚢᛚᛘᛋᛏᛁᚾ.png,w0,158,uefus bruþur giarþe hulmstin,ᚢᛂᚠᚢᛋ᛬ᛒᚱᚢᚦᚢᚱ᛬ᚵᛁᛅᚱᚦᛂ᛬ᚼᚢᛚᛘᛋᛏᛁᚾ,25,synth,train
syn_w0_000158_uiþbiurn_asur_ᚢᛁᚦᛒᛁᚢᚱᚾ᛬ᛅᛋᚢᚱ.png,w0,158,uiþbiurn asur,ᚢᛁᚦᛒᛁᚢᚱᚾ᛬ᛅᛋᚢᚱ,12,synth,train
syn_w0_000159_hafi_ouint_rgaræta_ᚼᛅᚠᛁ᛬ᚮᚢᛁᚾᛏ᛬ᚱᚵᛅᚱᚫᛏᛅ.png,w0,159,hafi ouint rgaræta,ᚼᛅᚠᛁ᛬ᚮᚢᛁᚾᛏ᛬ᚱᚵᛅᚱᚫᛏᛅ,16,synth,train
syn_w0_000159_hulmnui_suins_lenki_ᚼᚢᛚᛘᚾᚢᛁ᛬ᛋᚢᛁᚾᛋ᛬ᛚᛂᚾᚴᛁ.png,w0,159,hulmnui suins lenki,ᚼᚢᛚᛘᚾᚢᛁ᛬ᛋᚢᛁᚾᛋ᛬ᛚᛂᚾᚴᛁ,17,synth,train
syn_w0_000159_hulmstin_minum_kuþ_ᚼᚢᛚᛘᛋᛏᛁᚾ᛬ᛘᛁᚾᚢᛘ᛬ᚴᚢᚦ.png,w0,159,hulmstin minum kuþ,ᚼᚢᛚᛘᛋᛏᛁᚾ᛬ᛘᛁᚾᚢᛘ᛬ᚴᚢᚦ,16,synth,train
syn_w0_000159_men_ᛘᛂᚾ.png,w0,159,men,ᛘᛂᚾ,3,synth,val
syn_w0_000159_teus_auk_tredæbeku_korþi_ᛏᛂᚢᛋ᛬ᛅᚢᚴ᛬ᛏᚱᛂᛑᚫᛒᛂᚴᚢ᛬ᚴᚮᚱᚦᛁ.png,w0,159,teus auk tredæbeku korþi,ᛏᛂᚢᛋ᛬ᛅᚢᚴ᛬ᛏᚱᛂᛑᚫᛒᛂᚴᚢ᛬ᚴᚮᚱᚦᛁ,21,synth,train
syn_w0_000159_urik_totiR_ihel_yvir_ᚢᚱᛁᚴ᛬ᛏᚮᛏᛁᛦ᛬ᛁᚼᛂᛚ᛬ᚤᚡᛁᚱ.png,w0,159,urik totiR ihel yvir,ᚢᚱᛁᚴ᛬ᛏᚮᛏᛁᛦ᛬ᛁᚼᛂᛚ᛬ᚤᚡᛁᚱ,17,synth,train
syn_w0_000159_þaki_þausi_iftiR_laka_ᚦᛅᚴᛁ᛬ᚦᛅᚢᛋᛁ᛬ᛁᚠᛏᛁᛦ᛬ᛚᛅᚴᛅ.png,w0,159,þaki þausi iftiR laka,ᚦᛅᚴᛁ᛬ᚦᛅᚢᛋᛁ᛬ᛁᚠᛏᛁᛦ᛬ᛚᛅᚴᛅ,18,synth,train
syn_w0_000160_hulfriþ_unu_agios_ᚼᚢᛚᚠᚱᛁᚦ᛬ᚢᚾᚢ᛬ᛅᚵᛁᚮᛋ.png,w0,160,hulfriþ unu agios,ᚼᚢᛚᚠᚱᛁᚦ᛬ᚢᚾᚢ᛬ᛅᚵᛁᚮᛋ,15,synth,train
syn_w0_000160_iskil_ikuars_aistu_uim_ᛁᛋᚴᛁᛚ᛬ᛁᚴᚢᛅᚱᛋ᛬ᛅᛁᛋᛏᚢ᛬ᚢᛁᛘ.png,w0,160,iskil ikuars aistu uim,ᛁᛋᚴᛁᛚ᛬ᛁᚴᚢᛅᚱᛋ᛬ᛅᛁᛋᛏᚢ᛬ᚢᛁᛘ,19,synth,train
syn_w0_000160_krus_kuþ_raisa_dominus_ᚴᚱᚢᛋ᛬ᚴᚢᚦ᛬ᚱᛅᛁᛋᛅ᛬ᛑᚮᛘᛁᚾᚢᛋ.png,w0,160,krus kuþ raisa dominus,ᚴᚱᚢᛋ᛬ᚴᚢᚦ᛬ᚱᛅᛁᛋᛅ᛬ᛑᚮᛘᛁᚾᚢᛋ,19,synth,train
syn_w0_000160_sbialbuþi_stan_ᛋᛒᛁᛅᛚᛒᚢᚦᛁ᛬ᛋᛏᛅᚾ.png,w0,160,sbialbuþi stan,ᛋᛒᛁᛅᛚᛒᚢᚦᛁ᛬ᛋᛏᛅᚾ,13,synth,test
syn_w0_000160_styr_aiftiR_ᛋᛏᚤᚱ᛬ᛅᛁᚠᛏᛁᛦ.png,w0,160,styr aiftiR,ᛋᛏᚤᚱ᛬ᛅᛁᚠᛏᛁᛦ,10,synth,train
syn_w0_000160_usti_sinar_þorfast_skofti_ᚢᛋᛏᛁ᛬ᛋᛁᚾᛅᚱ᛬ᚦᚮᚱᚠᛅᛋᛏ᛬ᛋᚴᚮᚠᛏᛁ.png,w0,160,usti sinar þorfast skofti,ᚢᛋᛏᛁ᛬ᛋᛁᚾᛅᚱ᛬ᚦᚮᚱᚠᛅᛋᛏ᛬ᛋᚴᚮᚠᛏᛁ,22,synth,train
syn_w0_000160_þiRa_iacobus_ttonmu_ᚦᛁᛦᛅ᛬ᛁᛅᛍᚮᛒᚢᛋ᛬ᛏᛏᚮᚾᛘᚢ.png,w0,160,þiRa iacobus ttonmu,ᚦᛁᛦᛅ᛬ᛁᛅᛍᚮᛒᚢᛋ᛬ᛏᛏᚮᚾᛘᚢ,17,synth,train
syn_w0_000161_ilugi_ᛁᛚᚢᚵᛁ.png,w0,161,ilugi,ᛁᛚᚢᚵᛁ,5,synth,train
syn_w0_000161_kuþ_þir_ᚴᚢᚦ᛬ᚦᛁᚱ.png,w0,161,kuþ þir,ᚴᚢᚦ᛬ᚦᛁᚱ,6,synth,train
syn_w0_000161_let_ari_ᛚᛂᛏ᛬ᛅᚱᛁ.png,w0,161,let ari,ᛚᛂᛏ᛬ᛅᚱᛁ,6,synth,train
syn_w0_000161_liþi_bæþe_inkimoþ_suaþ_ᛚᛁᚦᛁ᛬ᛒᚫᚦᛂ᛬ᛁᚾᚴᛁᛘᚮᚦ᛬ᛋᚢᛅᚦ.png,w0,161,liþi bæþe inkimoþ suaþ,ᛚᛁᚦᛁ᛬ᛒᚫᚦᛂ᛬ᛁᚾᚴᛁᛘᚮᚦ᛬ᛋᚢᛅᚦ,19,synth,train
syn_w0_000161_mls_ᛘᛚᛋ.png,w0,161,mls,ᛘᛚᛋ,3,synth,train
syn_w0_000161_sila_naR_boanta_skibarR_ᛋᛁᛚᛅ᛬ᚾᛅᛦ᛬ᛒᚮᛅᚾᛏᛅ᛬ᛋᚴᛁᛒᛅᚱᛦ.png,w0,161,sila naR boanta skibarR,ᛋᛁᛚᛅ᛬ᚾᛅᛦ᛬ᛒᚮᛅᚾᛏᛅ᛬ᛋᚴᛁᛒᛅᚱᛦ,20,synth,val
syn_w0_000161_uþær_uikr_for_kuþ_ᚢᚦᚫᚱ᛬ᚢᛁᚴᚱ᛬ᚠᚮᚱ᛬ᚴᚢᚦ.png,w0,161,uþær uikr for kuþ,ᚢᚦᚫᚱ᛬ᚢᛁᚴᚱ᛬ᚠᚮᚱ᛬ᚴᚢᚦ,14,synth,train
syn_w0_000162_hinlbi_huer_ᚼᛁᚾᛚᛒᛁ᛬ᚼᚢᛂᚱ.png,w0,162,hinlbi huer,ᚼᛁᚾᛚᛒᛁ᛬ᚼᚢᛂᚱ,10,synth,train
syn_w0_000162_kitilbiurn_þko_ᚴᛁᛏᛁᛚᛒᛁᚢᚱᚾ᛬ᚦᚴᚮ.png,w0,162,kitilbiurn þko,ᚴᛁᛏᛁᛚᛒᛁᚢᚱᚾ᛬ᚦᚴᚮ,13,synth,train
syn_w0_000162_kuina_stin_ᚴᚢᛁᚾᛅ᛬ᛋᛏᛁᚾ.png,w0,162,kuina stin,ᚴᚢᛁᚾᛅ᛬ᛋᛏᛁᚾ,9,synth,train
syn_w0_000162_kuþrlauk_aftRr_hkua_ᚴᚢᚦᚱᛚᛅᚢᚴ᛬ᛅᚠᛏᛦᚱ᛬ᚼᚴᚢᛅ.png,w0,162,kuþrlauk aftRr hkua,ᚴᚢᚦᚱᛚᛅᚢᚴ᛬ᛅᚠᛏᛦᚱ᛬ᚼᚴᚢᛅ,17,synth,train
syn_w0_000162_lfr_bar_birsu_ᛚᚠᚱ᛬ᛒᛅᚱ᛬ᛒᛁᚱᛋᚢ.png,w0,162,lfr bar birsu,ᛚᚠᚱ᛬ᛒᛅᚱ᛬ᛒᛁᚱᛋᚢ,11,synth,train
syn_w0_000162_suirþ_sin_kaurua_yfti_ᛋᚢᛁᚱᚦ᛬ᛋᛁᚾ᛬ᚴᛅᚢᚱᚢᛅ᛬ᚤᚠᛏᛁ.png,w0,162,suirþ sin kaurua yfti,ᛋᚢᛁᚱᚦ᛬ᛋᛁᚾ᛬ᚴᛅᚢᚱᚢᛅ᛬ᚤᚠᛏᛁ,18,synth,train
syn_w0_000162_uni_tubi_kuru_saa_ᚢᚾᛁ᛬ᛏᚢᛒᛁ᛬ᚴᚢᚱᚢ᛬ᛋᛅᛅ.png,w0,162,uni tubi kuru saa,ᚢᚾᛁ᛬ᛏᚢᛒᛁ᛬ᚴᚢᚱᚢ᛬ᛋᛅᛅ,14,synth,train
syn_w0_000163_gægn_sin_þæssa_ᚵᚫᚵᚾ᛬ᛋᛁᚾ᛬ᚦᚫᛋᛋᛅ.png,w0,163,gægn sin þæssa,ᚵᚫᚵᚾ᛬ᛋᛁᚾ᛬ᚦᚫᛋᛋᛅ,12,synth,train
syn_w0_000163_kolbiorn_ᚴᚮᛚᛒᛁᚮᚱᚾ.png,w0,163,kolbiorn,ᚴᚮᛚᛒᛁᚮᚱᚾ,8,synth,train
syn_w0_000163_kumo_þoruar_uistar_ᚴᚢᛘᚮ᛬ᚦᚮᚱᚢᛅᚱ᛬ᚢᛁᛋᛏᛅᚱ.png,w0,163,kumo þoruar uistar,ᚴᚢᛘᚮ᛬ᚦᚮᚱᚢᛅᚱ᛬ᚢᛁᛋᛏᛅᚱ,16,synth,train
syn_w0_000163_riþ_biurn_kuml_ᚱᛁᚦ᛬ᛒᛁᚢᚱᚾ᛬ᚴᚢᛘᛚ.png,w0,163,riþ biurn kuml,ᚱᛁᚦ᛬ᛒᛁᚢᚱᚾ᛬ᚴᚢᛘᛚ,12,synth,train
syn_w0_000163_rne_ᚱᚾᛂ.png,w0,163,rne,ᚱᚾᛂ,3,synth,train
syn_w0_000163_taean_raiþ_ostriþr_ᛏᛅᛂᛅᚾ᛬ᚱᛅᛁᚦ᛬ᚮᛋᛏᚱᛁᚦᚱ.png,w0,163,taean raiþ ostriþr,ᛏᛅᛂᛅᚾ᛬ᚱᛅᛁᚦ᛬ᚮᛋᛏᚱᛁᚦᚱ,16,synth,train
syn_w0_000163_vas_laki_ans_ᚡᛅᛋ᛬ᛚᛅᚴᛁ᛬ᛅᚾᛋ.png,w0,163,vas laki ans,ᚡᛅᛋ᛬ᛚᛅᚴᛁ᛬ᛅᚾᛋ,10,synth,train
syn_w0_000164_bali_gøt_ᛒᛅᛚᛁ᛬ᚵᚯᛏ.png,w0,164,bali gøt,ᛒᛅᛚᛁ᛬ᚵᚯᛏ,7,synth,train
syn_w0_000164_ika_ulsmisu_ᛁᚴᛅ᛬ᚢᛚᛋᛘᛁᛋᚢ.png,w0,164,ika ulsmisu,ᛁᚴᛅ᛬ᚢᛚᛋᛘᛁᛋᚢ,10,synth,train
syn_w0_000164_iþatrik_fuþorkhfuþorkh_nafni_halt_ᛁᚦᛅᛏᚱᛁᚴ᛬ᚠᚢᚦᚮᚱᚴᚼᚠᚢᚦᚮᚱᚴᚼ᛬ᚾᛅᚠᚾᛁ᛬ᚼᛅᛚᛏ.png,w0,164,iþatrik fuþorkhfuþorkh nafni halt,ᛁᚦᛅᛏᚱᛁᚴ᛬ᚠᚢᚦᚮᚱᚴᚼᚠᚢᚦᚮᚱᚴᚼ᛬ᚾᛅᚠᚾᛁ᛬ᚼᛅᛚᛏ,30,synth,train
syn_w0_000164_kul_þurst_ᚴᚢᛚ᛬ᚦᚢᚱᛋᛏ.png,w0,164,kul þurst,ᚴᚢᛚ᛬ᚦᚢᚱᛋᛏ,8,synth,train
syn_w0_000164_kuþlef_arl_ᚴᚢᚦᛚᛂᚠ᛬ᛅᚱᛚ.png,w0,164,kuþlef arl,ᚴᚢᚦᛚᛂᚠ᛬ᛅᚱᛚ,9,synth,train
syn_w0_000164_rit_harþruþr_raisa_ᚱᛁᛏ᛬ᚼᛅᚱᚦᚱᚢᚦᚱ᛬ᚱᛅᛁᛋᛅ.png,w0,164,rit harþruþr raisa,ᚱᛁᛏ᛬ᚼᛅᚱᚦᚱᚢᚦᚱ᛬ᚱᛅᛁᛋᛅ,16,synth,train
syn_w0_000164_tir_ulmstin_ᛏᛁᚱ᛬ᚢᛚᛘᛋᛏᛁᚾ.png,w0,164,tir ulmstin,ᛏᛁᚱ᛬ᚢᛚᛘᛋᛏᛁᚾ,10,synth,train
syn_w0_000165_faþur_emink_ᚠᛅᚦᚢᚱ᛬ᛂᛘᛁᚾᚴ.png,w0,165,faþur emink,ᚠᛅᚦᚢᚱ᛬ᛂᛘᛁᚾᚴ,10,synth,train
syn_w0_000165_frayst_kaup_hilkaiR_ᚠᚱᛅᚤᛋᛏ᛬ᚴᛅᚢᛔ᛬ᚼᛁᛚᚴᛅᛁᛦ.png,w0,165,frayst kaup hilkaiR,ᚠᚱᛅᚤᛋᛏ᛬ᚴᛅᚢᛔ᛬ᚼᛁᛚᚴᛅᛁᛦ,17,synth,train
syn_w0_000165_fyri_aisti_ᚠᚤᚱᛁ᛬ᛅᛁᛋᛏᛁ.png,w0,165,fyri aisti,ᚠᚤᚱᛁ᛬ᛅᛁᛋᛏᛁ,9,synth,train
syn_w0_000165_iku_ᛁᚴᚢ.png,w0,165,iku,ᛁᚴᚢ,3,synth,train
syn_w0_000165_istr_ruulf_riska_ᛁᛋᛏᚱ᛬ᚱᚢᚢᛚᚠ᛬ᚱᛁᛋᚴᛅ.png,w0,165,istr ruulf riska,ᛁᛋᛏᚱ᛬ᚱᚢᚢᛚᚠ᛬ᚱᛁᛋᚴᛅ,14,synth,train
syn_w0_000165_kuþąn_ialb_sil_ᚴᚢᚦᚬᚾ᛬ᛁᛅᛚᛒ᛬ᛋᛁᛚ.png,w0,165,kuþąn ialb sil,ᚴᚢᚦᚬᚾ᛬ᛁᛅᛚᛒ᛬ᛋᛁᛚ,12,synth,train
syn_w0_000165_nuk_tana_ᚾᚢᚴ᛬ᛏᛅᚾᛅ.png,w0,165,nuk tana,ᚾᚢᚴ᛬ᛏᛅᚾᛅ,7,synth,train
syn_w0_000166_ami_uihi_sin_halstæin_ᛅᛘᛁ᛬ᚢᛁᚼᛁ᛬ᛋᛁᚾ᛬ᚼᛅᛚᛋᛏᚫᛁᚾ.png,w0,166,ami uihi sin halstæin,ᛅᛘᛁ᛬ᚢᛁᚼᛁ᛬ᛋᛁᚾ᛬ᚼᛅᛚᛋᛏᚫᛁᚾ,18,synth,train
syn_w0_000166_bot_yri_huilir_kuþ_ᛒᚮᛏ᛬ᚤᚱᛁ᛬ᚼᚢᛁᛚᛁᚱ᛬ᚴᚢᚦ.png,w0,166,bot yri huilir kuþ,ᛒᚮᛏ᛬ᚤᚱᛁ᛬ᚼᚢᛁᛚᛁᚱ᛬ᚴᚢᚦ,15,synth,train
syn_w0_000166_iaruntr_sena_lata_ᛁᛅᚱᚢᚾᛏᚱ᛬ᛋᛂᚾᛅ᛬ᛚᛅᛏᛅ.png,w0,166,iaruntr sena lata,ᛁᛅᚱᚢᚾᛏᚱ᛬ᛋᛂᚾᛅ᛬ᛚᛅᛏᛅ,15,synth,train
syn_w0_000166_kærþi_ᚴᚫᚱᚦᛁ.png,w0,166,kærþi,ᚴᚫᚱᚦᛁ,5,synth,test
syn_w0_000166_lundi_kumæ_laki_ᛚᚢᚾᛑᛁ᛬ᚴᚢᛘᚫ᛬ᛚᛅᚴᛁ.png,w0,166,lundi kumæ laki,ᛚᚢᚾᛑᛁ᛬ᚴᚢᛘᚫ᛬ᛚᛅᚴᛁ,13,synth,val
syn_w0_000166_sartr_raþa_ąsfriþr_ᛋᛅᚱᛏᚱ᛬ᚱᛅᚦᛅ᛬ᚬᛋᚠᚱᛁᚦᚱ.png,w0,166,sartr raþa ąsfriþr,ᛋᛅᚱᛏᚱ᛬ᚱᛅᚦᛅ᛬ᚬᛋᚠᚱᛁᚦᚱ,16,synth,train
syn_w0_000166_sæk_han_mbhhhbbb_litiluism_ᛋᚫᚴ᛬ᚼᛅᚾ᛬ᛘᛒᚼᚼᚼᛒᛒᛒ᛬ᛚᛁᛏᛁᛚᚢᛁᛋᛘ.png,w0,166,sæk han mbhhhbbb litiluism,ᛋᚫᚴ᛬ᚼᛅᚾ᛬ᛘᛒᚼᚼᚼᛒᛒᛒ᛬ᛚᛁᛏᛁᛚᚢᛁᛋᛘ,23,synth,train
syn_w0_000167_anunt_þor_brþur_ᛅᚾᚢᚾᛏ᛬ᚦᚮᚱ᛬ᛒᚱᚦᚢᚱ.png,w0,167,anunt þor brþur,ᛅᚾᚢᚾᛏ᛬ᚦᚮᚱ᛬ᛒᚱᚦᚢᚱ,13,synth,train
syn_w0_000167_autiR_ybir_ᛅᚢᛏᛁᛦ᛬ᚤᛒᛁᚱ.png,w0,167,autiR ybir,ᛅᚢᛏᛁᛦ᛬ᚤᛒᛁᚱ,9,synth,train
syn_w0_000167_hulmkis_ᚼᚢᛚᛘᚴᛁᛋ.png,w0,167,hulmkis,ᚼᚢᛚᛘᚴᛁᛋ,7,synth,train
syn_w0_000167_ker_roþæn_isikl_ᚴᛂᚱ᛬ᚱᚮᚦᚫᚾ᛬ᛁᛋᛁᚴᛚ.png,w0,167,ker roþæn isikl,ᚴᛂᚱ᛬ᚱᚮᚦᚫᚾ᛬ᛁᛋᛁᚴᛚ,13,synth,train
syn_w0_000167_miuk_þisi_suaþ_ᛘᛁᚢᚴ᛬ᚦᛁᛋᛁ᛬ᛋᚢᛅᚦ.png,w0,167,miuk þisi suaþ,ᛘᛁᚢᚴ᛬ᚦᛁᛋᛁ᛬ᛋᚢᛅᚦ,12,synth,train
syn_w0_000167_þona_ᚦᚮᚾᛅ.png,w0,167,þona,ᚦᚮᚾᛅ,4,synth,train
syn_w0_000167_þæsse_nuu_aiR_uar_ᚦᚫᛋᛋᛂ᛬ᚾᚢᚢ᛬ᛅᛁᛦ᛬ᚢᛅᚱ.png,w0,167,þæsse nuu aiR uar,ᚦᚫᛋᛋᛂ᛬ᚾᚢᚢ᛬ᛅᛁᛦ᛬ᚢᛅᚱ,14,synth,train
syn_w0_000168_bohnta_kari_þisa_bioþa_ᛒᚮᚼᚾᛏᛅ᛬ᚴᛅᚱᛁ᛬ᚦᛁᛋᛅ᛬ᛒᛁᚮᚦᛅ.png,w0,168,bohnta kari þisa bioþa,ᛒᚮᚼᚾᛏᛅ᛬ᚴᛅᚱᛁ᛬ᚦᛁᛋᛅ᛬ᛒᛁᚮᚦᛅ,19,synth,train
syn_w0_000168_has_þisa_kiara_ᚼᛅᛋ᛬ᚦᛁᛋᛅ᛬ᚴᛁᛅᚱᛅ.png,w0,168,has þisa kiara,ᚼᛅᛋ᛬ᚦᛁᛋᛅ᛬ᚴᛁᛅᚱᛅ,12,synth,val
syn_w0_000168_iki_kru_asi_þur_ᛁᚴᛁ᛬ᚴᚱᚢ᛬ᛅᛋᛁ᛬ᚦᚢᚱ.png,w0,168,iki kru asi þur,ᛁᚴᛁ᛬ᚴᚱᚢ᛬ᛅᛋᛁ᛬ᚦᚢᚱ,12,synth,train
syn_w0_000168_kuml_muti_batar_ᚴᚢᛘᛚ᛬ᛘᚢᛏᛁ᛬ᛒᛅᛏᛅᚱ.png,w0,168,kuml muti batar,ᚴᚢᛘᛚ᛬ᛘᚢᛏᛁ᛬ᛒᛅᛏᛅᚱ,13,synth,train
syn_w0_000168_stin_titultitul_asusus_ᛋᛏᛁᚾ᛬ᛏᛁᛏᚢᛚᛏᛁᛏᚢᛚ᛬ᛅᛋᚢᛋᚢᛋ.png,w0,168,stin titultitul asusus,ᛋᛏᛁᚾ᛬ᛏᛁᛏᚢᛚᛏᛁᛏᚢᛚ᛬ᛅᛋᚢᛋᚢᛋ,20,synth,train
syn_w0_000168_þata_tui_ᚦᛅᛏᛅ᛬ᛏᚢᛁ.png,w0,168,þata tui,ᚦᛅᛏᛅ᛬ᛏᚢᛁ,7,synth,train
syn_w0_000168_þonsi_ᚦᚮᚾᛋᛁ.png,w0,168,þonsi,ᚦᚮᚾᛋᛁ,5,synth,train
syn_w0_000169_fuþąrkhniaslbm_filii_fuþorkhniast_markus_ᚠᚢᚦᚬᚱᚴᚼᚾᛁᛅᛋᛚᛒᛘ᛬ᚠᛁᛚᛁᛁ᛬ᚠᚢᚦᚮᚱᚴᚼᚾᛁᛅᛋᛏ᛬ᛘᛅᚱᚴᚢᛋ.png,w0,169,fuþąrkhniaslbm filii fuþorkhniast markus,ᚠᚢᚦᚬᚱᚴᚼᚾᛁᛅᛋᛚᛒᛘ᛬ᚠᛁᛚᛁᛁ᛬ᚠᚢᚦᚮᚱᚴᚼᚾᛁᛅᛋᛏ᛬ᛘᛅᚱᚴᚢᛋ,37,synth,train
syn_w0_000169_kaf_hons_ᚴᛅᚠ᛬ᚼᚮᚾᛋ.png,w0,169,kaf hons,ᚴᛅᚠ᛬ᚼᚮᚾᛋ,7,synth,train
syn_w0_000169_kobu_ᚴᚮᛒᚢ.png,w0,169,kobu,ᚴᚮᛒᚢ,4,synth,train
syn_w0_000169_kuþ_nasi_krist_ᚴᚢᚦ᛬ᚾᛅᛋᛁ᛬ᚴᚱᛁᛋᛏ.png,w0,169,kuþ nasi krist,ᚴᚢᚦ᛬ᚾᛅᛋᛁ᛬ᚴᚱᛁᛋᛏ,12,synth,train
syn_w0_000169_rin_iern_ᚱᛁᚾ᛬ᛁᛂᚱᚾ.png,w0,169,rin iern,ᚱᛁᚾ᛬ᛁᛂᚱᚾ,7,synth,train
syn_w0_000169_ritsi_ᚱᛁᛏᛋᛁ.png,w0,169,ritsi,ᚱᛁᛏᛋᛁ,5,synth,train
syn_w0_000169_sigurþr_uærga_ᛋᛁᚵᚢᚱᚦᚱ᛬ᚢᚫᚱᚵᛅ.png,w0,169,sigurþr uærga,ᛋᛁᚵᚢᚱᚦᚱ᛬ᚢᚫᚱᚵᛅ,12,synth,train
syn_w0_000170_finuþaR_ᚠᛁᚾᚢᚦᛅᛦ.png,w0,170,finuþaR,ᚠᛁᚾᚢᚦᛅᛦ,7,synth,train
syn_w0_000170_kin_ᚴᛁᚾ.png,w0,170,kin,ᚴᛁᚾ,3,synth,train
syn_w0_000170_kla_tein_sin_ᚴᛚᛅ᛬ᛏᛂᛁᚾ᛬ᛋᛁᚾ.png,w0,170,kla tein sin,ᚴᛚᛅ᛬ᛏᛂᛁᚾ᛬ᛋᛁᚾ,10,synth,train
syn_w0_000170_kuþloh_uir_ᚴᚢᚦᛚᚮᚼ᛬ᚢᛁᚱ.png,w0,170,kuþloh uir,ᚴᚢᚦᛚᚮᚼ᛬ᚢᛁᚱ,9,synth,train
syn_w0_000170_mana_dad_afatz_rifr_ᛘᛅᚾᛅ᛬ᛑᛅᛑ᛬ᛅᚠᛅᛏᛎ᛬ᚱᛁᚠᚱ.png,w0,170,mana dad afatz rifr,ᛘᛅᚾᛅ᛬ᛑᛅᛑ᛬ᛅᚠᛅᛏᛎ᛬ᚱᛁᚠᚱ,16,synth,train
syn_w0_000170_orikia_beneeedik_botulfr_rgretu_ᚮᚱᛁᚴᛁᛅ᛬ᛒᛂᚾᛂᛂᛂᛑᛁᚴ᛬ᛒᚮᛏᚢᛚᚠᚱ᛬ᚱᚵᚱᛂᛏᚢ.png,w0,170,orikia beneeedik botulfr rgretu,ᚮᚱᛁᚴᛁᛅ᛬ᛒᛂᚾᛂᛂᛂᛑᛁᚴ᛬ᛒᚮᛏᚢᛚᚠᚱ᛬ᚱᚵᚱᛂᛏᚢ,28,synth,test
syn_w0_000170_styriman_ᛋᛏᚤᚱᛁᛘᛅᚾ.png,w0,170,styriman,ᛋᛏᚤᚱᛁᛘᛅᚾ,8,synth,test
syn_w0_000171_bereþr_ᛒᛂᚱᛂᚦᚱ.png,w0,171,bereþr,ᛒᛂᚱᛂᚦᚱ,6,synth,train
syn_w0_000171_eyk_hrhls_iki_ᛂᚤᚴ᛬ᚼᚱᚼᛚᛋ᛬ᛁᚴᛁ.png,w0,171,eyk hrhls iki,ᛂᚤᚴ᛬ᚼᚱᚼᛚᛋ᛬ᛁᚴᛁ,11,synth,train
syn_w0_000171_hagua_ᚼᛅᚵᚢᛅ.png,w0,171,hagua,ᚼᛅᚵᚢᛅ,5,synth,val
syn_w0_000171_hus_ᚼᚢᛋ.png,w0,171,hus,ᚼᚢᛋ,3,synth,train
syn_w0_000171_stin_kul_ᛋᛏᛁᚾ᛬ᚴᚢᛚ.png,w0,171,stin kul,ᛋᛏᛁᚾ᛬ᚴᚢᛚ,7,synth,train
syn_w0_000171_tauþr_isiR_suin_buanta_ᛏᛅᚢᚦᚱ᛬ᛁᛋᛁᛦ᛬ᛋᚢᛁᚾ᛬ᛒᚢᛅᚾᛏᛅ.png,w0,171,tauþr isiR suin buanta,ᛏᛅᚢᚦᚱ᛬ᛁᛋᛁᛦ᛬ᛋᚢᛁᚾ᛬ᛒᚢᛅᚾᛏᛅ,19,synth,train
syn_w0_000171_þita_siolu_ᚦᛁᛏᛅ᛬ᛋᛁᚮᛚᚢ.png,w0,171,þita siolu,ᚦᛁᛏᛅ᛬ᛋᛁᚮᛚᚢ,9,synth,train
syn_w0_000172_bonta_sonti_ᛒᚮᚾᛏᛅ᛬ᛋᚮᚾᛏᛁ.png,w0,172,bonta sonti,ᛒᚮᚾᛏᛅ᛬ᛋᚮᚾᛏᛁ,10,synth,train
syn_w0_000172_eilifR_ᛂᛁᛚᛁᚠᛦ.png,w0,172,eilifR,ᛂᛁᛚᛁᚠᛦ,6,synth,train
syn_w0_000172_ikriþ_auk_sant_friþi_ᛁᚴᚱᛁᚦ᛬ᛅᚢᚴ᛬ᛋᛅᚾᛏ᛬ᚠᚱᛁᚦᛁ.png,w0,172,ikriþ auk sant friþi,ᛁᚴᚱᛁᚦ᛬ᛅᚢᚴ᛬ᛋᛅᚾᛏ᛬ᚠᚱᛁᚦᛁ,17,synth,train
syn_w0_000172_isbiurn_runka_fin_kirims_ᛁᛋᛒᛁᚢᚱᚾ᛬ᚱᚢᚾᚴᛅ᛬ᚠᛁᚾ᛬ᚴᛁᚱᛁᛘᛋ.png,w0,172,isbiurn runka fin kirims,ᛁᛋᛒᛁᚢᚱᚾ᛬ᚱᚢᚾᚴᛅ᛬ᚠᛁᚾ᛬ᚴᛁᚱᛁᛘᛋ,21,synth,train
syn_w0_000172_lit_þesa_ᛚᛁᛏ᛬ᚦᛂᛋᛅ.png,w0,172,lit þesa,ᛚᛁᛏ᛬ᚦᛂᛋᛅ,7,synth,train
syn_w0_000172_ukni_hiapi_ᚢᚴᚾᛁ᛬ᚼᛁᛅᛔᛁ.png,w0,172,ukni hiapi,ᚢᚴᚾᛁ᛬ᚼᛁᛅᛔᛁ,9,synth,train
syn_w0_000172_þisaR_iba_trani_ᚦᛁᛋᛅᛦ᛬ᛁᛒᛅ᛬ᛏᚱᛅᚾᛁ.png,w0,172,þisaR iba trani,ᚦᛁᛋᛅᛦ᛬ᛁᛒᛅ᛬ᛏᚱᛅᚾᛁ,13,synth,train
syn_w0_000173_haku_nuibin_bti_risi_ᚼᛅᚴᚢ᛬ᚾᚢᛁᛒᛁᚾ᛬ᛒᛏᛁ᛬ᚱᛁᛋᛁ.png,w0,173,haku nuibin bti risi,ᚼᛅᚴᚢ᛬ᚾᚢᛁᛒᛁᚾ᛬ᛒᛏᛁ᛬ᚱᛁᛋᛁ,17,synth,train
syn_w0_000173_hiona_bruþr_tenna_ᚼᛁᚮᚾᛅ᛬ᛒᚱᚢᚦᚱ᛬ᛏᛂᚾᚾᛅ.png,w0,173,hiona bruþr tenna,ᚼᛁᚮᚾᛅ᛬ᛒᚱᚢᚦᚱ᛬ᛏᛂᚾᚾᛅ,15,synth,train
syn_w0_000173_karla_ᚴᛅᚱᛚᛅ.png,w0,173,karla,ᚴᛅᚱᛚᛅ,5,synth,train
syn_w0_000173_kunar_isin_ulbiarn_ᚴᚢᚾᛅᚱ᛬ᛁᛋᛁᚾ᛬ᚢᛚᛒᛁᛅᚱᚾ.png,w0,173,kunar isin ulbiarn,ᚴᚢᚾᛅᚱ᛬ᛁᛋᛁᚾ᛬ᚢᛚᛒᛁᛅᚱᚾ,16,synth,train
syn_w0_000173_kuæþiu_ium_kiara_ᚴᚢᚫᚦᛁᚢ᛬ᛁᚢᛘ᛬ᚴᛁᛅᚱᛅ.png,w0,173,kuæþiu ium kiara,ᚴᚢᚫᚦᛁᚢ᛬ᛁᚢᛘ᛬ᚴᛁᛅᚱᛅ,14,synth,train
syn_w0_000173_sin_ᛋᛁᚾ.png,w0,173,sin,ᛋᛁᚾ,3,synth,train
syn_w0_000173_uþulfr_ᚢᚦᚢᛚᚠᚱ.png,w0,173,uþulfr,ᚢᚦᚢᛚᚠᚱ,6,synth,train
syn_w0_000174_auk_ᛅᚢᚴ.png,w0,174,auk,ᛅᚢᚴ,3,synth,train
syn_w0_000174_ayulf_ᛅᚤᚢᛚᚠ.png,w0,174,ayulf,ᛅᚤᚢᛚᚠ,5,synth,train
syn_w0_000174_eki_iek_saul_ᛂᚴᛁ᛬ᛁᛂᚴ᛬ᛋᛅᚢᛚ.png,w0,174,eki iek saul,ᛂᚴᛁ᛬ᛁᛂᚴ᛬ᛋᛅᚢᛚ,10,synth,train
syn_w0_000174_inka_haur_kra_lbi_ᛁᚾᚴᛅ᛬ᚼᛅᚢᚱ᛬ᚴᚱᛅ᛬ᛚᛒᛁ.png,w0,174,inka haur kra lbi,ᛁᚾᚴᛅ᛬ᚼᛅᚢᚱ᛬ᚴᚱᛅ᛬ᛚᛒᛁ,14,synth,train
syn_w0_000174_ioron_þona_istaen_þelfi_ᛁᚮᚱᚮᚾ᛬ᚦᚮᚾᛅ᛬ᛁᛋᛏᛅᛂᚾ᛬ᚦᛂᛚᚠᛁ.png,w0,174,ioron þona istaen þelfi,ᛁᚮᚱᚮᚾ᛬ᚦᚮᚾᛅ᛬ᛁᛋᛏᛅᛂᚾ᛬ᚦᛂᛚᚠᛁ,20,synth,train
syn_w0_000174_miþ_ᛘᛁᚦ.png,w0,174,miþ,ᛘᛁᚦ,3,synth,train
syn_w0_000174_taþi_gerþi_alu_aliR_ᛏᛅᚦᛁ᛬ᚵᛂᚱᚦᛁ᛬ᛅᛚᚢ᛬ᛅᛚᛁᛦ.png,w0,174,taþi gerþi alu aliR,ᛏᛅᚦᛁ᛬ᚵᛂᚱᚦᛁ᛬ᛅᛚᚢ᛬ᛅᛚᛁᛦ,16,synth,val
syn_w0_000175_baþa_ᛒᛅᚦᛅ.png,w0,175,baþa,ᛒᛅᚦᛅ,4,synth,train
syn_w0_000175_eptirR_risþi_giarþi_utr_ᛂᛔᛏᛁᚱᛦ᛬ᚱᛁᛋᚦᛁ᛬ᚵᛁᛅᚱᚦᛁ᛬ᚢᛏᚱ.png,w0,175,eptirR risþi giarþi utr,ᛂᛔᛏᛁᚱᛦ᛬ᚱᛁᛋᚦᛁ᛬ᚵᛁᛅᚱᚦᛁ᛬ᚢᛏᚱ,20,synth,train
syn_w0_000175_faþur_satu_eftiR_mikial_ᚠᛅᚦᚢᚱ᛬ᛋᛅᛏᚢ᛬ᛂᚠᛏᛁᛦ᛬ᛘᛁᚴᛁᛅᛚ.png,w0,175,faþur satu eftiR mikial,ᚠᛅᚦᚢᚱ᛬ᛋᛅᛏᚢ᛬ᛂᚠᛏᛁᛦ᛬ᛘᛁᚴᛁᛅᛚ,20,synth,train
syn_w0_000175_nnstr_þisa_ᚾᚾᛋᛏᚱ᛬ᚦᛁᛋᛅ.png,w0,175,nnstr þisa,ᚾᚾᛋᛏᚱ᛬ᚦᛁᛋᛅ,9,synth,train
syn_w0_000175_raisa_alfkiR_þeR_ᚱᛅᛁᛋᛅ᛬ᛅᛚᚠᚴᛁᛦ᛬ᚦᛂᛦ.png,w0,175,raisa alfkiR þeR,ᚱᛅᛁᛋᛅ᛬ᛅᛚᚠᚴᛁᛦ᛬ᚦᛂᛦ,14,synth,test
syn_w0_000175_riþi_hialpi_þmkiiissstttiiilll_ᚱᛁᚦᛁ᛬ᚼᛁᛅᛚᛔᛁ᛬ᚦᛘᚴᛁᛁᛁᛋᛋᛋᛏᛏᛏᛁᛁᛁᛚᛚᛚ.png,w0,175,riþi hialpi þmkiiissstttiiilll,ᚱᛁᚦᛁ᛬ᚼᛁᛅᛚᛔᛁ᛬ᚦᛘᚴᛁᛁᛁᛋᛋᛋᛏᛏᛏᛁᛁᛁᛚᛚᛚ,28,synth,train
syn_w0_000175_þaiR_sir_keiRlifR_ᚦᛅᛁᛦ᛬ᛋᛁᚱ᛬ᚴᛂᛁᛦᛚᛁᚠᛦ.png,w0,175,þaiR sir keiRlifR,ᚦᛅᛁᛦ᛬ᛋᛁᚱ᛬ᚴᛂᛁᛦᛚᛁᚠᛦ,15,synth,train
syn_w0_000176_afi_þriR_ᛅᚠᛁ᛬ᚦᚱᛁᛦ.png,w0,176,afi þriR,ᛅᚠᛁ᛬ᚦᚱᛁᛦ,7,synth,val
syn_w0_000176_bala_beþi_uniþik_uakæ_ᛒᛅᛚᛅ᛬ᛒᛂᚦᛁ᛬ᚢᚾᛁᚦᛁᚴ᛬ᚢᛅᚴᚫ.png,w0,176,bala beþi uniþik uakæ,ᛒᛅᛚᛅ᛬ᛒᛂᚦᛁ᛬ᚢᚾᛁᚦᛁᚴ᛬ᚢᛅᚴᚫ,18,synth,train
syn_w0_000176_botuiðar_þøy_bysiR_ihel_ᛒᚮᛏᚢᛁᚧᛅᚱ᛬ᚦᚯᚤ᛬ᛒᚤᛋᛁᛦ᛬ᛁᚼᛂᛚ.png,w0,176,botuiðar þøy bysiR ihel,ᛒᚮᛏᚢᛁᚧᛅᚱ᛬ᚦᚯᚤ᛬ᛒᚤᛋᛁᛦ᛬ᛁᚼᛂᛚ,20,synth,train
syn_w0_000176_frystain_tyki_ᚠᚱᚤᛋᛏᛅᛁᚾ᛬ᛏᚤᚴᛁ.png,w0,176,frystain tyki,ᚠᚱᚤᛋᛏᛅᛁᚾ᛬ᛏᚤᚴᛁ,12,synth,train
syn_w0_000176_iarut_tiR_stan_isbiun_ᛁᛅᚱᚢᛏ᛬ᛏᛁᛦ᛬ᛋᛏᛅᚾ᛬ᛁᛋᛒᛁᚢᚾ.png,w0,176,iarut tiR stan isbiun,ᛁᛅᚱᚢᛏ᛬ᛏᛁᛦ᛬ᛋᛏᛅᚾ᛬ᛁᛋᛒᛁᚢᚾ,18,synth,train
syn_w0_000176_sunatr_girkha_rat_ᛋᚢᚾᛅᛏᚱ᛬ᚵᛁᚱᚴᚼᛅ᛬ᚱᛅᛏ.png,w0,176,sunatr girkha rat,ᛋᚢᚾᛅᛏᚱ᛬ᚵᛁᚱᚴᚼᛅ᛬ᚱᛅᛏ,15,synth,train
syn_w0_000176_uoþær_ᚢᚮᚦᚫᚱ.png,w0,176,uoþær,ᚢᚮᚦᚫᚱ,5,synth,train
syn_w0_000177_faþur_istu_raistu_ᚠᛅᚦᚢᚱ᛬ᛁᛋᛏᚢ᛬ᚱᛅᛁᛋᛏᚢ.png,w0,177,faþur istu raistu,ᚠᛅᚦᚢᚱ᛬ᛁᛋᛏᚢ᛬ᚱᛅᛁᛋᛏᚢ,15,synth,train
syn_w0_000177_haluia_þæs_ᚼᛅᛚᚢᛁᛅ᛬ᚦᚫᛋ.png,w0,177,haluia þæs,ᚼᛅᛚᚢᛁᛅ᛬ᚦᚫᛋ,9,synth,train
syn_w0_000177_selu_ᛋᛂᛚᚢ.png,w0,177,selu,ᛋᛂᛚᚢ,4,synth,train
syn_w0_000177_utruks_krtto_ᚢᛏᚱᚢᚴᛋ᛬ᚴᚱᛏᛏᚮ.png,w0,177,utruks krtto,ᚢᛏᚱᚢᚴᛋ᛬ᚴᚱᛏᛏᚮ,11,synth,train
syn_w0_000177_þaiR_hil_sin_ili_ᚦᛅᛁᛦ᛬ᚼᛁᛚ᛬ᛋᛁᚾ᛬ᛁᛚᛁ.png,w0,177,þaiR hil sin ili,ᚦᛅᛁᛦ᛬ᚼᛁᛚ᛬ᛋᛁᚾ᛬ᛁᛚᛁ,13,synth,train
syn_w0_000177_þairi_filii_þurstins_sten_ᚦᛅᛁᚱᛁ᛬ᚠᛁᛚᛁᛁ᛬ᚦᚢᚱᛋᛏᛁᚾᛋ᛬ᛋᛏᛂᚾ.png,w0,177,þairi filii þurstins sten,ᚦᛅᛁᚱᛁ᛬ᚠᛁᛚᛁᛁ᛬ᚦᚢᚱᛋᛏᛁᚾᛋ᛬ᛋᛏᛂᚾ,22,synth,train
syn_w0_000177_þæn_fyrer_sunR_risny_ᚦᚫᚾ᛬ᚠᚤᚱᛂᚱ᛬ᛋᚢᚾᛦ᛬ᚱᛁᛋᚾᚤ.png,w0,177,þæn fyrer sunR risny,ᚦᚫᚾ᛬ᚠᚤᚱᛂᚱ᛬ᛋᚢᚾᛦ᛬ᚱᛁᛋᚾᚤ,17,synth,train
syn_w0_000178_arnaþar_uaistr_lþi_ᛅᚱᚾᛅᚦᛅᚱ᛬ᚢᛅᛁᛋᛏᚱ᛬ᛚᚦᛁ.png,w0,178,arnaþar uaistr lþi,ᛅᚱᚾᛅᚦᛅᚱ᛬ᚢᛅᛁᛋᛏᚱ᛬ᛚᚦᛁ,16,synth,train
syn_w0_000178_eftiR_mor_ᛂᚠᛏᛁᛦ᛬ᛘᚮᚱ.png,w0,178,eftiR mor,ᛂᚠᛏᛁᛦ᛬ᛘᚮᚱ,8,synth,train
syn_w0_000178_faður_æstreþ_ifir_ᚠᛅᚧᚢᚱ᛬ᚫᛋᛏᚱᛂᚦ᛬ᛁᚠᛁᚱ.png,w0,178,faður æstreþ ifir,ᚠᛅᚧᚢᚱ᛬ᚫᛋᛏᚱᛂᚦ᛬ᛁᚠᛁᚱ,15,synth,train
syn_w0_000178_fti_kþan_merki_ᚠᛏᛁ᛬ᚴᚦᛅᚾ᛬ᛘᛂᚱᚴᛁ.png,w0,178,fti kþan merki,ᚠᛏᛁ᛬ᚴᚦᛅᚾ᛬ᛘᛂᚱᚴᛁ,12,synth,train
syn_w0_000178_hulmstin_ubl_silf_ᚼᚢᛚᛘᛋᛏᛁᚾ᛬ᚢᛒᛚ᛬ᛋᛁᛚᚠ.png,w0,178,hulmstin ubl silf,ᚼᚢᛚᛘᛋᛏᛁᚾ᛬ᚢᛒᛚ᛬ᛋᛁᛚᚠ,15,synth,train
syn_w0_000178_nar_þita_kubl_kristus_ᚾᛅᚱ᛬ᚦᛁᛏᛅ᛬ᚴᚢᛒᛚ᛬ᚴᚱᛁᛋᛏᚢᛋ.png,w0,178,nar þita kubl kristus,ᚾᛅᚱ᛬ᚦᛁᛏᛅ᛬ᚴᚢᛒᛚ᛬ᚴᚱᛁᛋᛏᚢᛋ,18,synth,train
syn_w0_000178_urn_reisa_sun_aus_ᚢᚱᚾ᛬ᚱᛂᛁᛋᛅ᛬ᛋᚢᚾ᛬ᛅᚢᛋ.png,w0,178,urn reisa sun aus,ᚢᚱᚾ᛬ᚱᛂᛁᛋᛅ᛬ᛋᚢᚾ᛬ᛅᚢᛋ,14,synth,train
syn_w0_000179_hialmbi_faþur_ian_ᚼᛁᛅᛚᛘᛒᛁ᛬ᚠᛅᚦᚢᚱ᛬ᛁᛅᚾ.png,w0,179,hialmbi faþur ian,ᚼᛁᛅᛚᛘᛒᛁ᛬ᚠᛅᚦᚢᚱ᛬ᛁᛅᚾ,15,synth,train
syn_w0_000179_moþ_kulaug_wles_ᛘᚮᚦ᛬ᚴᚢᛚᛅᚢᚵ᛬ᚹᛚᛂᛋ.png,w0,179,moþ kulaug wles,ᛘᚮᚦ᛬ᚴᚢᛚᛅᚢᚵ᛬ᚹᛚᛂᛋ,13,synth,train
syn_w0_000179_niniR_iarlaba_kartuki_hans_ᚾᛁᚾᛁᛦ᛬ᛁᛅᚱᛚᛅᛒᛅ᛬ᚴᛅᚱᛏᚢᚴᛁ᛬ᚼᛅᚾᛋ.png,w0,179,niniR iarlaba kartuki hans,ᚾᛁᚾᛁᛦ᛬ᛁᛅᚱᛚᛅᛒᛅ᛬ᚴᛅᚱᛏᚢᚴᛁ᛬ᚼᛅᚾᛋ,23,synth,train
syn_w0_000179_risto_fnþur_ᚱᛁᛋᛏᚮ᛬ᚠᚾᚦᚢᚱ.png,w0,179,risto fnþur,ᚱᛁᛋᛏᚮ᛬ᚠᚾᚦᚢᚱ,10,synth,train
syn_w0_000179_ristr_ᚱᛁᛋᛏᚱ.png,w0,179,ristr,ᚱᛁᛋᛏᚱ,5,synth,train
syn_w0_000179_srahnu_auk_fRlaka_ᛋᚱᛅᚼᚾᚢ᛬ᛅᚢᚴ᛬ᚠᛦᛚᛅᚴᛅ.png,w0,179,srahnu auk fRlaka,ᛋᚱᛅᚼᚾᚢ᛬ᛅᚢᚴ᛬ᚠᛦᛚᛅᚴᛅ,15,synth,train
syn_w0_000179_tuki_ati_rbf_ᛏᚢᚴᛁ᛬ᛅᛏᛁ᛬ᚱᛒᚠ.png,w0,179,tuki ati rbf,ᛏᚢᚴᛁ᛬ᛅᛏᛁ᛬ᚱᛒᚠ,10,synth,train
syn_w0_000180_baki_ris_ᛒᛅᚴᛁ᛬ᚱᛁᛋ.png,w0,180,baki ris,ᛒᛅᚴᛁ᛬ᚱᛁᛋ,7,synth,train
syn_w0_000180_fnþur_ᚠᚾᚦᚢᚱ.png,w0,180,fnþur,ᚠᚾᚦᚢᚱ,5,synth,train
syn_w0_000180_hala_ᚼᛅᛚᛅ.png,w0,180,hala,ᚼᛅᛚᛅ,4,synth,val
syn_w0_000180_kuþ_runoz_sem_sil_ᚴᚢᚦ᛬ᚱᚢᚾᚮᛎ᛬ᛋᛂᛘ᛬ᛋᛁᛚ.png,w0,180,kuþ runoz sem sil,ᚴᚢᚦ᛬ᚱᚢᚾᚮᛎ᛬ᛋᛂᛘ᛬ᛋᛁᛚ,14,synth,train
syn_w0_000180_uan_uust_ᚢᛅᚾ᛬ᚢᚢᛋᛏ.png,w0,180,uan uust,ᚢᛅᚾ᛬ᚢᚢᛋᛏ,7,synth,train
syn_w0_000180_uar_ᚢᛅᚱ.png,w0,180,uar,ᚢᛅᚱ,3,synth,train
syn_w0_000180_þætta_ᚦᚫᛏᛏᛅ.png,w0,180,þætta,ᚦᚫᛏᛏᛅ,5,synth,train
syn_w0_000181_biaurn_ᛒᛁᛅᚢᚱᚾ.png,w0,181,biaurn,ᛒᛁᛅᚢᚱᚾ,6,synth,train
syn_w0_000181_hans_ᚼᛅᚾᛋ.png,w0,181,hans,ᚼᛅᚾᛋ,4,synth,test
syn_w0_000181_help_uær_eftiR_ᚼᛂᛚᛔ᛬ᚢᚫᚱ᛬ᛂᚠᛏᛁᛦ.png,w0,181,help uær eftiR,ᚼᛂᛚᛔ᛬ᚢᚫᚱ᛬ᛂᚠᛏᛁᛦ,12,synth,train
syn_w0_000181_hilfnai_krist_þąisi_ᚼᛁᛚᚠᚾᛅᛁ᛬ᚴᚱᛁᛋᛏ᛬ᚦᚬᛁᛋᛁ.png,w0,181,hilfnai krist þąisi,ᚼᛁᛚᚠᚾᛅᛁ᛬ᚴᚱᛁᛋᛏ᛬ᚦᚬᛁᛋᛁ,17,synth,train
syn_w0_000181_kys_ᚴᚤᛋ.png,w0,181,kys,ᚴᚤᛋ,3,synth,train
syn_w0_000181_sit_tain_ᛋᛁᛏ᛬ᛏᛅᛁᚾ.png,w0,181,sit tain,ᛋᛁᛏ᛬ᛏᛅᛁᚾ,7,synth,train
syn_w0_000181_uakæ_agla_ᚢᛅᚴᚫ᛬ᛅᚵᛚᛅ.png,w0,181,uakæ agla,ᚢᛅᚴᚫ᛬ᛅᚵᛚᛅ,8,synth,train
syn_w0_000182_faþur_ᚠᛅᚦᚢᚱ.png,w0,182,faþur,ᚠᛅᚦᚢᚱ,5,synth,train
syn_w0_000182_gRra_liub_atn_goþa_ᚵᛦᚱᛅ᛬ᛚᛁᚢᛒ᛬ᛅᛏᚾ᛬ᚵᚮᚦᛅ.png,w0,182,gRra liub atn goþa,ᚵᛦᚱᛅ᛬ᛚᛁᚢᛒ᛬ᛅᛏᚾ᛬ᚵᚮᚦᛅ,15,synth,train
syn_w0_000182_hus_ᚼᚢᛋ.png,w0,182,hus,ᚼᚢᛋ,3,synth,train
syn_w0_000182_lit_stur_ᛚᛁᛏ᛬ᛋᛏᚢᚱ.png,w0,182,lit stur,ᛚᛁᛏ᛬ᛋᛏᚢᚱ,7,synth,train
syn_w0_000182_runoR_aþu_ena_ierk_ᚱᚢᚾᚮᛦ᛬ᛅᚦᚢ᛬ᛂᚾᛅ᛬ᛁᛂᚱᚴ.png,w0,182,runoR aþu ena ierk,ᚱᚢᚾᚮᛦ᛬ᛅᚦᚢ᛬ᛂᚾᛅ᛬ᛁᛂᚱᚴ,15,synth,train
syn_w0_000182_stia_sin_kiRfast_þikno_ᛋᛏᛁᛅ᛬ᛋᛁᚾ᛬ᚴᛁᛦᚠᛅᛋᛏ᛬ᚦᛁᚴᚾᚮ.png,w0,182,stia sin kiRfast þikno,ᛋᛏᛁᛅ᛬ᛋᛁᚾ᛬ᚴᛁᛦᚠᛅᛋᛏ᛬ᚦᛁᚴᚾᚮ,19,synth,train
syn_w0_000182_uiþr_ᚢᛁᚦᚱ.png,w0,182,uiþr,ᚢᛁᚦᚱ,4,synth,train
syn_w0_000183_arfar_ᛅᚱᚠᛅᚱ.png,w0,183,arfar,ᛅᚱᚠᛅᚱ,5,synth,train
syn_w0_000183_hat_faþur_arþa_risi_ᚼᛅᛏ᛬ᚠᛅᚦᚢᚱ᛬ᛅᚱᚦᛅ᛬ᚱᛁᛋᛁ.png,w0,183,hat faþur arþa risi,ᚼᛅᛏ᛬ᚠᛅᚦᚢᚱ᛬ᛅᚱᚦᛅ᛬ᚱᛁᛋᛁ,16,synth,train
syn_w0_000183_hus_ᚼᚢᛋ.png,w0,183,hus,ᚼᚢᛋ,3,synth,train
syn_w0_000183_kauta_ᚴᛅᚢᛏᛅ.png,w0,183,kauta,ᚴᛅᚢᛏᛅ,5,synth,train
syn_w0_000183_krim_þair_nom_ᚴᚱᛁᛘ᛬ᚦᛅᛁᚱ᛬ᚾᚮᛘ.png,w0,183,krim þair nom,ᚴᚱᛁᛘ᛬ᚦᛅᛁᚱ᛬ᚾᚮᛘ,11,synth,train
syn_w0_000183_ulfr_fahna_aþis_ᚢᛚᚠᚱ᛬ᚠᛅᚼᚾᛅ᛬ᛅᚦᛁᛋ.png,w0,183,ulfr fahna aþis,ᚢᛚᚠᚱ᛬ᚠᛅᚼᚾᛅ᛬ᛅᚦᛁᛋ,13,synth,train
syn_w0_000183_þuþ_ᚦᚢᚦ.png,w0,183,þuþ,ᚦᚢᚦ,3,synth,train
syn_w0_000184_biþir_kuþmutr_þura_arfaR_ᛒᛁᚦᛁᚱ᛬ᚴᚢᚦᛘᚢᛏᚱ᛬ᚦᚢᚱᛅ᛬ᛅᚱᚠᛅᛦ.png,w0,184,biþir kuþmutr þura arfaR,ᛒᛁᚦᛁᚱ᛬ᚴᚢᚦᛘᚢᛏᚱ᛬ᚦᚢᚱᛅ᛬ᛅᚱᚠᛅᛦ,21,synth,train
syn_w0_000184_faki_eyk_sarta_ᚠᛅᚴᛁ᛬ᛂᚤᚴ᛬ᛋᛅᚱᛏᛅ.png,w0,184,faki eyk sarta,ᚠᛅᚴᛁ᛬ᛂᚤᚴ᛬ᛋᛅᚱᛏᛅ,12,synth,train
syn_w0_000184_haraldær_kun_kaiRl_folki_ᚼᛅᚱᛅᛚᛑᚫᚱ᛬ᚴᚢᚾ᛬ᚴᛅᛁᛦᛚ᛬ᚠᚮᛚᚴᛁ.png,w0,184,haraldær kun kaiRl folki,ᚼᛅᚱᛅᛚᛑᚫᚱ᛬ᚴᚢᚾ᛬ᚴᛅᛁᛦᛚ᛬ᚠᚮᛚᚴᛁ,21,synth,train
syn_w0_000184_ilka_felaha_reþbu_mana_ᛁᛚᚴᛅ᛬ᚠᛂᛚᛅᚼᛅ᛬ᚱᛂᚦᛒᚢ᛬ᛘᛅᚾᛅ.png,w0,184,ilka felaha reþbu mana,ᛁᛚᚴᛅ᛬ᚠᛂᛚᛅᚼᛅ᛬ᚱᛂᚦᛒᚢ᛬ᛘᛅᚾᛅ,19,synth,train
syn_w0_000184_stin_fadur_sun_ᛋᛏᛁᚾ᛬ᚠᛅᛑᚢᚱ᛬ᛋᚢᚾ.png,w0,184,stin fadur sun,ᛋᛏᛁᚾ᛬ᚠᛅᛑᚢᚱ᛬ᛋᚢᚾ,12,synth,train
syn_w0_000184_tiuRo_ᛏᛁᚢᛦᚮ.png,w0,184,tiuRo,ᛏᛁᚢᛦᚮ,5,synth,train
syn_w0_000184_þai_hie_ofi_ᚦᛅᛁ᛬ᚼᛁᛂ᛬ᚮᚠᛁ.png,w0,184,þai hie ofi,ᚦᛅᛁ᛬ᚼᛁᛂ᛬ᚮᚠᛁ,9,synth,test
syn_w0_000185_Rftia_þis_staina_ᛦᚠᛏᛁᛅ᛬ᚦᛁᛋ᛬ᛋᛏᛅᛁᚾᛅ.png,w0,185,Rftia þis staina,ᛦᚠᛏᛁᛅ᛬ᚦᛁᛋ᛬ᛋᛏᛅᛁᚾᛅ,14,synth,train
syn_w0_000185_faþu_þaR_idit_runaR_ᚠᛅᚦᚢ᛬ᚦᛅᛦ᛬ᛁᛑᛁᛏ᛬ᚱᚢᚾᛅᛦ.png,w0,185,faþu þaR idit runaR,ᚠᛅᚦᚢ᛬ᚦᛅᛦ᛬ᛁᛑᛁᛏ᛬ᚱᚢᚾᛅᛦ,16,synth,train
syn_w0_000185_fiakurum_aþu_fyrer_auk_ᚠᛁᛅᚴᚢᚱᚢᛘ᛬ᛅᚦᚢ᛬ᚠᚤᚱᛂᚱ᛬ᛅᚢᚴ.png,w0,185,fiakurum aþu fyrer auk,ᚠᛁᛅᚴᚢᚱᚢᛘ᛬ᛅᚦᚢ᛬ᚠᚤᚱᛂᚱ᛬ᛅᚢᚴ,19,synth,train
syn_w0_000185_hiwi_ᚼᛁᚹᛁ.png,w0,185,hiwi,ᚼᛁᚹᛁ,4,synth,train
syn_w0_000185_onk_niR_ubi_þas_ᚮᚾᚴ᛬ᚾᛁᛦ᛬ᚢᛒᛁ᛬ᚦᛅᛋ.png,w0,185,onk niR ubi þas,ᚮᚾᚴ᛬ᚾᛁᛦ᛬ᚢᛒᛁ᛬ᚦᛅᛋ,12,synth,train
syn_w0_000185_uarþi_uþin_eftir_ᚢᛅᚱᚦᛁ᛬ᚢᚦᛁᚾ᛬ᛂᚠᛏᛁᚱ.png,w0,185,uarþi uþin eftir,ᚢᛅᚱᚦᛁ᛬ᚢᚦᛁᚾ᛬ᛂᚠᛏᛁᚱ,14,synth,train
syn_w0_000185_ubi_faaþi_søtæn_uiha_ᚢᛒᛁ᛬ᚠᛅᛅᚦᛁ᛬ᛋᚯᛏᚫᚾ᛬ᚢᛁᚼᛅ.png,w0,185,ubi faaþi søtæn uiha,ᚢᛒᛁ᛬ᚠᛅᛅᚦᛁ᛬ᛋᚯᛏᚫᚾ᛬ᚢᛁᚼᛅ,17,synth,train
syn_w0_000186_anlaþis_lekia_faþ_þominus_ᛅᚾᛚᛅᚦᛁᛋ᛬ᛚᛂᚴᛁᛅ᛬ᚠᛅᚦ᛬ᚦᚮᛘᛁᚾᚢᛋ.png,w0,186,anlaþis lekia faþ þominus,ᛅᚾᛚᛅᚦᛁᛋ᛬ᛚᛂᚴᛁᛅ᛬ᚠᛅᚦ᛬ᚦᚮᛘᛁᚾᚢᛋ,22,synth,train
syn_w0_000186_eftiR_iorl_uarþi_sina_ᛂᚠᛏᛁᛦ᛬ᛁᚮᚱᛚ᛬ᚢᛅᚱᚦᛁ᛬ᛋᛁᚾᛅ.png,w0,186,eftiR iorl uarþi sina,ᛂᚠᛏᛁᛦ᛬ᛁᚮᚱᛚ᛬ᚢᛅᚱᚦᛁ᛬ᛋᛁᚾᛅ,18,synth,train
syn_w0_000186_iukiR_tiuhu_ᛁᚢᚴᛁᛦ᛬ᛏᛁᚢᚼᚢ.png,w0,186,iukiR tiuhu,ᛁᚢᚴᛁᛦ᛬ᛏᛁᚢᚼᚢ,10,synth,train
syn_w0_000186_koþr_þina_gregorius_ᚴᚮᚦᚱ᛬ᚦᛁᚾᛅ᛬ᚵᚱᛂᚵᚮᚱᛁᚢᛋ.png,w0,186,koþr þina gregorius,ᚴᚮᚦᚱ᛬ᚦᛁᚾᛅ᛬ᚵᚱᛂᚵᚮᚱᛁᚢᛋ,17,synth,train
syn_w0_000186_kuþan_siktriuk_faþur_ᚴᚢᚦᛅᚾ᛬ᛋᛁᚴᛏᚱᛁᚢᚴ᛬ᚠᛅᚦᚢᚱ.png,w0,186,kuþan siktriuk faþur,ᚴᚢᚦᛅᚾ᛬ᛋᛁᚴᛏᚱᛁᚢᚴ᛬ᚠᛅᚦᚢᚱ,18,synth,train
syn_w0_000186_litu_tul_ᛚᛁᛏᚢ᛬ᛏᚢᛚ.png,w0,186,litu tul,ᛚᛁᛏᚢ᛬ᛏᚢᛚ,7,synth,train
syn_w0_000186_þina_ᚦᛁᚾᛅ.png,w0,186,þina,ᚦᛁᚾᛅ,4,synth,train
syn_w0_000187_arn_þaiRa_mun_riða_ᛅᚱᚾ᛬ᚦᛅᛁᛦᛅ᛬ᛘᚢᚾ᛬ᚱᛁᚧᛅ.png,w0,187,arn þaiRa mun riða,ᛅᚱᚾ᛬ᚦᛅᛁᛦᛅ᛬ᛘᚢᚾ᛬ᚱᛁᚧᛅ,15,synth,train
syn_w0_000187_boan_krtto_leti_ᛒᚮᛅᚾ᛬ᚴᚱᛏᛏᚮ᛬ᛚᛂᛏᛁ.png,w0,187,boan krtto leti,ᛒᚮᛅᚾ᛬ᚴᚱᛏᛏᚮ᛬ᛚᛂᛏᛁ,13,synth,train
syn_w0_000187_fiavit_ᚠᛁᛅᚡᛁᛏ.png,w0,187,fiavit,ᚠᛁᛅᚡᛁᛏ,6,synth,train
syn_w0_000187_kaurua_afari_þessa_risti_ᚴᛅᚢᚱᚢᛅ᛬ᛅᚠᛅᚱᛁ᛬ᚦᛂᛋᛋᛅ᛬ᚱᛁᛋᛏᛁ.png,w0,187,kaurua afari þessa risti,ᚴᛅᚢᚱᚢᛅ᛬ᛅᚠᛅᚱᛁ᛬ᚦᛂᛋᛋᛅ᛬ᚱᛁᛋᛏᛁ,21,synth,train
syn_w0_000187_mundi_min_ᛘᚢᚾᛑᛁ᛬ᛘᛁᚾ.png,w0,187,mundi min,ᛘᚢᚾᛑᛁ᛬ᛘᛁᚾ,8,synth,train
syn_w0_000187_ragni_ᚱᛅᚵᚾᛁ.png,w0,187,ragni,ᚱᛅᚵᚾᛁ,5,synth,train
syn_w0_000187_yftir_uikmar_rnif_ᚤᚠᛏᛁᚱ᛬ᚢᛁᚴᛘᛅᚱ᛬ᚱᚾᛁᚠ.png,w0,187,yftir uikmar rnif,ᚤᚠᛏᛁᚱ᛬ᚢᛁᚴᛘᛅᚱ᛬ᚱᚾᛁᚠ,15,synth,train
syn_w0_000188_ailaif_aki_þir_þahn_ᛅᛁᛚᛅᛁᚠ᛬ᛅᚴᛁ᛬ᚦᛁᚱ᛬ᚦᛅᚼᚾ.png,w0,188,ailaif aki þir þahn,ᛅᛁᛚᛅᛁᚠ᛬ᛅᚴᛁ᛬ᚦᛁᚱ᛬ᚦᛅᚼᚾ,16,synth,train
syn_w0_000188_aug_hena_ais_treka_ᛅᚢᚵ᛬ᚼᛂᚾᛅ᛬ᛅᛁᛋ᛬ᛏᚱᛂᚴᛅ.png,w0,188,aug hena ais treka,ᛅᚢᚵ᛬ᚼᛂᚾᛅ᛬ᛅᛁᛋ᛬ᛏᚱᛂᚴᛅ,15,synth,train
syn_w0_000188_kisl_rmo_runa_biyrþ_ᚴᛁᛋᛚ᛬ᚱᛘᚮ᛬ᚱᚢᚾᛅ᛬ᛒᛁᚤᚱᚦ.png,w0,188,kisl rmo runa biyrþ,ᚴᛁᛋᛚ᛬ᚱᛘᚮ᛬ᚱᚢᚾᛅ᛬ᛒᛁᚤᚱᚦ,16,synth,train
syn_w0_000188_sun_suaþ_rolau_rasi_ᛋᚢᚾ᛬ᛋᚢᛅᚦ᛬ᚱᚮᛚᛅᚢ᛬ᚱᛅᛋᛁ.png,w0,188,sun suaþ rolau rasi,ᛋᚢᚾ᛬ᛋᚢᛅᚦ᛬ᚱᚮᛚᛅᚢ᛬ᚱᛅᛋᛁ,16,synth,train
syn_w0_000188_sþi_katily_ᛋᚦᛁ᛬ᚴᛅᛏᛁᛚᚤ.png,w0,188,sþi katily,ᛋᚦᛁ᛬ᚴᛅᛏᛁᛚᚤ,9,synth,train
syn_w0_000188_tik_suna_ᛏᛁᚴ᛬ᛋᚢᚾᛅ.png,w0,188,tik suna,ᛏᛁᚴ᛬ᛋᚢᚾᛅ,7,synth,train
syn_w0_000188_ulfR_ᚢᛚᚠᛦ.png,w0,188,ulfR,ᚢᛚᚠᛦ,4,synth,train
syn_w0_000189_aue_sen_brusi_uil_ᛅᚢᛂ᛬ᛋᛂᚾ᛬ᛒᚱᚢᛋᛁ᛬ᚢᛁᛚ.png,w0,189,aue sen brusi uil,ᛅᚢᛂ᛬ᛋᛂᚾ᛬ᛒᚱᚢᛋᛁ᛬ᚢᛁᛚ,14,synth,test
syn_w0_000189_butmuntr_onkugi_hunaltr_iak_ᛒᚢᛏᛘᚢᚾᛏᚱ᛬ᚮᚾᚴᚢᚵᛁ᛬ᚼᚢᚾᛅᛚᛏᚱ᛬ᛁᛅᚴ.png,w0,189,butmuntr onkugi hunaltr iak,ᛒᚢᛏᛘᚢᚾᛏᚱ᛬ᚮᚾᚴᚢᚵᛁ᛬ᚼᚢᚾᛅᛚᛏᚱ᛬ᛁᛅᚴ,24,synth,train
syn_w0_000189_iklanti_ᛁᚴᛚᛅᚾᛏᛁ.png,w0,189,iklanti,ᛁᚴᛚᛅᚾᛏᛁ,7,synth,train
syn_w0_000189_kriuriþon_itaR_aþi_rita_ᚴᚱᛁᚢᚱᛁᚦᚮᚾ᛬ᛁᛏᛅᛦ᛬ᛅᚦᛁ᛬ᚱᛁᛏᛅ.png,w0,189,kriuriþon itaR aþi rita,ᚴᚱᛁᚢᚱᛁᚦᚮᚾ᛬ᛁᛏᛅᛦ᛬ᛅᚦᛁ᛬ᚱᛁᛏᛅ,20,synth,train
syn_w0_000189_lunti_skurba_ronum_bry_ᛚᚢᚾᛏᛁ᛬ᛋᚴᚢᚱᛒᛅ᛬ᚱᚮᚾᚢᛘ᛬ᛒᚱᚤ.png,w0,189,lunti skurba ronum bry,ᛚᚢᚾᛏᛁ᛬ᛋᚴᚢᚱᛒᛅ᛬ᚱᚮᚾᚢᛘ᛬ᛒᚱᚤ,19,synth,train
syn_w0_000189_runaR_þans_ᚱᚢᚾᛅᛦ᛬ᚦᛅᚾᛋ.png,w0,189,runaR þans,ᚱᚢᚾᛅᛦ᛬ᚦᛅᚾᛋ,9,synth,train
syn_w0_000189_stotR_rita_ide_ᛋᛏᚮᛏᛦ᛬ᚱᛁᛏᛅ᛬ᛁᛑᛂ.png,w0,189,stotR rita ide,ᛋᛏᚮᛏᛦ᛬ᚱᛁᛏᛅ᛬ᛁᛑᛂ,12,synth,train
syn_w0_000190_arþ_ulfr_ᛅᚱᚦ᛬ᚢᛚᚠᚱ.png,w0,190,arþ ulfr,ᛅᚱᚦ᛬ᚢᛚᚠᚱ,7,synth,train
syn_w0_000190_fulk_bruþur_siba_ᚠᚢᛚᚴ᛬ᛒᚱᚢᚦᚢᚱ᛬ᛋᛁᛒᛅ.png,w0,190,fulk bruþur siba,ᚠᚢᛚᚴ᛬ᛒᚱᚢᚦᚢᚱ᛬ᛋᛁᛒᛅ,14,synth,train
syn_w0_000190_haa_þorstæin_ᚼᛅᛅ᛬ᚦᚮᚱᛋᛏᚫᛁᚾ.png,w0,190,haa þorstæin,ᚼᛅᛅ᛬ᚦᚮᚱᛋᛏᚫᛁᚾ,11,synth,val
syn_w0_000190_hons_ouk_þurunaR_ᚼᚮᚾᛋ᛬ᚮᚢᚴ᛬ᚦᚢᚱᚢᚾᛅᛦ.png,w0,190,hons ouk þurunaR,ᚼᚮᚾᛋ᛬ᚮᚢᚴ᛬ᚦᚢᚱᚢᚾᛅᛦ,14,synth,val
syn_w0_000190_ialm_ᛁᛅᛚᛘ.png,w0,190,ialm,ᛁᛅᛚᛘ,4,synth,train
syn_w0_000190_nobis_het_ᚾᚮᛒᛁᛋ᛬ᚼᛂᛏ.png,w0,190,nobis het,ᚾᚮᛒᛁᛋ᛬ᚼᛂᛏ,8,synth,train
syn_w0_000190_trik_kuþ_ᛏᚱᛁᚴ᛬ᚴᚢᚦ.png,w0,190,trik kuþ,ᛏᚱᛁᚴ᛬ᚴᚢᚦ,7,synth,train
syn_w0_000191_byr_klænt_þorstin_haima_ᛒᚤᚱ᛬ᚴᛚᚫᚾᛏ᛬ᚦᚮᚱᛋᛏᛁᚾ᛬ᚼᛅᛁᛘᛅ.png,w0,191,byr klænt þorstin haima,ᛒᚤᚱ᛬ᚴᛚᚫᚾᛏ᛬ᚦᚮᚱᛋᛏᛁᚾ᛬ᚼᛅᛁᛘᛅ,20,synth,train
syn_w0_000191_friþ_iak_mik_onon_ᚠᚱᛁᚦ᛬ᛁᛅᚴ᛬ᛘᛁᚴ᛬ᚮᚾᚮᚾ.png,w0,191,friþ iak mik onon,ᚠᚱᛁᚦ᛬ᛁᛅᚴ᛬ᛘᛁᚴ᛬ᚮᚾᚮᚾ,14,synth,train
syn_w0_000191_retu_hika_ᚱᛂᛏᚢ᛬ᚼᛁᚴᛅ.png,w0,191,retu hika,ᚱᛂᛏᚢ᛬ᚼᛁᚴᛅ,8,synth,train
syn_w0_000191_rikiR_fþbuha_sar_lus_ᚱᛁᚴᛁᛦ᛬ᚠᚦᛒᚢᚼᛅ᛬ᛋᛅᚱ᛬ᛚᚢᛋ.png,w0,191,rikiR fþbuha sar lus,ᚱᛁᚴᛁᛦ᛬ᚠᚦᛒᚢᚼᛅ᛬ᛋᛅᚱ᛬ᛚᚢᛋ,17,synth,train
syn_w0_000191_sin_ᛋᛁᚾ.png,w0,191,sin,ᛋᛁᚾ,3,synth,train
syn_w0_000191_tutur_biu_rauþu_iutiR_ᛏᚢᛏᚢᚱ᛬ᛒᛁᚢ᛬ᚱᛅᚢᚦᚢ᛬ᛁᚢᛏᛁᛦ.png,w0,191,tutur biu rauþu iutiR,ᛏᚢᛏᚢᚱ᛬ᛒᛁᚢ᛬ᚱᛅᚢᚦᚢ᛬ᛁᚢᛏᛁᛦ,18,synth,train
syn_w0_000191_þesi_benedicta_aurikia_uel_ᚦᛂᛋᛁ᛬ᛒᛂᚾᛂᛑᛁᛍᛏᛅ᛬ᛅᚢᚱᛁᚴᛁᛅ᛬ᚢᛂᛚ.png,w0,191,þesi benedicta aurikia uel,ᚦᛂᛋᛁ᛬ᛒᛂᚾᛂᛑᛁᛍᛏᛅ᛬ᛅᚢᚱᛁᚴᛁᛅ᛬ᚢᛂᛚ,23,synth,train
syn_w0_000192_bruþr_fili_uaþ_ᛒᚱᚢᚦᚱ᛬ᚠᛁᛚᛁ᛬ᚢᛅᚦ.png,w0,192,bruþr fili uaþ,ᛒᚱᚢᚦᚱ᛬ᚠᛁᛚᛁ᛬ᚢᛅᚦ,12,synth,train
syn_w0_000192_kuþan_fikiulf_siluaus_runoR_ᚴᚢᚦᛅᚾ᛬ᚠᛁᚴᛁᚢᛚᚠ᛬ᛋᛁᛚᚢᛅᚢᛋ᛬ᚱᚢᚾᚮᛦ.png,w0,192,kuþan fikiulf siluaus runoR,ᚴᚢᚦᛅᚾ᛬ᚠᛁᚴᛁᚢᛚᚠ᛬ᛋᛁᛚᚢᛅᚢᛋ᛬ᚱᚢᚾᚮᛦ,24,synth,train
syn_w0_000192_kuþan_stain_kira_ᚴᚢᚦᛅᚾ᛬ᛋᛏᛅᛁᚾ᛬ᚴᛁᚱᛅ.png,w0,192,kuþan stain kira,ᚴᚢᚦᛅᚾ᛬ᛋᛏᛅᛁᚾ᛬ᚴᛁᚱᛅ,14,synth,train
syn_w0_000192_niniR_uorb_man_nytan_ᚾᛁᚾᛁᛦ᛬ᚢᚮᚱᛒ᛬ᛘᛅᚾ᛬ᚾᚤᛏᛅᚾ.png,w0,192,niniR uorb man nytan,ᚾᛁᚾᛁᛦ᛬ᚢᚮᚱᛒ᛬ᛘᛅᚾ᛬ᚾᚤᛏᛅᚾ,17,synth,val
syn_w0_000192_nsi_ont_ᚾᛋᛁ᛬ᚮᚾᛏ.png,w0,192,nsi ont,ᚾᛋᛁ᛬ᚮᚾᛏ,6,synth,train
syn_w0_000192_resa_uikikr_sua_harbara_ᚱᛂᛋᛅ᛬ᚢᛁᚴᛁᚴᚱ᛬ᛋᚢᛅ᛬ᚼᛅᚱᛒᛅᚱᛅ.png,w0,192,resa uikikr sua harbara,ᚱᛂᛋᛅ᛬ᚢᛁᚴᛁᚴᚱ᛬ᛋᚢᛅ᛬ᚼᛅᚱᛒᛅᚱᛅ,20,synth,train
syn_w0_000192_þurlak_kofriþ_iftR_ᚦᚢᚱᛚᛅᚴ᛬ᚴᚮᚠᚱᛁᚦ᛬ᛁᚠᛏᛦ.png,w0,192,þurlak kofriþ iftR,ᚦᚢᚱᛚᛅᚴ᛬ᚴᚮᚠᚱᛁᚦ᛬ᛁᚠᛏᛦ,16,synth,train
syn_w0_000193_adonai_ᛅᛑᚮᚾᛅᛁ.png,w0,193,adonai,ᛅᛑᚮᚾᛅᛁ,6,synth,train
syn_w0_000193_balsi_stiubmoþur_ᛒᛅᛚᛋᛁ᛬ᛋᛏᛁᚢᛒᛘᚮᚦᚢᚱ.png,w0,193,balsi stiubmoþur,ᛒᛅᛚᛋᛁ᛬ᛋᛏᛁᚢᛒᛘᚮᚦᚢᚱ,15,synth,test
syn_w0_000193_bar_kuisk_afton_dihsse_ᛒᛅᚱ᛬ᚴᚢᛁᛋᚴ᛬ᛅᚠᛏᚮᚾ᛬ᛑᛁᚼᛋᛋᛂ.png,w0,193,bar kuisk afton dihsse,ᛒᛅᚱ᛬ᚴᚢᛁᛋᚴ᛬ᛅᚠᛏᚮᚾ᛬ᛑᛁᚼᛋᛋᛂ,19,synth,train
syn_w0_000193_ftir_tae_sehkurþ_ᚠᛏᛁᚱ᛬ᛏᛅᛂ᛬ᛋᛂᚼᚴᚢᚱᚦ.png,w0,193,ftir tae sehkurþ,ᚠᛏᛁᚱ᛬ᛏᛅᛂ᛬ᛋᛂᚼᚴᚢᚱᚦ,14,synth,train
syn_w0_000193_niu_bilik_ᚾᛁᚢ᛬ᛒᛁᛚᛁᚴ.png,w0,193,niu bilik,ᚾᛁᚢ᛬ᛒᛁᛚᛁᚴ,8,synth,train
syn_w0_000193_raiþ_ᚱᛅᛁᚦ.png,w0,193,raiþ,ᚱᛅᛁᚦ,4,synth,train
syn_w0_000193_uitrik_ulit_krat_tauþr_ᚢᛁᛏᚱᛁᚴ᛬ᚢᛚᛁᛏ᛬ᚴᚱᛅᛏ᛬ᛏᛅᚢᚦᚱ.png,w0,193,uitrik ulit krat tauþr,ᚢᛁᛏᚱᛁᚴ᛬ᚢᛚᛁᛏ᛬ᚴᚱᛅᛏ᛬ᛏᛅᚢᚦᚱ,19,synth,val
syn_w0_000194_biþer_sihnum_ᛒᛁᚦᛂᚱ᛬ᛋᛁᚼᚾᚢᛘ.png,w0,194,biþer sihnum,ᛒᛁᚦᛂᚱ᛬ᛋᛁᚼᚾᚢᛘ,11,synth,train
syn_w0_000194_branti_ᛒᚱᛅᚾᛏᛁ.png,w0,194,branti,ᛒᚱᛅᚾᛏᛁ,6,synth,train
syn_w0_000194_fraistain_akiR_ᚠᚱᛅᛁᛋᛏᛅᛁᚾ᛬ᛅᚴᛁᛦ.png,w0,194,fraistain akiR,ᚠᚱᛅᛁᛋᛏᛅᛁᚾ᛬ᛅᚴᛁᛦ,13,synth,train
syn_w0_000194_kislauk_ᚴᛁᛋᛚᛅᚢᚴ.png,w0,194,kislauk,ᚴᛁᛋᛚᛅᚢᚴ,7,synth,val
syn_w0_000194_æintriþi_hiok_ᚫᛁᚾᛏᚱᛁᚦᛁ᛬ᚼᛁᚮᚴ.png,w0,194,æintriþi hiok,ᚫᛁᚾᛏᚱᛁᚦᛁ᛬ᚼᛁᚮᚴ,12,synth,test
syn_w0_000194_þena_satu_isunR_ᚦᛂᚾᛅ᛬ᛋᛅᛏᚢ᛬ᛁᛋᚢᚾᛦ.png,w0,194,þena satu isunR,ᚦᛂᚾᛅ᛬ᛋᛅᛏᚢ᛬ᛁᛋᚢᚾᛦ,13,synth,train
syn_w0_000194_þura_ᚦᚢᚱᛅ.png,w0,194,þura,ᚦᚢᚱᛅ,4,synth,train
syn_w0_000195_auk_gama_uitrik_ᛅᚢᚴ᛬ᚵᛅᛘᛅ᛬ᚢᛁᛏᚱᛁᚴ.png,w0,195,auk gama uitrik,ᛅᚢᚴ᛬ᚵᛅᛘᛅ᛬ᚢᛁᛏᚱᛁᚴ,13,synth,train
syn_w0_000195_hilkaiR_rita_fnþ_tuka_ᚼᛁᛚᚴᛅᛁᛦ᛬ᚱᛁᛏᛅ᛬ᚠᚾᚦ᛬ᛏᚢᚴᛅ.png,w0,195,hilkaiR rita fnþ tuka,ᚼᛁᛚᚴᛅᛁᛦ᛬ᚱᛁᛏᛅ᛬ᚠᚾᚦ᛬ᛏᚢᚴᛅ,18,synth,train
syn_w0_000195_raisti_asualt_ᚱᛅᛁᛋᛏᛁ᛬ᛅᛋᚢᛅᛚᛏ.png,w0,195,raisti asualt,ᚱᛅᛁᛋᛏᛁ᛬ᛅᛋᚢᛅᛚᛏ,12,synth,train
syn_w0_000195_sint_þissa_fem_ᛋᛁᚾᛏ᛬ᚦᛁᛋᛋᛅ᛬ᚠᛂᛘ.png,w0,195,sint þissa fem,ᛋᛁᚾᛏ᛬ᚦᛁᛋᛋᛅ᛬ᚠᛂᛘ,12,synth,val
syn_w0_000195_ulef_nik_lunti_ristu_ᚢᛚᛂᚠ᛬ᚾᛁᚴ᛬ᛚᚢᚾᛏᛁ᛬ᚱᛁᛋᛏᚢ.png,w0,195,ulef nik lunti ristu,ᚢᛚᛂᚠ᛬ᚾᛁᚴ᛬ᛚᚢᚾᛏᛁ᛬ᚱᛁᛋᛏᚢ,17,synth,train
syn_w0_000195_yfti_auk_faþur_þurfas_ᚤᚠᛏᛁ᛬ᛅᚢᚴ᛬ᚠᛅᚦᚢᚱ᛬ᚦᚢᚱᚠᛅᛋ.png,w0,195,yfti auk faþur þurfas,ᚤᚠᛏᛁ᛬ᛅᚢᚴ᛬ᚠᛅᚦᚢᚱ᛬ᚦᚢᚱᚠᛅᛋ,18,synth,train
syn_w0_000195_þir_ᚦᛁᚱ.png,w0,195,þir,ᚦᛁᚱ,3,synth,train
syn_w0_000196_den_rist_gauþz_ᛑᛂᚾ᛬ᚱᛁᛋᛏ᛬ᚵᛅᚢᚦᛎ.png,w0,196,den rist gauþz,ᛑᛂᚾ᛬ᚱᛁᛋᛏ᛬ᚵᛅᚢᚦᛎ,12,synth,train
syn_w0_000196_risþi_rfa_ligæ_ᚱᛁᛋᚦᛁ᛬ᚱᚠᛅ᛬ᛚᛁᚵᚫ.png,w0,196,risþi rfa ligæ,ᚱᛁᛋᚦᛁ᛬ᚱᚠᛅ᛬ᛚᛁᚵᚫ,12,synth,test
syn_w0_000196_runar_tein_ᚱᚢᚾᛅᚱ᛬ᛏᛂᛁᚾ.png,w0,196,runar tein,ᚱᚢᚾᛅᚱ᛬ᛏᛂᛁᚾ,9,synth,train
syn_w0_000196_stin_fti_uþur_ᛋᛏᛁᚾ᛬ᚠᛏᛁ᛬ᚢᚦᚢᚱ.png,w0,196,stin fti uþur,ᛋᛏᛁᚾ᛬ᚠᛏᛁ᛬ᚢᚦᚢᚱ,11,synth,train
syn_w0_000196_suiþbalki_usi_ift_hiuk_ᛋᚢᛁᚦᛒᛅᛚᚴᛁ᛬ᚢᛋᛁ᛬ᛁᚠᛏ᛬ᚼᛁᚢᚴ.png,w0,196,suiþbalki usi ift hiuk,ᛋᚢᛁᚦᛒᛅᛚᚴᛁ᛬ᚢᛋᛁ᛬ᛁᚠᛏ᛬ᚼᛁᚢᚴ,19,synth,train
syn_w0_000196_sustursun_sina_ᛋᚢᛋᛏᚢᚱᛋᚢᚾ᛬ᛋᛁᚾᛅ.png,w0,196,sustursun sina,ᛋᚢᛋᛏᚢᚱᛋᚢᚾ᛬ᛋᛁᚾᛅ,13,synth,train
syn_w0_000196_uifriþr_resþi_ᚢᛁᚠᚱᛁᚦᚱ᛬ᚱᛂᛋᚦᛁ.png,w0,196,uifriþr resþi,ᚢᛁᚠᚱᛁᚦᚱ᛬ᚱᛂᛋᚦᛁ,12,synth,train
syn_w0_000197_anuntr_ᛅᚾᚢᚾᛏᚱ.png,w0,197,anuntr,ᛅᚾᚢᚾᛏᚱ,6,synth,train
syn_w0_000197_att_slknasma_ᛅᛏᛏ᛬ᛋᛚᚴᚾᛅᛋᛘᛅ.png,w0,197,att slknasma,ᛅᛏᛏ᛬ᛋᛚᚴᚾᛅᛋᛘᛅ,11,synth,train
syn_w0_000197_bro_ᛒᚱᚮ.png,w0,197,bro,ᛒᚱᚮ,3,synth,train
syn_w0_000197_buata_ᛒᚢᛅᛏᛅ.png,w0,197,buata,ᛒᚢᛅᛏᛅ,5,synth,train
syn_w0_000197_husu_tuþr_risti_ᚼᚢᛋᚢ᛬ᛏᚢᚦᚱ᛬ᚱᛁᛋᛏᛁ.png,w0,197,husu tuþr risti,ᚼᚢᛋᚢ᛬ᛏᚢᚦᚱ᛬ᚱᛁᛋᛏᛁ,13,synth,train
syn_w0_000197_mæl_þeR_fifil_ᛘᚫᛚ᛬ᚦᛂᛦ᛬ᚠᛁᚠᛁᛚ.png,w0,197,mæl þeR fifil,ᛘᚫᛚ᛬ᚦᛂᛦ᛬ᚠᛁᚠᛁᛚ,11,synth,val
syn_w0_000197_rus_kiRmut_kearþ_ᚱᚢᛋ᛬ᚴᛁᛦᛘᚢᛏ᛬ᚴᛂᛅᚱᚦ.png,w0,197,rus kiRmut kearþ,ᚱᚢᛋ᛬ᚴᛁᛦᛘᚢᛏ᛬ᚴᛂᛅᚱᚦ,14,synth,train
syn_w0_000198_auintr_ᛅᚢᛁᚾᛏᚱ.png,w0,198,auintr,ᛅᚢᛁᚾᛏᚱ,6,synth,train
syn_w0_000198_hans_riþr_ausualti_þesi_ᚼᛅᚾᛋ᛬ᚱᛁᚦᚱ᛬ᛅᚢᛋᚢᛅᛚᛏᛁ᛬ᚦᛂᛋᛁ.png,w0,198,hans riþr ausualti þesi,ᚼᛅᚾᛋ᛬ᚱᛁᚦᚱ᛬ᛅᚢᛋᚢᛅᛚᛏᛁ᛬ᚦᛂᛋᛁ,20,synth,train
syn_w0_000198_isikat_ruku_stotR_ᛁᛋᛁᚴᛅᛏ᛬ᚱᚢᚴᚢ᛬ᛋᛏᚮᛏᛦ.png,w0,198,isikat ruku stotR,ᛁᛋᛁᚴᛅᛏ᛬ᚱᚢᚴᚢ᛬ᛋᛏᚮᛏᛦ,15,synth,train
syn_w0_000198_krikiaR_hulmkair_þino_ᚴᚱᛁᚴᛁᛅᛦ᛬ᚼᚢᛚᛘᚴᛅᛁᚱ᛬ᚦᛁᚾᚮ.png,w0,198,krikiaR hulmkair þino,ᚴᚱᛁᚴᛁᛅᛦ᛬ᚼᚢᛚᛘᚴᛅᛁᚱ᛬ᚦᛁᚾᚮ,19,synth,train
syn_w0_000198_kruks_þau_uþinkau_uiþbiarn_ᚴᚱᚢᚴᛋ᛬ᚦᛅᚢ᛬ᚢᚦᛁᚾᚴᛅᚢ᛬ᚢᛁᚦᛒᛁᛅᚱᚾ.png,w0,198,kruks þau uþinkau uiþbiarn,ᚴᚱᚢᚴᛋ᛬ᚦᛅᚢ᛬ᚢᚦᛁᚾᚴᛅᚢ᛬ᚢᛁᚦᛒᛁᛅᚱᚾ,23,synth,val
syn_w0_000198_rai_niiisþ_owns_ᚱᛅᛁ᛬ᚾᛁᛁᛁᛋᚦ᛬ᚮᚹᚾᛋ.png,w0,198,rai niiisþ owns,ᚱᛅᛁ᛬ᚾᛁᛁᛁᛋᚦ᛬ᚮᚹᚾᛋ,13,synth,train
syn_w0_000198_sen_kiarþu_sin_ᛋᛂᚾ᛬ᚴᛁᛅᚱᚦᚢ᛬ᛋᛁᚾ.png,w0,198,sen kiarþu sin,ᛋᛂᚾ᛬ᚴᛁᛅᚱᚦᚢ᛬ᛋᛁᚾ,12,synth,train
syn_w0_000199_auk_ketilfas_stątR_ᛅᚢᚴ᛬ᚴᛂᛏᛁᛚᚠᛅᛋ᛬ᛋᛏᚬᛏᛦ.png,w0,199,auk ketilfas stątR,ᛅᚢᚴ᛬ᚴᛂᛏᛁᛚᚠᛅᛋ᛬ᛋᛏᚬᛏᛦ,16,synth,train
syn_w0_000199_hans_hagua_ᚼᛅᚾᛋ᛬ᚼᛅᚵᚢᛅ.png,w0,199,hans hagua,ᚼᛅᚾᛋ᛬ᚼᛅᚵᚢᛅ,9,synth,train
syn_w0_000199_kair_faþur_ᚴᛅᛁᚱ᛬ᚠᛅᚦᚢᚱ.png,w0,199,kair faþur,ᚴᛅᛁᚱ᛬ᚠᛅᚦᚢᚱ,9,synth,train
syn_w0_000199_kiarþi_hia_gierþi_ᚴᛁᛅᚱᚦᛁ᛬ᚼᛁᛅ᛬ᚵᛁᛂᚱᚦᛁ.png,w0,199,kiarþi hia gierþi,ᚴᛁᛅᚱᚦᛁ᛬ᚼᛁᛅ᛬ᚵᛁᛂᚱᚦᛁ,15,synth,train
syn_w0_000199_muþur_ain_runar_ᛘᚢᚦᚢᚱ᛬ᛅᛁᚾ᛬ᚱᚢᚾᛅᚱ.png,w0,199,muþur ain runar,ᛘᚢᚦᚢᚱ᛬ᛅᛁᚾ᛬ᚱᚢᚾᛅᚱ,13,synth,train
syn_w0_000199_raistu_hrþ_ᚱᛅᛁᛋᛏᚢ᛬ᚼᚱᚦ.png,w0,199,raistu hrþ,ᚱᛅᛁᛋᛏᚢ᛬ᚼᚱᚦ,9,synth,train
syn_w0_000199_rir_merilit_tbllll_ᚱᛁᚱ᛬ᛘᛂᚱᛁᛚᛁᛏ᛬ᛏᛒᛚᛚᛚᛚ.png,w0,199,rir merilit tbllll,ᚱᛁᚱ᛬ᛘᛂᚱᛁᛚᛁᛏ᛬ᛏᛒᛚᛚᛚᛚ,16,synth,train
syn_w0_000200_dominus_maþ_iyfur_ᛑᚮᛘᛁᚾᚢᛋ᛬ᛘᛅᚦ᛬ᛁᚤᚠᚢᚱ.png,w0,200,dominus maþ iyfur,ᛑᚮᛘᛁᚾᚢᛋ᛬ᛘᛅᚦ᛬ᛁᚤᚠᚢᚱ,15,synth,train
syn_w0_000200_laki_ᛚᛅᚴᛁ.png,w0,200,laki,ᛚᛅᚴᛁ,4,synth,train
syn_w0_000200_lof_ᛚᚮᚠ.png,w0,200,lof,ᛚᚮᚠ,3,synth,test
syn_w0_000200_sehkurþ_uti_iarut_ᛋᛂᚼᚴᚢᚱᚦ᛬ᚢᛏᛁ᛬ᛁᛅᚱᚢᛏ.png,w0,200,sehkurþ uti iarut,ᛋᛂᚼᚴᚢᚱᚦ᛬ᚢᛏᛁ᛬ᛁᛅᚱᚢᛏ,15,synth,train
syn_w0_000200_ymut_tekum_akla_hani_ᚤᛘᚢᛏ᛬ᛏᛂᚴᚢᛘ᛬ᛅᚴᛚᛅ᛬ᚼᛅᚾᛁ.png,w0,200,ymut tekum akla hani,ᚤᛘᚢᛏ᛬ᛏᛂᚴᚢᛘ᛬ᛅᚴᛚᛅ᛬ᚼᛅᚾᛁ,17,synth,train
syn_w0_000201_emanuel_sila_hær_raknhiltr_ᛂᛘᛅᚾᚢᛂᛚ᛬ᛋᛁᛚᛅ᛬ᚼᚫᚱ᛬ᚱᛅᚴᚾᚼᛁᛚᛏᚱ.png,w0,201,emanuel sila hær raknhiltr,ᛂᛘᛅᚾᚢᛂᛚ᛬ᛋᛁᛚᛅ᛬ᚼᚫᚱ᛬ᚱᛅᚴᚾᚼᛁᛚᛏᚱ,23,synth,train
syn_w0_000201_huæn_iakif_bul_iftir_ᚼᚢᚫᚾ᛬ᛁᛅᚴᛁᚠ᛬ᛒᚢᛚ᛬ᛁᚠᛏᛁᚱ.png,w0,201,huæn iakif bul iftir,ᚼᚢᚫᚾ᛬ᛁᛅᚴᛁᚠ᛬ᛒᚢᛚ᛬ᛁᚠᛏᛁᚱ,17,synth,train
syn_w0_000201_kunuar_botmundr_þru_ᚴᚢᚾᚢᛅᚱ᛬ᛒᚮᛏᛘᚢᚾᛑᚱ᛬ᚦᚱᚢ.png,w0,201,kunuar botmundr þru,ᚴᚢᚾᚢᛅᚱ᛬ᛒᚮᛏᛘᚢᚾᛑᚱ᛬ᚦᚱᚢ,17,synth,train
syn_w0_000201_reto_tbiurn_ntibus_fara_ᚱᛂᛏᚮ᛬ᛏᛒᛁᚢᚱᚾ᛬ᚾᛏᛁᛒᚢᛋ᛬ᚠᛅᚱᛅ.png,w0,201,reto tbiurn ntibus fara,ᚱᛂᛏᚮ᛬ᛏᛒᛁᚢᚱᚾ᛬ᚾᛏᛁᛒᚢᛋ᛬ᚠᛅᚱᛅ,20,synth,test
syn_w0_000201_rist_Rfti_kristnum_ᚱᛁᛋᛏ᛬ᛦᚠᛏᛁ᛬ᚴᚱᛁᛋᛏᚾᚢᛘ.png,w0,201,rist Rfti kristnum,ᚱᛁᛋᛏ᛬ᛦᚠᛏᛁ᛬ᚴᚱᛁᛋᛏᚾᚢᛘ,16,synth,train
syn_w0_000202_eftiR_ᛂᚠᛏᛁᛦ.png,w0,202,eftiR,ᛂᚠᛏᛁᛦ,5,synth,val
syn_w0_000202_nar_aþa_netiktus_ᚾᛅᚱ᛬ᛅᚦᛅ᛬ᚾᛂᛏᛁᚴᛏᚢᛋ.png,w0,202,nar aþa netiktus,ᚾᛅᚱ᛬ᛅᚦᛅ᛬ᚾᛂᛏᛁᚴᛏᚢᛋ,14,synth,train
syn_w0_000202_sina_uftiR_ristr_igi_ᛋᛁᚾᛅ᛬ᚢᚠᛏᛁᛦ᛬ᚱᛁᛋᛏᚱ᛬ᛁᚵᛁ.png,w0,202,sina uftiR ristr igi,ᛋᛁᚾᛅ᛬ᚢᚠᛏᛁᛦ᛬ᚱᛁᛋᛏᚱ᛬ᛁᚵᛁ,17,synth,train
syn_w0_000202_stn_ᛋᛏᚾ.png,w0,202,stn,ᛋᛏᚾ,3,synth,train
syn_w0_000202_þia_yasi_ᚦᛁᛅ᛬ᚤᛅᛋᛁ.png,w0,202,þia yasi,ᚦᛁᛅ᛬ᚤᛅᛋᛁ,7,synth,train
syn_w0_000203_hirsi_ulfR_uia_ᚼᛁᚱᛋᛁ᛬ᚢᛚᚠᛦ᛬ᚢᛁᛅ.png,w0,203,hirsi ulfR uia,ᚼᛁᚱᛋᛁ᛬ᚢᛚᚠᛦ᛬ᚢᛁᛅ,12,synth,val
syn_w0_000203_min_saksi_ᛘᛁᚾ᛬ᛋᛅᚴᛋᛁ.png,w0,203,min saksi,ᛘᛁᚾ᛬ᛋᛅᚴᛋᛁ,8,synth,train
syn_w0_000203_raisþi_muþ_ᚱᛅᛁᛋᚦᛁ᛬ᛘᚢᚦ.png,w0,203,raisþi muþ,ᚱᛅᛁᛋᚦᛁ᛬ᛘᚢᚦ,9,synth,train
syn_w0_000203_sak_ᛋᛅᚴ.png,w0,203,sak,ᛋᛅᚴ,3,synth,test
syn_w0_000203_stæ_þer_þisa_ᛋᛏᚫ᛬ᚦᛂᚱ᛬ᚦᛁᛋᛅ.png,w0,203,stæ þer þisa,ᛋᛏᚫ᛬ᚦᛂᚱ᛬ᚦᛁᛋᛅ,10,synth,val
syn_w0_000204_auþikR_lun_hakua_merki_ᛅᚢᚦᛁᚴᛦ᛬ᛚᚢᚾ᛬ᚼᛅᚴᚢᛅ᛬ᛘᛂᚱᚴᛁ.png,w0,204,auþikR lun hakua merki,ᛅᚢᚦᛁᚴᛦ᛬ᛚᚢᚾ᛬ᚼᛅᚴᚢᛅ᛬ᛘᛂᚱᚴᛁ,19,synth,train
syn_w0_000204_hiþin_raisa_ᚼᛁᚦᛁᚾ᛬ᚱᛅᛁᛋᛅ.png,w0,204,hiþin raisa,ᚼᛁᚦᛁᚾ᛬ᚱᛅᛁᛋᛅ,10,synth,train
syn_w0_000204_sta_ᛋᛏᛅ.png,w0,204,sta,ᛋᛏᛅ,3,synth,train
syn_w0_000204_þansa_tuggæ_þina_ᚦᛅᚾᛋᛅ᛬ᛏᚢᚵᚵᚫ᛬ᚦᛁᚾᛅ.png,w0,204,þansa tuggæ þina,ᚦᛅᚾᛋᛅ᛬ᛏᚢᚵᚵᚫ᛬ᚦᛁᚾᛅ,14,synth,train
syn_w0_000204_þiuþ_nisioi_arna_þsa_ᚦᛁᚢᚦ᛬ᚾᛁᛋᛁᚮᛁ᛬ᛅᚱᚾᛅ᛬ᚦᛋᛅ.png,w0,204,þiuþ nisioi arna þsa,ᚦᛁᚢᚦ᛬ᚾᛁᛋᛁᚮᛁ᛬ᛅᚱᚾᛅ᛬ᚦᛋᛅ,17,synth,train
syn_w0_000205_bruþur_omnia_dytrir_tauþ_ᛒᚱᚢᚦᚢᚱ᛬ᚮᛘᚾᛁᛅ᛬ᛑᚤᛏᚱᛁᚱ᛬ᛏᛅᚢᚦ.png,w0,205,bruþur omnia dytrir tauþ,ᛒᚱᚢᚦᚢᚱ᛬ᚮᛘᚾᛁᛅ᛬ᛑᚤᛏᚱᛁᚱ᛬ᛏᛅᚢᚦ,21,synth,train
syn_w0_000205_hulfast_iþur_lagþ_asa_ᚼᚢᛚᚠᛅᛋᛏ᛬ᛁᚦᚢᚱ᛬ᛚᛅᚵᚦ᛬ᛅᛋᛅ.png,w0,205,hulfast iþur lagþ asa,ᚼᚢᛚᚠᛅᛋᛏ᛬ᛁᚦᚢᚱ᛬ᛚᛅᚵᚦ᛬ᛅᛋᛅ,18,synth,train
syn_w0_000205_kirkia_iarlaba_han_ᚴᛁᚱᚴᛁᛅ᛬ᛁᛅᚱᛚᛅᛒᛅ᛬ᚼᛅᚾ.png,w0,205,kirkia iarlaba han,ᚴᛁᚱᚴᛁᛅ᛬ᛁᛅᚱᛚᛅᛒᛅ᛬ᚼᛅᚾ,16,synth,train
syn_w0_000205_kut_olafr_arn_ᚴᚢᛏ᛬ᚮᛚᛅᚠᚱ᛬ᛅᚱᚾ.png,w0,205,kut olafr arn,ᚴᚢᛏ᛬ᚮᛚᛅᚠᚱ᛬ᛅᚱᚾ,11,synth,train
syn_w0_000205_sun_fial_ᛋᚢᚾ᛬ᚠᛁᛅᛚ.png,w0,205,sun fial,ᛋᚢᚾ᛬ᚠᛁᛅᛚ,7,synth,train
syn_w0_000206_hannes_ᚼᛅᚾᚾᛂᛋ.png,w0,206,hannes,ᚼᛅᚾᚾᛂᛋ,6,synth,test
syn_w0_000206_nomini_ᚾᚮᛘᛁᚾᛁ.png,w0,206,nomini,ᚾᚮᛘᛁᚾᛁ,6,synth,train
syn_w0_000206_tuþr_ᛏᚢᚦᚱ.png,w0,206,tuþr,ᛏᚢᚦᚱ,4,synth,train
syn_w0_000206_uþkitil_sator_iftir_ᚢᚦᚴᛁᛏᛁᛚ᛬ᛋᛅᛏᚮᚱ᛬ᛁᚠᛏᛁᚱ.png,w0,206,uþkitil sator iftir,ᚢᚦᚴᛁᛏᛁᛚ᛬ᛋᛅᛏᚮᚱ᛬ᛁᚠᛏᛁᚱ,17,synth,test
syn_w0_000206_þorþr_farulfs_airiki_istin_ᚦᚮᚱᚦᚱ᛬ᚠᛅᚱᚢᛚᚠᛋ᛬ᛅᛁᚱᛁᚴᛁ᛬ᛁᛋᛏᛁᚾ.png,w0,206,þorþr farulfs airiki istin,ᚦᚮᚱᚦᚱ᛬ᚠᛅᚱᚢᛚᚠᛋ᛬ᛅᛁᚱᛁᚴᛁ᛬ᛁᛋᛏᛁᚾ,23,synth,train
syn_w0_000207_buku_lit_raisti_ᛒᚢᚴᚢ᛬ᛚᛁᛏ᛬ᚱᛅᛁᛋᛏᛁ.png,w0,207,buku lit raisti,ᛒᚢᚴᚢ᛬ᛚᛁᛏ᛬ᚱᛅᛁᛋᛏᛁ,13,synth,train
syn_w0_000207_ragna_lbi_ᚱᛅᚵᚾᛅ᛬ᛚᛒᛁ.png,w0,207,ragna lbi,ᚱᛅᚵᚾᛅ᛬ᛚᛒᛁ,8,synth,train
syn_w0_000207_siref_alrikR_has_dis_ᛋᛁᚱᛂᚠ᛬ᛅᛚᚱᛁᚴᛦ᛬ᚼᛅᛋ᛬ᛑᛁᛋ.png,w0,207,siref alrikR has dis,ᛋᛁᚱᛂᚠ᛬ᛅᛚᚱᛁᚴᛦ᛬ᚼᛅᛋ᛬ᛑᛁᛋ,17,synth,train
syn_w0_000207_sændi_undir_tati_ᛋᚫᚾᛑᛁ᛬ᚢᚾᛑᛁᚱ᛬ᛏᛅᛏᛁ.png,w0,207,sændi undir tati,ᛋᚫᚾᛑᛁ᛬ᚢᚾᛑᛁᚱ᛬ᛏᛅᛏᛁ,14,synth,train
syn_w0_000207_uini_eskil_hialbi_ᚢᛁᚾᛁ᛬ᛂᛋᚴᛁᛚ᛬ᚼᛁᛅᛚᛒᛁ.png,w0,207,uini eskil hialbi,ᚢᛁᚾᛁ᛬ᛂᛋᚴᛁᛚ᛬ᚼᛁᛅᛚᛒᛁ,15,synth,train
syn_w0_000208_frai_kann_ᚠᚱᛅᛁ᛬ᚴᛅᚾᚾ.png,w0,208,frai kann,ᚠᚱᛅᛁ᛬ᚴᛅᚾᚾ,8,synth,train
syn_w0_000208_sunr_ᛋᚢᚾᚱ.png,w0,208,sunr,ᛋᚢᚾᚱ,4,synth,train
syn_w0_000208_tuku_sihbo_salu_ᛏᚢᚴᚢ᛬ᛋᛁᚼᛒᚮ᛬ᛋᛅᛚᚢ.png,w0,208,tuku sihbo salu,ᛏᚢᚴᚢ᛬ᛋᛁᚼᛒᚮ᛬ᛋᛅᛚᚢ,13,synth,train
syn_w0_000208_þialfi_fur_uibiurn_ᚦᛁᛅᛚᚠᛁ᛬ᚠᚢᚱ᛬ᚢᛁᛒᛁᚢᚱᚾ.png,w0,208,þialfi fur uibiurn,ᚦᛁᛅᛚᚠᛁ᛬ᚠᚢᚱ᛬ᚢᛁᛒᛁᚢᚱᚾ,16,synth,test
syn_w0_000208_þriþi_kuþfriþi_ᚦᚱᛁᚦᛁ᛬ᚴᚢᚦᚠᚱᛁᚦᛁ.png,w0,208,þriþi kuþfriþi,ᚦᚱᛁᚦᛁ᛬ᚴᚢᚦᚠᚱᛁᚦᛁ,13,synth,train
syn_w0_000209_bryþr_ᛒᚱᚤᚦᚱ.png,w0,209,bryþr,ᛒᚱᚤᚦᚱ,5,synth,train
syn_w0_000209_klemetr_albi_meki_tris_ᚴᛚᛂᛘᛂᛏᚱ᛬ᛅᛚᛒᛁ᛬ᛘᛂᚴᛁ᛬ᛏᚱᛁᛋ.png,w0,209,klemetr albi meki tris,ᚴᛚᛂᛘᛂᛏᚱ᛬ᛅᛚᛒᛁ᛬ᛘᛂᚴᛁ᛬ᛏᚱᛁᛋ,19,synth,train
syn_w0_000209_kuþ_nformation_iak_ura_ᚴᚢᚦ᛬ᚾᚠᚮᚱᛘᛅᛏᛁᚮᚾ᛬ᛁᛅᚴ᛬ᚢᚱᛅ.png,w0,209,kuþ nformation iak ura,ᚴᚢᚦ᛬ᚾᚠᚮᚱᛘᛅᛏᛁᚮᚾ᛬ᛁᛅᚴ᛬ᚢᚱᛅ,19,synth,train
syn_w0_000209_sin_stin_ᛋᛁᚾ᛬ᛋᛏᛁᚾ.png,w0,209,sin stin,ᛋᛁᚾ᛬ᛋᛏᛁᚾ,7,synth,train
syn_w0_000209_snæltu_kaiRbiarn_ᛋᚾᚫᛚᛏᚢ᛬ᚴᛅᛁᛦᛒᛁᛅᚱᚾ.png,w0,209,snæltu kaiRbiarn,ᛋᚾᚫᛚᛏᚢ᛬ᚴᛅᛁᛦᛒᛁᛅᚱᚾ,15,synth,train
syn_w0_000210_fin_ᚠᛁᚾ.png,w0,210,fin,ᚠᛁᚾ,3,synth,train
syn_w0_000210_omnis_fliR_næyu_kuþbiarn_ᚮᛘᚾᛁᛋ᛬ᚠᛚᛁᛦ᛬ᚾᚫᚤᚢ᛬ᚴᚢᚦᛒᛁᛅᚱᚾ.png,w0,210,omnis fliR næyu kuþbiarn,ᚮᛘᚾᛁᛋ᛬ᚠᛚᛁᛦ᛬ᚾᚫᚤᚢ᛬ᚴᚢᚦᛒᛁᛅᚱᚾ,21,synth,train
syn_w0_000210_tenna_maria_munm_ᛏᛂᚾᚾᛅ᛬ᛘᛅᚱᛁᛅ᛬ᛘᚢᚾᛘ.png,w0,210,tenna maria munm,ᛏᛂᚾᚾᛅ᛬ᛘᛅᚱᛁᛅ᛬ᛘᚢᚾᛘ,14,synth,train
syn_w0_000210_þaim_lahr_rymik_lui_ᚦᛅᛁᛘ᛬ᛚᛅᚼᚱ᛬ᚱᚤᛘᛁᚴ᛬ᛚᚢᛁ.png,w0,210,þaim lahr rymik lui,ᚦᛅᛁᛘ᛬ᛚᛅᚼᚱ᛬ᚱᚤᛘᛁᚴ᛬ᛚᚢᛁ,16,synth,train
syn_w0_000210_þina_ᚦᛁᚾᛅ.png,w0,210,þina,ᚦᛁᚾᛅ,4,synth,train
syn_w0_000211_ale_liuþiR_ᛅᛚᛂ᛬ᛚᛁᚢᚦᛁᛦ.png,w0,211,ale liuþiR,ᛅᛚᛂ᛬ᛚᛁᚢᚦᛁᛦ,9,synth,train
syn_w0_000211_felaga_þikn_ᚠᛂᛚᛅᚵᛅ᛬ᚦᛁᚴᚾ.png,w0,211,felaga þikn,ᚠᛂᛚᛅᚵᛅ᛬ᚦᛁᚴᚾ,10,synth,train
syn_w0_000211_kiarþu_ᚴᛁᛅᚱᚦᚢ.png,w0,211,kiarþu,ᚴᛁᛅᚱᚦᚢ,6,synth,train
syn_w0_000211_rukuat_ᚱᚢᚴᚢᛅᛏ.png,w0,211,rukuat,ᚱᚢᚴᚢᛅᛏ,6,synth,train
syn_w0_000211_uþu_esburn_butui_lfs_ᚢᚦᚢ᛬ᛂᛋᛒᚢᚱᚾ᛬ᛒᚢᛏᚢᛁ᛬ᛚᚠᛋ.png,w0,211,uþu esburn butui lfs,ᚢᚦᚢ᛬ᛂᛋᛒᚢᚱᚾ᛬ᛒᚢᛏᚢᛁ᛬ᛚᚠᛋ,17,synth,train
syn_w0_000212_ketilau_ᚴᛂᛏᛁᛚᛅᚢ.png,w0,212,ketilau,ᚴᛂᛏᛁᛚᛅᚢ,7,synth,train
syn_w0_000212_kætil_þægnlæiþum_ᚴᚫᛏᛁᛚ᛬ᚦᚫᚵᚾᛚᚫᛁᚦᚢᛘ.png,w0,212,kætil þægnlæiþum,ᚴᚫᛏᛁᛚ᛬ᚦᚫᚵᚾᛚᚫᛁᚦᚢᛘ,15,synth,train
syn_w0_000212_nne_ili_haukoþuz_kulhu_ᚾᚾᛂ᛬ᛁᛚᛁ᛬ᚼᛅᚢᚴᚮᚦᚢᛎ᛬ᚴᚢᛚᚼᚢ.png,w0,212,nne ili haukoþuz kulhu,ᚾᚾᛂ᛬ᛁᛚᛁ᛬ᚼᛅᚢᚴᚮᚦᚢᛎ᛬ᚴᚢᛚᚼᚢ,19,synth,train
syn_w0_000212_stens_erþi_iuta_kera_ᛋᛏᛂᚾᛋ᛬ᛂᚱᚦᛁ᛬ᛁᚢᛏᛅ᛬ᚴᛂᚱᛅ.png,w0,212,stens erþi iuta kera,ᛋᛏᛂᚾᛋ᛬ᛂᚱᚦᛁ᛬ᛁᚢᛏᛅ᛬ᚴᛂᚱᛅ,17,synth,train
syn_w0_000212_þurk_ormar_aft_ᚦᚢᚱᚴ᛬ᚮᚱᛘᛅᚱ᛬ᛅᚠᛏ.png,w0,212,þurk ormar aft,ᚦᚢᚱᚴ᛬ᚮᚱᛘᛅᚱ᛬ᛅᚠᛏ,12,synth,train
syn_w0_000213_buroþur_terfs_ᛒᚢᚱᚮᚦᚢᚱ᛬ᛏᛂᚱᚠᛋ.png,w0,213,buroþur terfs,ᛒᚢᚱᚮᚦᚢᚱ᛬ᛏᛂᚱᚠᛋ,12,synth,train
syn_w0_000213_iar_þuk_oftiR_ᛁᛅᚱ᛬ᚦᚢᚴ᛬ᚮᚠᛏᛁᛦ.png,w0,213,iar þuk oftiR,ᛁᛅᚱ᛬ᚦᚢᚴ᛬ᚮᚠᛏᛁᛦ,11,synth,train
syn_w0_000213_nis_aftiR_ᚾᛁᛋ᛬ᛅᚠᛏᛁᛦ.png,w0,213,nis aftiR,ᚾᛁᛋ᛬ᛅᚠᛏᛁᛦ,8,synth,train
syn_w0_000213_ræhnldu_hialbi_ᚱᚫᚼᚾᛚᛑᚢ᛬ᚼᛁᛅᛚᛒᛁ.png,w0,213,ræhnldu hialbi,ᚱᚫᚼᚾᛚᛑᚢ᛬ᚼᛁᛅᛚᛒᛁ,13,synth,train
syn_w0_000213_ueskini_nribu_has_sin_ᚢᛂᛋᚴᛁᚾᛁ᛬ᚾᚱᛁᛒᚢ᛬ᚼᛅᛋ᛬ᛋᛁᚾ.png,w0,213,ueskini nribu has sin,ᚢᛂᛋᚴᛁᚾᛁ᛬ᚾᚱᛁᛒᚢ᛬ᚼᛅᛋ᛬ᛋᛁᚾ,18,synth,val
syn_w0_000214_ikr_kaeti_runka_den_ᛁᚴᚱ᛬ᚴᛅᛂᛏᛁ᛬ᚱᚢᚾᚴᛅ᛬ᛑᛂᚾ.png,w0,214,ikr kaeti runka den,ᛁᚴᚱ᛬ᚴᛅᛂᛏᛁ᛬ᚱᚢᚾᚴᛅ᛬ᛑᛂᚾ,16,synth,train
syn_w0_000214_koncummatum_osbiarn_ᚴᚮᚾᛍᚢᛘᛘᛅᛏᚢᛘ᛬ᚮᛋᛒᛁᛅᚱᚾ.png,w0,214,koncummatum osbiarn,ᚴᚮᚾᛍᚢᛘᛘᛅᛏᚢᛘ᛬ᚮᛋᛒᛁᛅᚱᚾ,18,synth,train
syn_w0_000214_siuta_fraustin_haluan_mitius_ᛋᛁᚢᛏᛅ᛬ᚠᚱᛅᚢᛋᛏᛁᚾ᛬ᚼᛅᛚᚢᛅᚾ᛬ᛘᛁᛏᛁᚢᛋ.png,w0,214,siuta fraustin haluan mitius,ᛋᛁᚢᛏᛅ᛬ᚠᚱᛅᚢᛋᛏᛁᚾ᛬ᚼᛅᛚᚢᛅᚾ᛬ᛘᛁᛏᛁᚢᛋ,25,synth,train
syn_w0_000214_uiktiarf_þores_uifil_ihul_ᚢᛁᚴᛏᛁᛅᚱᚠ᛬ᚦᚮᚱᛂᛋ᛬ᚢᛁᚠᛁᛚ᛬ᛁᚼᚢᛚ.png,w0,214,uiktiarf þores uifil ihul,ᚢᛁᚴᛏᛁᛅᚱᚠ᛬ᚦᚮᚱᛂᛋ᛬ᚢᛁᚠᛁᛚ᛬ᛁᚼᚢᛚ,22,synth,val
syn_w0_000214_ustr_þisa_ᚢᛋᛏᚱ᛬ᚦᛁᛋᛅ.png,w0,214,ustr þisa,ᚢᛋᛏᚱ᛬ᚦᛁᛋᛅ,8,synth,train
syn_w0_000215_ąuk_butfus_isolu_ᚬᚢᚴ᛬ᛒᚢᛏᚠᚢᛋ᛬ᛁᛋᚮᛚᚢ.png,w0,215,ąuk butfus isolu,ᚬᚢᚴ᛬ᛒᚢᛏᚠᚢᛋ᛬ᛁᛋᚮᛚᚢ,14,synth,train
syn_w0_000215_broþiR_hic_ᛒᚱᚮᚦᛁᛦ᛬ᚼᛁᛍ.png,w0,215,broþiR hic,ᛒᚱᚮᚦᛁᛦ᛬ᚼᛁᛍ,9,synth,train
syn_w0_000215_hna_ᚼᚾᛅ.png,w0,215,hna,ᚼᚾᛅ,3,synth,train
syn_w0_000215_mikR_ausR_bryþr_ᛘᛁᚴᛦ᛬ᛅᚢᛋᛦ᛬ᛒᚱᚤᚦᚱ.png,w0,215,mikR ausR bryþr,ᛘᛁᚴᛦ᛬ᛅᚢᛋᛦ᛬ᛒᚱᚤᚦᚱ,13,synth,train
syn_w0_000215_oln_kira_muþi_þufr_ᚮᛚᚾ᛬ᚴᛁᚱᛅ᛬ᛘᚢᚦᛁ᛬ᚦᚢᚠᚱ.png,w0,215,oln kira muþi þufr,ᚮᛚᚾ᛬ᚴᛁᚱᛅ᛬ᛘᚢᚦᛁ᛬ᚦᚢᚠᚱ,15,synth,train
syn_w0_000216_elha_letu_ᛂᛚᚼᛅ᛬ᛚᛂᛏᚢ.png,w0,216,elha letu,ᛂᛚᚼᛅ᛬ᛚᛂᛏᚢ,8,synth,train
syn_w0_000216_gesus_hiþini_oælens_ᚵᛂᛋᚢᛋ᛬ᚼᛁᚦᛁᚾᛁ᛬ᚮᚫᛚᛂᚾᛋ.png,w0,216,gesus hiþini oælens,ᚵᛂᛋᚢᛋ᛬ᚼᛁᚦᛁᚾᛁ᛬ᚮᚫᛚᛂᚾᛋ,17,synth,train
syn_w0_000216_kaulfR_þurkairþ_øræn_ide_ᚴᛅᚢᛚᚠᛦ᛬ᚦᚢᚱᚴᛅᛁᚱᚦ᛬ᚯᚱᚫᚾ᛬ᛁᛑᛂ.png,w0,216,kaulfR þurkairþ øræn ide,ᚴᛅᚢᛚᚠᛦ᛬ᚦᚢᚱᚴᛅᛁᚱᚦ᛬ᚯᚱᚫᚾ᛬ᛁᛑᛂ,21,synth,train
syn_w0_000216_letu_krimulf_kir_hiar_ᛚᛂᛏᚢ᛬ᚴᚱᛁᛘᚢᛚᚠ᛬ᚴᛁᚱ᛬ᚼᛁᛅᚱ.png,w0,216,letu krimulf kir hiar,ᛚᛂᛏᚢ᛬ᚴᚱᛁᛘᚢᛚᚠ᛬ᚴᛁᚱ᛬ᚼᛁᛅᚱ,18,synth,train
syn_w0_000216_nibiaR_gaf_llu_ᚾᛁᛒᛁᛅᛦ᛬ᚵᛅᚠ᛬ᛚᛚᚢ.png,w0,216,nibiaR gaf llu,ᚾᛁᛒᛁᛅᛦ᛬ᚵᛅᚠ᛬ᛚᛚᚢ,12,synth,test
syn_w0_000217_frialsi_kilauk_let_ᚠᚱᛁᛅᛚᛋᛁ᛬ᚴᛁᛚᛅᚢᚴ᛬ᛚᛂᛏ.png,w0,217,frialsi kilauk let,ᚠᚱᛁᛅᛚᛋᛁ᛬ᚴᛁᛚᛅᚢᚴ᛬ᛚᛂᛏ,16,synth,train
syn_w0_000217_iuuuuhhhihht_gearf_sun_statr_ᛁᚢᚢᚢᚢᚼᚼᚼᛁᚼᚼᛏ᛬ᚵᛂᛅᚱᚠ᛬ᛋᚢᚾ᛬ᛋᛏᛅᛏᚱ.png,w0,217,iuuuuhhhihht gearf sun statr,ᛁᚢᚢᚢᚢᚼᚼᚼᛁᚼᚼᛏ᛬ᚵᛂᛅᚱᚠ᛬ᛋᚢᚾ᛬ᛋᛏᛅᛏᚱ,25,synth,train
syn_w0_000217_kubl_þuriR_ᚴᚢᛒᛚ᛬ᚦᚢᚱᛁᛦ.png,w0,217,kubl þuriR,ᚴᚢᛒᛚ᛬ᚦᚢᚱᛁᛦ,9,synth,val
syn_w0_000217_sun_ytR_ᛋᚢᚾ᛬ᚤᛏᛦ.png,w0,217,sun ytR,ᛋᚢᚾ᛬ᚤᛏᛦ,6,synth,train
syn_w0_000217_tbmly_ᛏᛒᛘᛚᚤ.png,w0,217,tbmly,ᛏᛒᛘᛚᚤ,5,synth,train
syn_w0_000218_alkuþan_uallet_ᛅᛚᚴᚢᚦᛅᚾ᛬ᚢᛅᛚᛚᛂᛏ.png,w0,218,alkuþan uallet,ᛅᛚᚴᚢᚦᛅᚾ᛬ᚢᛅᛚᛚᛂᛏ,13,synth,train
syn_w0_000218_bloþ_ᛒᛚᚮᚦ.png,w0,218,bloþ,ᛒᛚᚮᚦ,4,synth,test
syn_w0_000218_eiftR_imuntiR_ᛂᛁᚠᛏᛦ᛬ᛁᛘᚢᚾᛏᛁᛦ.png,w0,218,eiftR imuntiR,ᛂᛁᚠᛏᛦ᛬ᛁᛘᚢᚾᛏᛁᛦ,12,synth,train
syn_w0_000218_han_mutr_ihlbi_ᚼᛅᚾ᛬ᛘᚢᛏᚱ᛬ᛁᚼᛚᛒᛁ.png,w0,218,han mutr ihlbi,ᚼᛅᚾ᛬ᛘᚢᛏᚱ᛬ᛁᚼᛚᛒᛁ,12,synth,train
syn_w0_000218_stain_biorn_alu_þiuþburh_ᛋᛏᛅᛁᚾ᛬ᛒᛁᚮᚱᚾ᛬ᛅᛚᚢ᛬ᚦᛁᚢᚦᛒᚢᚱᚼ.png,w0,218,stain biorn alu þiuþburh,ᛋᛏᛅᛁᚾ᛬ᛒᛁᚮᚱᚾ᛬ᛅᛚᚢ᛬ᚦᛁᚢᚦᛒᚢᚱᚼ,21,synth,test
syn_w0_000219_gunnur_ᚵᚢᚾᚾᚢᚱ.png,w0,219,gunnur,ᚵᚢᚾᚾᚢᚱ,6,synth,train
syn_w0_000219_lit_uikibiarn_ikiluk_ᛚᛁᛏ᛬ᚢᛁᚴᛁᛒᛁᛅᚱᚾ᛬ᛁᚴᛁᛚᚢᚴ.png,w0,219,lit uikibiarn ikiluk,ᛚᛁᛏ᛬ᚢᛁᚴᛁᛒᛁᛅᚱᚾ᛬ᛁᚴᛁᛚᚢᚴ,18,synth,train
syn_w0_000219_plena_rta_hialbi_ᛔᛚᛂᚾᛅ᛬ᚱᛏᛅ᛬ᚼᛁᛅᛚᛒᛁ.png,w0,219,plena rta hialbi,ᛔᛚᛂᚾᛅ᛬ᚱᛏᛅ᛬ᚼᛁᛅᛚᛒᛁ,14,synth,train
syn_w0_000219_tia_raþi_ᛏᛁᛅ᛬ᚱᛅᚦᛁ.png,w0,219,tia raþi,ᛏᛁᛅ᛬ᚱᛅᚦᛁ,7,synth,train
syn_w0_000219_yar_sancta_ehi_lun_ᚤᛅᚱ᛬ᛋᛅᚾᛍᛏᛅ᛬ᛂᚼᛁ᛬ᛚᚢᚾ.png,w0,219,yar sancta ehi lun,ᚤᛅᚱ᛬ᛋᛅᚾᛍᛏᛅ᛬ᛂᚼᛁ᛬ᛚᚢᚾ,15,synth,train
syn_w0_000220_alra_runfast_ᛅᛚᚱᛅ᛬ᚱᚢᚾᚠᛅᛋᛏ.png,w0,220,alra runfast,ᛅᛚᚱᛅ᛬ᚱᚢᚾᚠᛅᛋᛏ,11,synth,train
syn_w0_000220_bentik_faþur_ᛒᛂᚾᛏᛁᚴ᛬ᚠᛅᚦᚢᚱ.png,w0,220,bentik faþur,ᛒᛂᚾᛏᛁᚴ᛬ᚠᛅᚦᚢᚱ,11,synth,train
syn_w0_000220_iuker_argr_taaþi_ᛁᚢᚴᛂᚱ᛬ᛅᚱᚵᚱ᛬ᛏᛅᛅᚦᛁ.png,w0,220,iuker argr taaþi,ᛁᚢᚴᛂᚱ᛬ᛅᚱᚵᚱ᛬ᛏᛅᛅᚦᛁ,14,synth,train
syn_w0_000220_sta_estn_tanmarku_ᛋᛏᛅ᛬ᛂᛋᛏᚾ᛬ᛏᛅᚾᛘᛅᚱᚴᚢ.png,w0,220,sta estn tanmarku,ᛋᛏᛅ᛬ᛂᛋᛏᚾ᛬ᛏᛅᚾᛘᛅᚱᚴᚢ,15,synth,train
syn_w0_000220_þinsa_þora_ᚦᛁᚾᛋᛅ᛬ᚦᚮᚱᛅ.png,w0,220,þinsa þora,ᚦᛁᚾᛋᛅ᛬ᚦᚮᚱᛅ,9,synth,train
syn_w0_000221_iatrink_aftir_þinsa_kiirnmirih_ᛁᛅᛏᚱᛁᚾᚴ᛬ᛅᚠᛏᛁᚱ᛬ᚦᛁᚾᛋᛅ᛬ᚴᛁᛁᚱᚾᛘᛁᚱᛁᚼ.png,w0,221,iatrink aftir þinsa kiirnmirih,ᛁᛅᛏᚱᛁᚾᚴ᛬ᛅᚠᛏᛁᚱ᛬ᚦᛁᚾᛋᛅ᛬ᚴᛁᛁᚱᚾᛘᛁᚱᛁᚼ,27,synth,train
syn_w0_000221_ketil_kristus_trok_kial_ᚴᛂᛏᛁᛚ᛬ᚴᚱᛁᛋᛏᚢᛋ᛬ᛏᚱᚮᚴ᛬ᚴᛁᛅᛚ.png,w0,221,ketil kristus trok kial,ᚴᛂᛏᛁᛚ᛬ᚴᚱᛁᛋᛏᚢᛋ᛬ᛏᚱᚮᚴ᛬ᚴᛁᛅᛚ,20,synth,train
syn_w0_000221_kunar_ᚴᚢᚾᛅᚱ.png,w0,221,kunar,ᚴᚢᚾᛅᚱ,5,synth,train
syn_w0_000221_myntære_uas_ᛘᚤᚾᛏᚫᚱᛂ᛬ᚢᛅᛋ.png,w0,221,myntære uas,ᛘᚤᚾᛏᚫᚱᛂ᛬ᚢᛅᛋ,10,synth,train
syn_w0_000221_ubiR_lit_ᚢᛒᛁᛦ᛬ᛚᛁᛏ.png,w0,221,ubiR lit,ᚢᛒᛁᛦ᛬ᛚᛁᛏ,7,synth,train
syn_w0_000222_altri_aot_ᛅᛚᛏᚱᛁ᛬ᛅᚮᛏ.png,w0,222,altri aot,ᛅᛚᛏᚱᛁ᛬ᛅᚮᛏ,8,synth,train
syn_w0_000222_ilum_hilfniki_ank_ᛁᛚᚢᛘ᛬ᚼᛁᛚᚠᚾᛁᚴᛁ᛬ᛅᚾᚴ.png,w0,222,ilum hilfniki ank,ᛁᛚᚢᛘ᛬ᚼᛁᛚᚠᚾᛁᚴᛁ᛬ᛅᚾᚴ,15,synth,train
syn_w0_000222_oar_ᚮᛅᚱ.png,w0,222,oar,ᚮᛅᚱ,3,synth,train
syn_w0_000222_runoR_botaiþr_ᚱᚢᚾᚮᛦ᛬ᛒᚮᛏᛅᛁᚦᚱ.png,w0,222,runoR botaiþr,ᚱᚢᚾᚮᛦ᛬ᛒᚮᛏᛅᛁᚦᚱ,12,synth,train
syn_w0_000222_ueþralti_henmikr_ᚢᛂᚦᚱᛅᛚᛏᛁ᛬ᚼᛂᚾᛘᛁᚴᚱ.png,w0,222,ueþralti henmikr,ᚢᛂᚦᚱᛅᛚᛏᛁ᛬ᚼᛂᚾᛘᛁᚴᚱ,15,synth,test
syn_w0_000223_auk_huskarl_ᛅᚢᚴ᛬ᚼᚢᛋᚴᛅᚱᛚ.png,w0,223,auk huskarl,ᛅᚢᚴ᛬ᚼᚢᛋᚴᛅᚱᛚ,10,synth,test
syn_w0_000223_istina_stan_risti_ᛁᛋᛏᛁᚾᛅ᛬ᛋᛏᛅᚾ᛬ᚱᛁᛋᛏᛁ.png,w0,223,istina stan risti,ᛁᛋᛏᛁᚾᛅ᛬ᛋᛏᛅᚾ᛬ᚱᛁᛋᛏᛁ,15,synth,train
syn_w0_000223_marheto_ᛘᛅᚱᚼᛂᛏᚮ.png,w0,223,marheto,ᛘᛅᚱᚼᛂᛏᚮ,7,synth,train
syn_w0_000223_sina_ᛋᛁᚾᛅ.png,w0,223,sina,ᛋᛁᚾᛅ,4,synth,train
syn_w0_000223_þorolfr_ubolaki_hafi_ᚦᚮᚱᚮᛚᚠᚱ᛬ᚢᛒᚮᛚᛅᚴᛁ᛬ᚼᛅᚠᛁ.png,w0,223,þorolfr ubolaki hafi,ᚦᚮᚱᚮᛚᚠᚱ᛬ᚢᛒᚮᛚᛅᚴᛁ᛬ᚼᛅᚠᛁ,18,synth,train
syn_w0_000224_faþur_stian_ᚠᛅᚦᚢᚱ᛬ᛋᛏᛁᛅᚾ.png,w0,224,faþur stian,ᚠᛅᚦᚢᚱ᛬ᛋᛏᛁᛅᚾ,10,synth,train
syn_w0_000224_guþ_ᚵᚢᚦ.png,w0,224,guþ,ᚵᚢᚦ,3,synth,train
syn_w0_000224_mot_ᛘᚮᛏ.png,w0,224,mot,ᛘᚮᛏ,3,synth,train
syn_w0_000224_raknualt_rfi_raist_ᚱᛅᚴᚾᚢᛅᛚᛏ᛬ᚱᚠᛁ᛬ᚱᛅᛁᛋᛏ.png,w0,224,raknualt rfi raist,ᚱᛅᚴᚾᚢᛅᛚᛏ᛬ᚱᚠᛁ᛬ᚱᛅᛁᛋᛏ,16,synth,train
syn_w0_000224_staina_ᛋᛏᛅᛁᚾᛅ.png,w0,224,staina,ᛋᛏᛅᛁᚾᛅ,6,synth,train
syn_w0_000225_fuþ_ᚠᚢᚦ.png,w0,225,fuþ,ᚠᚢᚦ,3,synth,train
syn_w0_000225_nikotaus_ᚾᛁᚴᚮᛏᛅᚢᛋ.png,w0,225,nikotaus,ᚾᛁᚴᚮᛏᛅᚢᛋ,8,synth,train
syn_w0_000225_sakum_uraRi_ᛋᛅᚴᚢᛘ᛬ᚢᚱᛅᛦᛁ.png,w0,225,sakum uraRi,ᛋᛅᚴᚢᛘ᛬ᚢᚱᛅᛦᛁ,10,synth,train
syn_w0_000225_sten_tiþkumi_aijag_ᛋᛏᛂᚾ᛬ᛏᛁᚦᚴᚢᛘᛁ᛬ᛅᛁᛃᛅᚵ.png,w0,225,sten tiþkumi aijag,ᛋᛏᛂᚾ᛬ᛏᛁᚦᚴᚢᛘᛁ᛬ᛅᛁᛃᛅᚵ,16,synth,test
syn_w0_000225_sui_aulakR_halfriþr_ekla_ᛋᚢᛁ᛬ᛅᚢᛚᛅᚴᛦ᛬ᚼᛅᛚᚠᚱᛁᚦᚱ᛬ᛂᚴᛚᛅ.png,w0,225,sui aulakR halfriþr ekla,ᛋᚢᛁ᛬ᛅᚢᛚᛅᚴᛦ᛬ᚼᛅᛚᚠᚱᛁᚦᚱ᛬ᛂᚴᛚᛅ,21,synth,train
syn_w0_000226_fuþ_ᚠᚢᚦ.png,w0,226,fuþ,ᚠᚢᚦ,3,synth,train
syn_w0_000226_hakun_ᚼᛅᚴᚢᚾ.png,w0,226,hakun,ᚼᛅᚴᚢᚾ,5,synth,train
syn_w0_000226_istaen_ᛁᛋᛏᛅᛂᚾ.png,w0,226,istaen,ᛁᛋᛏᛅᛂᚾ,6,synth,train
syn_w0_000226_laþi_ᛚᛅᚦᛁ.png,w0,226,laþi,ᛚᛅᚦᛁ,4,synth,train
syn_w0_000226_risþu_atsor_ᚱᛁᛋᚦᚢ᛬ᛅᛏᛋᚮᚱ.png,w0,226,risþu atsor,ᚱᛁᛋᚦᚢ᛬ᛅᛏᛋᚮᚱ,10,synth,train
syn_w0_000227_ihlbi_ᛁᚼᛚᛒᛁ.png,w0,227,ihlbi,ᛁᚼᛚᛒᛁ,5,synth,train
syn_w0_000227_miR_gorþæ_nairbis_ugi_ᛘᛁᛦ᛬ᚵᚮᚱᚦᚫ᛬ᚾᛅᛁᚱᛒᛁᛋ᛬ᚢᚵᛁ.png,w0,227,miR gorþæ nairbis ugi,ᛘᛁᛦ᛬ᚵᚮᚱᚦᚫ᛬ᚾᛅᛁᚱᛒᛁᛋ᛬ᚢᚵᛁ,18,synth,train
syn_w0_000227_oskutr_ᚮᛋᚴᚢᛏᚱ.png,w0,227,oskutr,ᚮᛋᚴᚢᛏᚱ,6,synth,train
syn_w0_000227_yfir_auk_biorn_þina_ᚤᚠᛁᚱ᛬ᛅᚢᚴ᛬ᛒᛁᚮᚱᚾ᛬ᚦᛁᚾᛅ.png,w0,227,yfir auk biorn þina,ᚤᚠᛁᚱ᛬ᛅᚢᚴ᛬ᛒᛁᚮᚱᚾ᛬ᚦᛁᚾᛅ,16,synth,train
syn_w0_000227_þostæin_ᚦᚮᛋᛏᚫᛁᚾ.png,w0,227,þostæin,ᚦᚮᛋᛏᚫᛁᚾ,7,synth,train
syn_w0_000228_bryþra_skali_erþ_ᛒᚱᚤᚦᚱᛅ᛬ᛋᚴᛅᛚᛁ᛬ᛂᚱᚦ.png,w0,228,bryþra skali erþ,ᛒᚱᚤᚦᚱᛅ᛬ᛋᚴᛅᛚᛁ᛬ᛂᚱᚦ,14,synth,train
syn_w0_000228_eka_ink_ᛂᚴᛅ᛬ᛁᚾᚴ.png,w0,228,eka ink,ᛂᚴᛅ᛬ᛁᚾᚴ,6,synth,train
syn_w0_000228_iorþaR_naR_bro_bunta_ᛁᚮᚱᚦᛅᛦ᛬ᚾᛅᛦ᛬ᛒᚱᚮ᛬ᛒᚢᚾᛏᛅ.png,w0,228,iorþaR naR bro bunta,ᛁᚮᚱᚦᛅᛦ᛬ᚾᛅᛦ᛬ᛒᚱᚮ᛬ᛒᚢᚾᛏᛅ,17,synth,train
syn_w0_000228_kre_nder_kerua_ᚴᚱᛂ᛬ᚾᛑᛂᚱ᛬ᚴᛂᚱᚢᛅ.png,w0,228,kre nder kerua,ᚴᚱᛂ᛬ᚾᛑᛂᚱ᛬ᚴᛂᚱᚢᛅ,12,synth,train
syn_w0_000228_tiþkumi_raþi_nefa_ᛏᛁᚦᚴᚢᛘᛁ᛬ᚱᛅᚦᛁ᛬ᚾᛂᚠᛅ.png,w0,228,tiþkumi raþi nefa,ᛏᛁᚦᚴᚢᛘᛁ᛬ᚱᛅᚦᛁ᛬ᚾᛂᚠᛅ,15,synth,train
syn_w0_000229_buanta_abiarn_ᛒᚢᛅᚾᛏᛅ᛬ᛅᛒᛁᛅᚱᚾ.png,w0,229,buanta abiarn,ᛒᚢᛅᚾᛏᛅ᛬ᛅᛒᛁᛅᚱᚾ,12,synth,train
syn_w0_000229_kuþmutr_giarþu_usti_ᚴᚢᚦᛘᚢᛏᚱ᛬ᚵᛁᛅᚱᚦᚢ᛬ᚢᛋᛏᛁ.png,w0,229,kuþmutr giarþu usti,ᚴᚢᚦᛘᚢᛏᚱ᛬ᚵᛁᛅᚱᚦᚢ᛬ᚢᛋᛏᛁ,17,synth,train
syn_w0_000229_miR_þino_auint_buta_ᛘᛁᛦ᛬ᚦᛁᚾᚮ᛬ᛅᚢᛁᚾᛏ᛬ᛒᚢᛏᛅ.png,w0,229,miR þino auint buta,ᛘᛁᛦ᛬ᚦᛁᚾᚮ᛬ᛅᚢᛁᚾᛏ᛬ᛒᚢᛏᛅ,16,synth,train
syn_w0_000229_misgu_ᛘᛁᛋᚵᚢ.png,w0,229,misgu,ᛘᛁᛋᚵᚢ,5,synth,train
syn_w0_000229_riha_yuia_askær_bonta_ᚱᛁᚼᛅ᛬ᚤᚢᛁᛅ᛬ᛅᛋᚴᚫᚱ᛬ᛒᚮᚾᛏᛅ.png,w0,229,riha yuia askær bonta,ᚱᛁᚼᛅ᛬ᚤᚢᛁᛅ᛬ᛅᛋᚴᚫᚱ᛬ᛒᚮᚾᛏᛅ,18,synth,train
syn_w0_000230_aft_fuþorkhnias_sia_erbrn_ᛅᚠᛏ᛬ᚠᚢᚦᚮᚱᚴᚼᚾᛁᛅᛋ᛬ᛋᛁᛅ᛬ᛂᚱᛒᚱᚾ.png,w0,230,aft fuþorkhnias sia erbrn,ᛅᚠᛏ᛬ᚠᚢᚦᚮᚱᚴᚼᚾᛁᛅᛋ᛬ᛋᛁᛅ᛬ᛂᚱᛒᚱᚾ,22,synth,train
syn_w0_000230_agua_iuls_eftir_kar_ᛅᚵᚢᛅ᛬ᛁᚢᛚᛋ᛬ᛂᚠᛏᛁᚱ᛬ᚴᛅᚱ.png,w0,230,agua iuls eftir kar,ᛅᚵᚢᛅ᛬ᛁᚢᛚᛋ᛬ᛂᚠᛏᛁᚱ᛬ᚴᛅᚱ,16,synth,train
syn_w0_000230_haua_ᚼᛅᚢᛅ.png,w0,230,haua,ᚼᛅᚢᛅ,4,synth,train
syn_w0_000230_sin_bota_hmini_þlia_ᛋᛁᚾ᛬ᛒᚮᛏᛅ᛬ᚼᛘᛁᚾᛁ᛬ᚦᛚᛁᛅ.png,w0,230,sin bota hmini þlia,ᛋᛁᚾ᛬ᛒᚮᛏᛅ᛬ᚼᛘᛁᚾᛁ᛬ᚦᛚᛁᛅ,16,synth,train
syn_w0_000230_sui_auk_ᛋᚢᛁ᛬ᛅᚢᚴ.png,w0,230,sui auk,ᛋᚢᛁ᛬ᛅᚢᚴ,6,synth,train
syn_w0_000231_alti_koþan_gþi_auk_ᛅᛚᛏᛁ᛬ᚴᚮᚦᛅᚾ᛬ᚵᚦᛁ᛬ᛅᚢᚴ.png,w0,231,alti koþan gþi auk,ᛅᛚᛏᛁ᛬ᚴᚮᚦᛅᚾ᛬ᚵᚦᛁ᛬ᛅᚢᚴ,15,synth,train
syn_w0_000231_iute_ᛁᚢᛏᛂ.png,w0,231,iute,ᛁᚢᛏᛂ,4,synth,train
syn_w0_000231_kismuntr_abtiR_þorbiorn_ᚴᛁᛋᛘᚢᚾᛏᚱ᛬ᛅᛒᛏᛁᛦ᛬ᚦᚮᚱᛒᛁᚮᚱᚾ.png,w0,231,kismuntr abtiR þorbiorn,ᚴᛁᛋᛘᚢᚾᛏᚱ᛬ᛅᛒᛏᛁᛦ᛬ᚦᚮᚱᛒᛁᚮᚱᚾ,21,synth,test
syn_w0_000231_minum_sin_kans_ᛘᛁᚾᚢᛘ᛬ᛋᛁᚾ᛬ᚴᛅᚾᛋ.png,w0,231,minum sin kans,ᛘᛁᚾᚢᛘ᛬ᛋᛁᚾ᛬ᚴᛅᚾᛋ,12,synth,val
syn_w0_000231_þaira_sændir_fil_ᚦᛅᛁᚱᛅ᛬ᛋᚫᚾᛑᛁᚱ᛬ᚠᛁᛚ.png,w0,231,þaira sændir fil,ᚦᛅᛁᚱᛅ᛬ᛋᚫᚾᛑᛁᚱ᛬ᚠᛁᛚ,14,synth,train
syn_w0_000232_faþi_oþan_uik_yvir_ᚠᛅᚦᛁ᛬ᚮᚦᛅᚾ᛬ᚢᛁᚴ᛬ᚤᚡᛁᚱ.png,w0,232,faþi oþan uik yvir,ᚠᛅᚦᛁ᛬ᚮᚦᛅᚾ᛬ᚢᛁᚴ᛬ᚤᚡᛁᚱ,15,synth,train
syn_w0_000232_felaga_aok_ræiþa_ski_ᚠᛂᛚᛅᚵᛅ᛬ᛅᚮᚴ᛬ᚱᚫᛁᚦᛅ᛬ᛋᚴᛁ.png,w0,232,felaga aok ræiþa ski,ᚠᛂᛚᛅᚵᛅ᛬ᛅᚮᚴ᛬ᚱᚫᛁᚦᛅ᛬ᛋᚴᛁ,17,synth,train
syn_w0_000232_fusra_moþur_þet_ᚠᚢᛋᚱᛅ᛬ᛘᚮᚦᚢᚱ᛬ᚦᛂᛏ.png,w0,232,fusra moþur þet,ᚠᚢᛋᚱᛅ᛬ᛘᚮᚦᚢᚱ᛬ᚦᛂᛏ,13,synth,train
syn_w0_000232_kuti_ᚴᚢᛏᛁ.png,w0,232,kuti,ᚴᚢᛏᛁ,4,synth,train
syn_w0_000232_uili_kuþmunt_ᚢᛁᛚᛁ᛬ᚴᚢᚦᛘᚢᚾᛏ.png,w0,232,uili kuþmunt,ᚢᛁᛚᛁ᛬ᚴᚢᚦᛘᚢᚾᛏ,11,synth,train
syn_w0_000233_ąkiu_ᚬᚴᛁᚢ.png,w0,233,ąkiu,ᚬᚴᛁᚢ,4,synth,train
syn_w0_000233_rumar_kunu_ᚱᚢᛘᛅᚱ᛬ᚴᚢᚾᚢ.png,w0,233,rumar kunu,ᚱᚢᛘᛅᚱ᛬ᚴᚢᚾᚢ,9,synth,train
syn_w0_000233_saul_risa_þaiR_foru_ᛋᛅᚢᛚ᛬ᚱᛁᛋᛅ᛬ᚦᛅᛁᛦ᛬ᚠᚮᚱᚢ.png,w0,233,saul risa þaiR foru,ᛋᛅᚢᛚ᛬ᚱᛁᛋᛅ᛬ᚦᛅᛁᛦ᛬ᚠᚮᚱᚢ,16,synth,train
syn_w0_000233_þen_þaasi_iklanti_hiuk_ᚦᛂᚾ᛬ᚦᛅᛅᛋᛁ᛬ᛁᚴᛚᛅᚾᛏᛁ᛬ᚼᛁᚢᚴ.png,w0,233,þen þaasi iklanti hiuk,ᚦᛂᚾ᛬ᚦᛅᛅᛋᛁ᛬ᛁᚴᛚᛅᚾᛏᛁ᛬ᚼᛁᚢᚴ,19,synth,val
syn_w0_000233_þunda_ᚦᚢᚾᛑᛅ.png,w0,233,þunda,ᚦᚢᚾᛑᛅ,5,synth,test
syn_w0_000234_eftiR_þurkal_ᛂᚠᛏᛁᛦ᛬ᚦᚢᚱᚴᛅᛚ.png,w0,234,eftiR þurkal,ᛂᚠᛏᛁᛦ᛬ᚦᚢᚱᚴᛅᛚ,11,synth,train
syn_w0_000234_riti_ins_ᚱᛁᛏᛁ᛬ᛁᚾᛋ.png,w0,234,riti ins,ᚱᛁᛏᛁ᛬ᛁᚾᛋ,7,synth,val
syn_w0_000234_sante_uihmuntr_tominus_sina_ᛋᛅᚾᛏᛂ᛬ᚢᛁᚼᛘᚢᚾᛏᚱ᛬ᛏᚮᛘᛁᚾᚢᛋ᛬ᛋᛁᚾᛅ.png,w0,234,sante uihmuntr tominus sina,ᛋᛅᚾᛏᛂ᛬ᚢᛁᚼᛘᚢᚾᛏᚱ᛬ᛏᚮᛘᛁᚾᚢᛋ᛬ᛋᛁᚾᛅ,24,synth,train
syn_w0_000234_sustur_fyri_ᛋᚢᛋᛏᚢᚱ᛬ᚠᚤᚱᛁ.png,w0,234,sustur fyri,ᛋᚢᛋᛏᚢᚱ᛬ᚠᚤᚱᛁ,10,synth,train
syn_w0_000234_ualti_fruha_hns_ᚢᛅᛚᛏᛁ᛬ᚠᚱᚢᚼᛅ᛬ᚼᚾᛋ.png,w0,234,ualti fruha hns,ᚢᛅᛚᛏᛁ᛬ᚠᚱᚢᚼᛅ᛬ᚼᚾᛋ,13,synth,train
syn_w0_000235_efetR_ᛂᚠᛂᛏᛦ.png,w0,235,efetR,ᛂᚠᛂᛏᛦ,5,synth,train
syn_w0_000235_erþ_fir_hik_ᛂᚱᚦ᛬ᚠᛁᚱ᛬ᚼᛁᚴ.png,w0,235,erþ fir hik,ᛂᚱᚦ᛬ᚠᛁᚱ᛬ᚼᛁᚴ,9,synth,train
syn_w0_000235_hana_haukoþuz_kru_alkuþan_ᚼᛅᚾᛅ᛬ᚼᛅᚢᚴᚮᚦᚢᛎ᛬ᚴᚱᚢ᛬ᛅᛚᚴᚢᚦᛅᚾ.png,w0,235,hana haukoþuz kru alkuþan,ᚼᛅᚾᛅ᛬ᚼᛅᚢᚴᚮᚦᚢᛎ᛬ᚴᚱᚢ᛬ᛅᛚᚴᚢᚦᛅᚾ,22,synth,train
syn_w0_000235_hugi_bar_haklati_ustain_ᚼᚢᚵᛁ᛬ᛒᛅᚱ᛬ᚼᛅᚴᛚᛅᛏᛁ᛬ᚢᛋᛏᛅᛁᚾ.png,w0,235,hugi bar haklati ustain,ᚼᚢᚵᛁ᛬ᛒᛅᚱ᛬ᚼᛅᚴᛚᛅᛏᛁ᛬ᚢᛋᛏᛅᛁᚾ,20,synth,train
syn_w0_000235_orilt_alra_tarstaþum_tsin_ᚮᚱᛁᛚᛏ᛬ᛅᛚᚱᛅ᛬ᛏᛅᚱᛋᛏᛅᚦᚢᛘ᛬ᛏᛋᛁᚾ.png,w0,235,orilt alra tarstaþum tsin,ᚮᚱᛁᛚᛏ᛬ᛅᛚᚱᛅ᛬ᛏᛅᚱᛋᛏᛅᚦᚢᛘ᛬ᛏᛋᛁᚾ,22,synth,train
syn_w0_000236_but_likuiþr_siRun_tum_ᛒᚢᛏ᛬ᛚᛁᚴᚢᛁᚦᚱ᛬ᛋᛁᛦᚢᚾ᛬ᛏᚢᛘ.png,w0,236,but likuiþr siRun tum,ᛒᚢᛏ᛬ᛚᛁᚴᚢᛁᚦᚱ᛬ᛋᛁᛦᚢᚾ᛬ᛏᚢᛘ,18,synth,train
syn_w0_000236_ernkisl_gRra_keti_ᛂᚱᚾᚴᛁᛋᛚ᛬ᚵᛦᚱᛅ᛬ᚴᛂᛏᛁ.png,w0,236,ernkisl gRra keti,ᛂᚱᚾᚴᛁᛋᛚ᛬ᚵᛦᚱᛅ᛬ᚴᛂᛏᛁ,15,synth,val
syn_w0_000236_sin_lif_ᛋᛁᚾ᛬ᛚᛁᚠ.png,w0,236,sin lif,ᛋᛁᚾ᛬ᛚᛁᚠ,6,synth,train
syn_w0_000236_skal_tho_iok_ᛋᚴᛅᛚ᛬ᛏᚼᚮ᛬ᛁᚮᚴ.png,w0,236,skal tho iok,ᛋᚴᛅᛚ᛬ᛏᚼᚮ᛬ᛁᚮᚴ,10,synth,train
syn_w0_000236_suain_eskil_gyla_ᛋᚢᛅᛁᚾ᛬ᛂᛋᚴᛁᛚ᛬ᚵᚤᛚᛅ.png,w0,236,suain eskil gyla,ᛋᚢᛅᛁᚾ᛬ᛂᛋᚴᛁᛚ᛬ᚵᚤᛚᛅ,14,synth,train
syn_w0_000237_arnfasta_ᛅᚱᚾᚠᛅᛋᛏᛅ.png,w0,237,arnfasta,ᛅᚱᚾᚠᛅᛋᛏᛅ,8,synth,train
syn_w0_000237_kunar_ᚴᚢᚾᛅᚱ.png,w0,237,kunar,ᚴᚢᚾᛅᚱ,5,synth,train
syn_w0_000237_lai_ᛚᛅᛁ.png,w0,237,lai,ᛚᛅᛁ,3,synth,train
syn_w0_000237_stein_þurstin_sasur_ᛋᛏᛂᛁᚾ᛬ᚦᚢᚱᛋᛏᛁᚾ᛬ᛋᛅᛋᚢᚱ.png,w0,237,stein þurstin sasur,ᛋᛏᛂᛁᚾ᛬ᚦᚢᚱᛋᛏᛁᚾ᛬ᛋᛅᛋᚢᚱ,17,synth,train
syn_w0_000237_toþr_risti_ᛏᚮᚦᚱ᛬ᚱᛁᛋᛏᛁ.png,w0,237,toþr risti,ᛏᚮᚦᚱ᛬ᚱᛁᛋᛏᛁ,9,synth,train
syn_w0_000238_bigu_þaloi_ᛒᛁᚵᚢ᛬ᚦᛅᛚᚮᛁ.png,w0,238,bigu þaloi,ᛒᛁᚵᚢ᛬ᚦᛅᛚᚮᛁ,9,synth,train
syn_w0_000238_krim_trunik_sina_ᚴᚱᛁᛘ᛬ᛏᚱᚢᚾᛁᚴ᛬ᛋᛁᚾᛅ.png,w0,238,krim trunik sina,ᚴᚱᛁᛘ᛬ᛏᚱᚢᚾᛁᚴ᛬ᛋᛁᚾᛅ,14,synth,train
syn_w0_000238_uikik_þaikn_hos_koþuini_ᚢᛁᚴᛁᚴ᛬ᚦᛅᛁᚴᚾ᛬ᚼᚮᛋ᛬ᚴᚮᚦᚢᛁᚾᛁ.png,w0,238,uikik þaikn hos koþuini,ᚢᛁᚴᛁᚴ᛬ᚦᛅᛁᚴᚾ᛬ᚼᚮᛋ᛬ᚴᚮᚦᚢᛁᚾᛁ,20,synth,train
syn_w0_000238_ulef_byki_iþur_ᚢᛚᛂᚠ᛬ᛒᚤᚴᛁ᛬ᛁᚦᚢᚱ.png,w0,238,ulef byki iþur,ᚢᛚᛂᚠ᛬ᛒᚤᚴᛁ᛬ᛁᚦᚢᚱ,12,synth,val
syn_w0_000238_þia_han_oyniotr_ᚦᛁᛅ᛬ᚼᛅᚾ᛬ᚮᚤᚾᛁᚮᛏᚱ.png,w0,238,þia han oyniotr,ᚦᛁᛅ᛬ᚼᛅᚾ᛬ᚮᚤᚾᛁᚮᛏᚱ,13,synth,train
syn_w0_000239_fuþor_þurbiurn_ᚠᚢᚦᚮᚱ᛬ᚦᚢᚱᛒᛁᚢᚱᚾ.png,w0,239,fuþor þurbiurn,ᚠᚢᚦᚮᚱ᛬ᚦᚢᚱᛒᛁᚢᚱᚾ,13,synth,train
syn_w0_000239_lit_kukbl_ᛚᛁᛏ᛬ᚴᚢᚴᛒᛚ.png,w0,239,lit kukbl,ᛚᛁᛏ᛬ᚴᚢᚴᛒᛚ,8,synth,train
syn_w0_000239_þausi_onl_þauþi_ᚦᛅᚢᛋᛁ᛬ᚮᚾᛚ᛬ᚦᛅᚢᚦᛁ.png,w0,239,þausi onl þauþi,ᚦᛅᚢᛋᛁ᛬ᚮᚾᛚ᛬ᚦᛅᚢᚦᛁ,13,synth,train
syn_w0_000239_þiR_htæ_ᚦᛁᛦ᛬ᚼᛏᚫ.png,w0,239,þiR htæ,ᚦᛁᛦ᛬ᚼᛏᚫ,6,synth,train
syn_w0_000239_þulfR_stin_ᚦᚢᛚᚠᛦ᛬ᛋᛏᛁᚾ.png,w0,239,þulfR stin,ᚦᚢᛚᚠᛦ᛬ᛋᛏᛁᚾ,9,synth,train
syn_w0_000240_aftiR_ᛅᚠᛏᛁᛦ.png,w0,240,aftiR,ᛅᚠᛏᛁᛦ,5,synth,train
syn_w0_000240_braiþu_rahniltr_þorkautr_ᛒᚱᛅᛁᚦᚢ᛬ᚱᛅᚼᚾᛁᛚᛏᚱ᛬ᚦᚮᚱᚴᛅᚢᛏᚱ.png,w0,240,braiþu rahniltr þorkautr,ᛒᚱᛅᛁᚦᚢ᛬ᚱᛅᚼᚾᛁᛚᛏᚱ᛬ᚦᚮᚱᚴᛅᚢᛏᚱ,22,synth,train
syn_w0_000240_iciþ_sin_þon_uikikr_ᛁᛍᛁᚦ᛬ᛋᛁᚾ᛬ᚦᚮᚾ᛬ᚢᛁᚴᛁᚴᚱ.png,w0,240,iciþ sin þon uikikr,ᛁᛍᛁᚦ᛬ᛋᛁᚾ᛬ᚦᚮᚾ᛬ᚢᛁᚴᛁᚴᚱ,16,synth,train
syn_w0_000240_mrkom_ᛘᚱᚴᚮᛘ.png,w0,240,mrkom,ᛘᚱᚴᚮᛘ,5,synth,train
syn_w0_000240_þair_uku_þikfastr_ᚦᛅᛁᚱ᛬ᚢᚴᚢ᛬ᚦᛁᚴᚠᛅᛋᛏᚱ.png,w0,240,þair uku þikfastr,ᚦᛅᛁᚱ᛬ᚢᚴᚢ᛬ᚦᛁᚴᚠᛅᛋᛏᚱ,15,synth,train
syn_w0_000241_amo_ker_kar_ᛅᛘᚮ᛬ᚴᛂᚱ᛬ᚴᛅᚱ.png,w0,241,amo ker kar,ᛅᛘᚮ᛬ᚴᛂᚱ᛬ᚴᛅᚱ,9,synth,train
syn_w0_000241_faþu_sihraf_fil_ᚠᛅᚦᚢ᛬ᛋᛁᚼᚱᛅᚠ᛬ᚠᛁᛚ.png,w0,241,faþu sihraf fil,ᚠᛅᚦᚢ᛬ᛋᛁᚼᚱᛅᚠ᛬ᚠᛁᛚ,13,synth,train
syn_w0_000241_int_bisku_sunan_ᛁᚾᛏ᛬ᛒᛁᛋᚴᚢ᛬ᛋᚢᚾᛅᚾ.png,w0,241,int bisku sunan,ᛁᚾᛏ᛬ᛒᛁᛋᚴᚢ᛬ᛋᚢᚾᛅᚾ,13,synth,val
syn_w0_000241_mana_ᛘᛅᚾᛅ.png,w0,241,mana,ᛘᛅᚾᛅ,4,synth,train
syn_w0_000241_olaf_runuiþr_hakun_kufi_ᚮᛚᛅᚠ᛬ᚱᚢᚾᚢᛁᚦᚱ᛬ᚼᛅᚴᚢᚾ᛬ᚴᚢᚠᛁ.png,w0,241,olaf runuiþr hakun kufi,ᚮᛚᛅᚠ᛬ᚱᚢᚾᚢᛁᚦᚱ᛬ᚼᛅᚴᚢᚾ᛬ᚴᚢᚠᛁ,20,synth,val
syn_w0_000242_auk_ᛅᚢᚴ.png,w0,242,auk,ᛅᚢᚴ,3,synth,train
syn_w0_000242_fasti_hra_hilakR_ᚠᛅᛋᛏᛁ᛬ᚼᚱᛅ᛬ᚼᛁᛚᛅᚴᛦ.png,w0,242,fasti hra hilakR,ᚠᛅᛋᛏᛁ᛬ᚼᚱᛅ᛬ᚼᛁᛚᛅᚴᛦ,14,synth,train
syn_w0_000242_hans_satu_ᚼᛅᚾᛋ᛬ᛋᛅᛏᚢ.png,w0,242,hans satu,ᚼᛅᚾᛋ᛬ᛋᛅᛏᚢ,8,synth,train
syn_w0_000242_loti_ᛚᚮᛏᛁ.png,w0,242,loti,ᛚᚮᛏᛁ,4,synth,val
syn_w0_000242_sun_heil_askrimr_ᛋᚢᚾ᛬ᚼᛂᛁᛚ᛬ᛅᛋᚴᚱᛁᛘᚱ.png,w0,242,sun heil askrimr,ᛋᚢᚾ᛬ᚼᛂᛁᛚ᛬ᛅᛋᚴᚱᛁᛘᚱ,14,synth,train
syn_w0_000243_fila_ᚠᛁᛚᛅ.png,w0,243,fila,ᚠᛁᛚᛅ,4,synth,train
syn_w0_000243_furþi_afti_bufa_botui_ᚠᚢᚱᚦᛁ᛬ᛅᚠᛏᛁ᛬ᛒᚢᚠᛅ᛬ᛒᚮᛏᚢᛁ.png,w0,243,furþi afti bufa botui,ᚠᚢᚱᚦᛁ᛬ᛅᚠᛏᛁ᛬ᛒᚢᚠᛅ᛬ᛒᚮᛏᚢᛁ,18,synth,train
syn_w0_000243_helka_rag_ᚼᛂᛚᚴᛅ᛬ᚱᛅᚵ.png,w0,243,helka rag,ᚼᛂᛚᚴᛅ᛬ᚱᛅᚵ,8,synth,train
syn_w0_000243_ketilmunt_haluan_fik_ᚴᛂᛏᛁᛚᛘᚢᚾᛏ᛬ᚼᛅᛚᚢᛅᚾ᛬ᚠᛁᚴ.png,w0,243,ketilmunt haluan fik,ᚴᛂᛏᛁᛚᛘᚢᚾᛏ᛬ᚼᛅᛚᚢᛅᚾ᛬ᚠᛁᚴ,18,synth,train
syn_w0_000243_sun_ᛋᚢᚾ.png,w0,243,sun,ᛋᚢᚾ,3,synth,train
syn_w0_000244_mær_gerþi_auþualtr_ᛘᚫᚱ᛬ᚵᛂᚱᚦᛁ᛬ᛅᚢᚦᚢᛅᛚᛏᚱ.png,w0,244,mær gerþi auþualtr,ᛘᚫᚱ᛬ᚵᛂᚱᚦᛁ᛬ᛅᚢᚦᚢᛅᛚᛏᚱ,16,synth,train
syn_w0_000244_oka_igaz_sin_orþe_ᚮᚴᛅ᛬ᛁᚵᛅᛎ᛬ᛋᛁᚾ᛬ᚮᚱᚦᛂ.png,w0,244,oka igaz sin orþe,ᚮᚴᛅ᛬ᛁᚵᛅᛎ᛬ᛋᛁᚾ᛬ᚮᚱᚦᛂ,14,synth,train
syn_w0_000244_rag_eftiR_fauþur_ᚱᛅᚵ᛬ᛂᚠᛏᛁᛦ᛬ᚠᛅᚢᚦᚢᚱ.png,w0,244,rag eftiR fauþur,ᚱᛅᚵ᛬ᛂᚠᛏᛁᛦ᛬ᚠᛅᚢᚦᚢᚱ,14,synth,train
syn_w0_000244_þeno_biorn_hæræ_uþor_ᚦᛂᚾᚮ᛬ᛒᛁᚮᚱᚾ᛬ᚼᚫᚱᚫ᛬ᚢᚦᚮᚱ.png,w0,244,þeno biorn hæræ uþor,ᚦᛂᚾᚮ᛬ᛒᛁᚮᚱᚾ᛬ᚼᚫᚱᚫ᛬ᚢᚦᚮᚱ,17,synth,train
syn_w0_000244_þono_þiuþburh_nefs_habrs_ᚦᚮᚾᚮ᛬ᚦᛁᚢᚦᛒᚢᚱᚼ᛬ᚾᛂᚠᛋ᛬ᚼᛅᛒᚱᛋ.png,w0,244,þono þiuþburh nefs habrs,ᚦᚮᚾᚮ᛬ᚦᛁᚢᚦᛒᚢᚱᚼ᛬ᚾᛂᚠᛋ᛬ᚼᛅᛒᚱᛋ,21,synth,train
syn_w0_000245_fuþokrhtamiskmtm_ᚠᚢᚦᚮᚴᚱᚼᛏᛅᛘᛁᛋᚴᛘᛏᛘ.png,w0,245,fuþokrhtamiskmtm,ᚠᚢᚦᚮᚴᚱᚼᛏᛅᛘᛁᛋᚴᛘᛏᛘ,16,synth,train
syn_w0_000245_hakstain_fuþorkhniastb_ᚼᛅᚴᛋᛏᛅᛁᚾ᛬ᚠᚢᚦᚮᚱᚴᚼᚾᛁᛅᛋᛏᛒ.png,w0,245,hakstain fuþorkhniastb,ᚼᛅᚴᛋᛏᛅᛁᚾ᛬ᚠᚢᚦᚮᚱᚴᚼᚾᛁᛅᛋᛏᛒ,21,synth,train
syn_w0_000245_inkik_onut_ᛁᚾᚴᛁᚴ᛬ᚮᚾᚢᛏ.png,w0,245,inkik onut,ᛁᚾᚴᛁᚴ᛬ᚮᚾᚢᛏ,9,synth,test
syn_w0_000245_raiþi_lak_ᚱᛅᛁᚦᛁ᛬ᛚᛅᚴ.png,w0,245,raiþi lak,ᚱᛅᛁᚦᛁ᛬ᛚᛅᚴ,8,synth,train
syn_w0_000245_snari_ᛋᚾᛅᚱᛁ.png,w0,245,snari,ᛋᚾᛅᚱᛁ,5,synth,train
syn_w0_000246_eftiR_astraþ_uaR_fast_ᛂᚠᛏᛁᛦ᛬ᛅᛋᛏᚱᛅᚦ᛬ᚢᛅᛦ᛬ᚠᛅᛋᛏ.png,w0,246,eftiR astraþ uaR fast,ᛂᚠᛏᛁᛦ᛬ᛅᛋᛏᚱᛅᚦ᛬ᚢᛅᛦ᛬ᚠᛅᛋᛏ,18,synth,train
syn_w0_000246_gafeles_trk_fotr_ᚵᛅᚠᛂᛚᛂᛋ᛬ᛏᚱᚴ᛬ᚠᚮᛏᚱ.png,w0,246,gafeles trk fotr,ᚵᛅᚠᛂᛚᛂᛋ᛬ᛏᚱᚴ᛬ᚠᚮᛏᚱ,14,synth,train
syn_w0_000246_igul_ais_biorn_ᛁᚵᚢᛚ᛬ᛅᛁᛋ᛬ᛒᛁᚮᚱᚾ.png,w0,246,igul ais biorn,ᛁᚵᚢᛚ᛬ᛅᛁᛋ᛬ᛒᛁᚮᚱᚾ,12,synth,train
syn_w0_000246_sihbo_aslacar_ᛋᛁᚼᛒᚮ᛬ᛅᛋᛚᛅᛍᛅᚱ.png,w0,246,sihbo aslacar,ᛋᛁᚼᛒᚮ᛬ᛅᛋᛚᛅᛍᛅᚱ,12,synth,train
syn_w0_000246_tiR_utruks_itinkil_kuam_ᛏᛁᛦ᛬ᚢᛏᚱᚢᚴᛋ᛬ᛁᛏᛁᚾᚴᛁᛚ᛬ᚴᚢᛅᛘ.png,w0,246,tiR utruks itinkil kuam,ᛏᛁᛦ᛬ᚢᛏᚱᚢᚴᛋ᛬ᛁᛏᛁᚾᚴᛁᛚ᛬ᚴᚢᛅᛘ,20,synth,train
syn_w0_000247_bali_siiterf_otur_krusa_ᛒᛅᛚᛁ᛬ᛋᛁᛁᛏᛂᚱᚠ᛬ᚮᛏᚢᚱ᛬ᚴᚱᚢᛋᛅ.png,w0,247,bali siiterf otur krusa,ᛒᛅᛚᛁ᛬ᛋᛁᛁᛏᛂᚱᚠ᛬ᚮᛏᚢᚱ᛬ᚴᚱᚢᛋᛅ,20,synth,train
syn_w0_000247_guþo_gærþi_þurhaR_ᚵᚢᚦᚮ᛬ᚵᚫᚱᚦᛁ᛬ᚦᚢᚱᚼᛅᛦ.png,w0,247,guþo gærþi þurhaR,ᚵᚢᚦᚮ᛬ᚵᚫᚱᚦᛁ᛬ᚦᚢᚱᚼᛅᛦ,15,synth,train
syn_w0_000247_kuþfriþi_ᚴᚢᚦᚠᚱᛁᚦᛁ.png,w0,247,kuþfriþi,ᚴᚢᚦᚠᚱᛁᚦᛁ,8,synth,train
syn_w0_000247_risti_ᚱᛁᛋᛏᛁ.png,w0,247,risti,ᚱᛁᛋᛏᛁ,5,synth,train
syn_w0_000247_þsa_out_sunta_ᚦᛋᛅ᛬ᚮᚢᛏ᛬ᛋᚢᚾᛏᛅ.png,w0,247,þsa out sunta,ᚦᛋᛅ᛬ᚮᚢᛏ᛬ᛋᚢᚾᛏᛅ,11,synth,train
syn_w0_000248_berþor_bia_stai_risa_ᛒᛂᚱᚦᚮᚱ᛬ᛒᛁᛅ᛬ᛋᛏᛅᛁ᛬ᚱᛁᛋᛅ.png,w0,248,berþor bia stai risa,ᛒᛂᚱᚦᚮᚱ᛬ᛒᛁᛅ᛬ᛋᛏᛅᛁ᛬ᚱᛁᛋᛅ,17,synth,train
syn_w0_000248_hati_fnþur_aue_iftr_ᚼᛅᛏᛁ᛬ᚠᚾᚦᚢᚱ᛬ᛅᚢᛂ᛬ᛁᚠᛏᚱ.png,w0,248,hati fnþur aue iftr,ᚼᛅᛏᛁ᛬ᚠᚾᚦᚢᚱ᛬ᛅᚢᛂ᛬ᛁᚠᛏᚱ,16,synth,train
syn_w0_000248_kru_þurburn_kus_ælfilika_ᚴᚱᚢ᛬ᚦᚢᚱᛒᚢᚱᚾ᛬ᚴᚢᛋ᛬ᚫᛚᚠᛁᛚᛁᚴᛅ.png,w0,248,kru þurburn kus ælfilika,ᚴᚱᚢ᛬ᚦᚢᚱᛒᚢᚱᚾ᛬ᚴᚢᛋ᛬ᚫᛚᚠᛁᛚᛁᚴᛅ,21,synth,train
syn_w0_000248_ousmuntR_tofa_ebtir_ᚮᚢᛋᛘᚢᚾᛏᛦ᛬ᛏᚮᚠᛅ᛬ᛂᛒᛏᛁᚱ.png,w0,248,ousmuntR tofa ebtir,ᚮᚢᛋᛘᚢᚾᛏᛦ᛬ᛏᚮᚠᛅ᛬ᛂᛒᛏᛁᚱ,17,synth,train
syn_w0_000248_þurkairþ_hila_kuna_ᚦᚢᚱᚴᛅᛁᚱᚦ᛬ᚼᛁᛚᛅ᛬ᚴᚢᚾᛅ.png,w0,248,þurkairþ hila kuna,ᚦᚢᚱᚴᛅᛁᚱᚦ᛬ᚼᛁᛚᛅ᛬ᚴᚢᚾᛅ,16,synth,train
syn_w0_000249_iba_ᛁᛒᛅ.png,w0,249,iba,ᛁᛒᛅ,3,synth,train
syn_w0_000249_ide_nus_ᛁᛑᛂ᛬ᚾᚢᛋ.png,w0,249,ide nus,ᛁᛑᛂ᛬ᚾᚢᛋ,6,synth,train
syn_w0_000249_onho_stifatr_tirf_iarlibaki_ᚮᚾᚼᚮ᛬ᛋᛏᛁᚠᛅᛏᚱ᛬ᛏᛁᚱᚠ᛬ᛁᛅᚱᛚᛁᛒᛅᚴᛁ.png,w0,249,onho stifatr tirf iarlibaki,ᚮᚾᚼᚮ᛬ᛋᛏᛁᚠᛅᛏᚱ᛬ᛏᛁᚱᚠ᛬ᛁᛅᚱᛚᛁᛒᛅᚴᛁ,24,synth,val
syn_w0_000249_rita_sikuRþ_þorkil_ᚱᛁᛏᛅ᛬ᛋᛁᚴᚢᛦᚦ᛬ᚦᚮᚱᚴᛁᛚ.png,w0,249,rita sikuRþ þorkil,ᚱᛁᛏᛅ᛬ᛋᛁᚴᚢᛦᚦ᛬ᚦᚮᚱᚴᛁᛚ,16,synth,train
syn_w0_000249_runka_ᚱᚢᚾᚴᛅ.png,w0,249,runka,ᚱᚢᚾᚴᛅ,5,synth,train
syn_w0_000250_aalul_alti_gas_ᛅᛅᛚᚢᛚ᛬ᛅᛚᛏᛁ᛬ᚵᛅᛋ.png,w0,250,aalul alti gas,ᛅᛅᛚᚢᛚ᛬ᛅᛚᛏᛁ᛬ᚵᛅᛋ,12,synth,train
syn_w0_000250_gum_ᚵᚢᛘ.png,w0,250,gum,ᚵᚢᛘ,3,synth,train
syn_w0_000250_isti_klas_ᛁᛋᛏᛁ᛬ᚴᛚᛅᛋ.png,w0,250,isti klas,ᛁᛋᛏᛁ᛬ᚴᛚᛅᛋ,8,synth,train
syn_w0_000250_kuz_fren_sigfast_riþu_ᚴᚢᛎ᛬ᚠᚱᛂᚾ᛬ᛋᛁᚵᚠᛅᛋᛏ᛬ᚱᛁᚦᚢ.png,w0,250,kuz fren sigfast riþu,ᚴᚢᛎ᛬ᚠᚱᛂᚾ᛬ᛋᛁᚵᚠᛅᛋᛏ᛬ᚱᛁᚦᚢ,18,synth,train
syn_w0_000250_pote_farin_suþr_ᛔᚮᛏᛂ᛬ᚠᛅᚱᛁᚾ᛬ᛋᚢᚦᚱ.png,w0,250,pote farin suþr,ᛔᚮᛏᛂ᛬ᚠᛅᚱᛁᚾ᛬ᛋᚢᚦᚱ,13,synth,train
syn_w0_000251_arfales_ąslf_ᛅᚱᚠᛅᛚᛂᛋ᛬ᚬᛋᛚᚠ.png,w0,251,arfales ąslf,ᛅᚱᚠᛅᛚᛂᛋ᛬ᚬᛋᛚᚠ,11,synth,train
syn_w0_000251_ide_ᛁᛑᛂ.png,w0,251,ide,ᛁᛑᛂ,3,synth,train
syn_w0_000251_ilon_rahna_birla_nformation_ᛁᛚᚮᚾ᛬ᚱᛅᚼᚾᛅ᛬ᛒᛁᚱᛚᛅ᛬ᚾᚠᚮᚱᛘᛅᛏᛁᚮᚾ.png,w0,251,ilon rahna birla nformation,ᛁᛚᚮᚾ᛬ᚱᛅᚼᚾᛅ᛬ᛒᛁᚱᛚᛅ᛬ᚾᚠᚮᚱᛘᛅᛏᛁᚮᚾ,24,synth,val
syn_w0_000251_kitilbiarn_ᚴᛁᛏᛁᛚᛒᛁᛅᚱᚾ.png,w0,251,kitilbiarn,ᚴᛁᛏᛁᛚᛒᛁᛅᚱᚾ,10,synth,val
syn_w0_000251_mani_ᛘᛅᚾᛁ.png,w0,251,mani,ᛘᛅᚾᛁ,4,synth,train
syn_w0_000252_iæssus_bel_ᛁᚫᛋᛋᚢᛋ᛬ᛒᛂᛚ.png,w0,252,iæssus bel,ᛁᚫᛋᛋᚢᛋ᛬ᛒᛂᛚ,9,synth,train
syn_w0_000252_oskir_kþn_roþkais_ᚮᛋᚴᛁᚱ᛬ᚴᚦᚾ᛬ᚱᚮᚦᚴᛅᛁᛋ.png,w0,252,oskir kþn roþkais,ᚮᛋᚴᛁᚱ᛬ᚴᚦᚾ᛬ᚱᚮᚦᚴᛅᛁᛋ,15,synth,test
syn_w0_000252_roþuisl_ᚱᚮᚦᚢᛁᛋᛚ.png,w0,252,roþuisl,ᚱᚮᚦᚢᛁᛋᛚ,7,synth,train
syn_w0_000252_stoþi_haraþa_eli_ᛋᛏᚮᚦᛁ᛬ᚼᛅᚱᛅᚦᛅ᛬ᛂᛚᛁ.png,w0,252,stoþi haraþa eli,ᛋᛏᚮᚦᛁ᛬ᚼᛅᚱᛅᚦᛅ᛬ᛂᛚᛁ,14,synth,train
syn_w0_000252_ual_eski_suen_stæin_ᚢᛅᛚ᛬ᛂᛋᚴᛁ᛬ᛋᚢᛂᚾ᛬ᛋᛏᚫᛁᚾ.png,w0,252,ual eski suen stæin,ᚢᛅᛚ᛬ᛂᛋᚴᛁ᛬ᛋᚢᛂᚾ᛬ᛋᛏᚫᛁᚾ,16,synth,train
syn_w0_000253_ioans_kilf_ᛁᚮᛅᚾᛋ᛬ᚴᛁᛚᚠ.png,w0,253,ioans kilf,ᛁᚮᛅᚾᛋ᛬ᚴᛁᛚᚠ,9,synth,train
syn_w0_000253_isuni_ᛁᛋᚢᚾᛁ.png,w0,253,isuni,ᛁᛋᚢᚾᛁ,5,synth,train
syn_w0_000253_nat_þen_koþan_stei_ᚾᛅᛏ᛬ᚦᛂᚾ᛬ᚴᚮᚦᛅᚾ᛬ᛋᛏᛂᛁ.png,w0,253,nat þen koþan stei,ᚾᛅᛏ᛬ᚦᛂᚾ᛬ᚴᚮᚦᛅᚾ᛬ᛋᛏᛂᛁ,15,synth,train
syn_w0_000253_ruþr_liui_minas_ᚱᚢᚦᚱ᛬ᛚᛁᚢᛁ᛬ᛘᛁᚾᛅᛋ.png,w0,253,ruþr liui minas,ᚱᚢᚦᚱ᛬ᛚᛁᚢᛁ᛬ᛘᛁᚾᛅᛋ,13,synth,train
syn_w0_000253_slitaka_ᛋᛚᛁᛏᛅᚴᛅ.png,w0,253,slitaka,ᛋᛚᛁᛏᛅᚴᛅ,7,synth,train
syn_w0_000254_biarn_faþi_ᛒᛁᛅᚱᚾ᛬ᚠᛅᚦᛁ.png,w0,254,biarn faþi,ᛒᛁᛅᚱᚾ᛬ᚠᛅᚦᛁ,9,synth,train
syn_w0_000254_buka_fraibiarn_fuþ_nkæstal_ᛒᚢᚴᛅ᛬ᚠᚱᛅᛁᛒᛁᛅᚱᚾ᛬ᚠᚢᚦ᛬ᚾᚴᚫᛋᛏᛅᛚ.png,w0,254,buka fraibiarn fuþ nkæstal,ᛒᚢᚴᛅ᛬ᚠᚱᛅᛁᛒᛁᛅᚱᚾ᛬ᚠᚢᚦ᛬ᚾᚴᚫᛋᛏᛅᛚ,23,synth,train
syn_w0_000254_faþurs_ᚠᛅᚦᚢᚱᛋ.png,w0,254,faþurs,ᚠᛅᚦᚢᚱᛋ,6,synth,train
syn_w0_000254_resa_fuluki_þiuþmunt_ᚱᛂᛋᛅ᛬ᚠᚢᛚᚢᚴᛁ᛬ᚦᛁᚢᚦᛘᚢᚾᛏ.png,w0,254,resa fuluki þiuþmunt,ᚱᛂᛋᛅ᛬ᚠᚢᛚᚢᚴᛁ᛬ᚦᛁᚢᚦᛘᚢᚾᛏ,18,synth,train
syn_w0_000254_þani_biern_uifast_ᚦᛅᚾᛁ᛬ᛒᛁᛂᚱᚾ᛬ᚢᛁᚠᛅᛋᛏ.png,w0,254,þani biern uifast,ᚦᛅᚾᛁ᛬ᛒᛁᛂᚱᚾ᛬ᚢᛁᚠᛅᛋᛏ,15,synth,train
syn_w0_000255_boanta_mikial_auk_akua_ᛒᚮᛅᚾᛏᛅ᛬ᛘᛁᚴᛁᛅᛚ᛬ᛅᚢᚴ᛬ᛅᚴᚢᛅ.png,w0,255,boanta mikial auk akua,ᛒᚮᛅᚾᛏᛅ᛬ᛘᛁᚴᛁᛅᛚ᛬ᛅᚢᚴ᛬ᛅᚴᚢᛅ,19,synth,train
syn_w0_000255_broþurs_þausi_ltu_merki_ᛒᚱᚮᚦᚢᚱᛋ᛬ᚦᛅᚢᛋᛁ᛬ᛚᛏᚢ᛬ᛘᛂᚱᚴᛁ.png,w0,255,broþurs þausi ltu merki,ᛒᚱᚮᚦᚢᚱᛋ᛬ᚦᛅᚢᛋᛁ᛬ᛚᛏᚢ᛬ᛘᛂᚱᚴᛁ,20,synth,train
syn_w0_000255_lundi_þuoaie_ndraþ_ᛚᚢᚾᛑᛁ᛬ᚦᚢᚮᛅᛁᛂ᛬ᚾᛑᚱᛅᚦ.png,w0,255,lundi þuoaie ndraþ,ᛚᚢᚾᛑᛁ᛬ᚦᚢᚮᛅᛁᛂ᛬ᚾᛑᚱᛅᚦ,16,synth,train
syn_w0_000255_resþi_ᚱᛂᛋᚦᛁ.png,w0,255,resþi,ᚱᛂᛋᚦᛁ,5,synth,train
syn_w0_000255_øræn_rsþi_mist_auk_ᚯᚱᚫᚾ᛬ᚱᛋᚦᛁ᛬ᛘᛁᛋᛏ᛬ᛅᚢᚴ.png,w0,255,øræn rsþi mist auk,ᚯᚱᚫᚾ᛬ᚱᛋᚦᛁ᛬ᛘᛁᛋᛏ᛬ᛅᚢᚴ,15,synth,train
syn_w0_000256_baþum_auk_þik_ᛒᛅᚦᚢᛘ᛬ᛅᚢᚴ᛬ᚦᛁᚴ.png,w0,256,baþum auk þik,ᛒᛅᚦᚢᛘ᛬ᛅᚢᚴ᛬ᚦᛁᚴ,11,synth,val
syn_w0_000256_ikuari_iuilaidi_hæfi_ᛁᚴᚢᛅᚱᛁ᛬ᛁᚢᛁᛚᛅᛁᛑᛁ᛬ᚼᚫᚠᛁ.png,w0,256,ikuari iuilaidi hæfi,ᛁᚴᚢᛅᚱᛁ᛬ᛁᚢᛁᛚᛅᛁᛑᛁ᛬ᚼᚫᚠᛁ,18,synth,train
syn_w0_000256_kiRbiarn_anutar_knus_kuna_ᚴᛁᛦᛒᛁᛅᚱᚾ᛬ᛅᚾᚢᛏᛅᚱ᛬ᚴᚾᚢᛋ᛬ᚴᚢᚾᛅ.png,w0,256,kiRbiarn anutar knus kuna,ᚴᛁᛦᛒᛁᛅᚱᚾ᛬ᛅᚾᚢᛏᛅᚱ᛬ᚴᚾᚢᛋ᛬ᚴᚢᚾᛅ,22,synth,train
syn_w0_000256_lit_ᛚᛁᛏ.png,w0,256,lit,ᛚᛁᛏ,3,synth,train
syn_w0_000256_þær_þut_ᚦᚫᚱ᛬ᚦᚢᛏ.png,w0,256,þær þut,ᚦᚫᚱ᛬ᚦᚢᛏ,6,synth,train
syn_w0_000257_akiR_ᛅᚴᛁᛦ.png,w0,257,akiR,ᛅᚴᛁᛦ,4,synth,train
syn_w0_000257_geþe_smið_ᚵᛂᚦᛂ᛬ᛋᛘᛁᚧ.png,w0,257,geþe smið,ᚵᛂᚦᛂ᛬ᛋᛘᛁᚧ,8,synth,train
syn_w0_000257_nkimuntr_frystin_ᚾᚴᛁᛘᚢᚾᛏᚱ᛬ᚠᚱᚤᛋᛏᛁᚾ.png,w0,257,nkimuntr frystin,ᚾᚴᛁᛘᚢᚾᛏᚱ᛬ᚠᚱᚤᛋᛏᛁᚾ,15,synth,train
syn_w0_000257_þita_skamals_aþru_ᚦᛁᛏᛅ᛬ᛋᚴᛅᛘᛅᛚᛋ᛬ᛅᚦᚱᚢ.png,w0,257,þita skamals aþru,ᚦᛁᛏᛅ᛬ᛋᚴᛅᛘᛅᛚᛋ᛬ᛅᚦᚱᚢ,15,synth,train
syn_w0_000257_þorbiarn_ᚦᚮᚱᛒᛁᛅᚱᚾ.png,w0,257,þorbiarn,ᚦᚮᚱᛒᛁᛅᚱᚾ,8,synth,train
syn_w0_000258_bøn_gørþæ_ᛒᚯᚾ᛬ᚵᚯᚱᚦᚫ.png,w0,258,bøn gørþæ,ᛒᚯᚾ᛬ᚵᚯᚱᚦᚫ,8,synth,train
syn_w0_000258_fast_bruþr_byrn_kuþrlauk_ᚠᛅᛋᛏ᛬ᛒᚱᚢᚦᚱ᛬ᛒᚤᚱᚾ᛬ᚴᚢᚦᚱᛚᛅᚢᚴ.png,w0,258,fast bruþr byrn kuþrlauk,ᚠᛅᛋᛏ᛬ᛒᚱᚢᚦᚱ᛬ᛒᚤᚱᚾ᛬ᚴᚢᚦᚱᛚᛅᚢᚴ,21,synth,train
syn_w0_000258_markaþu_ᛘᛅᚱᚴᛅᚦᚢ.png,w0,258,markaþu,ᛘᛅᚱᚴᛅᚦᚢ,7,synth,train
syn_w0_000258_pætær_ᛔᚫᛏᚫᚱ.png,w0,258,pætær,ᛔᚫᛏᚫᚱ,5,synth,val
syn_w0_000258_res_iii_esa_kirkia_ᚱᛂᛋ᛬ᛁᛁᛁ᛬ᛂᛋᛅ᛬ᚴᛁᚱᚴᛁᛅ.png,w0,258,res iii esa kirkia,ᚱᛂᛋ᛬ᛁᛁᛁ᛬ᛂᛋᛅ᛬ᚴᛁᚱᚴᛁᛅ,15,synth,train
syn_w0_000259_bryþra_taf_rfi_kiara_ᛒᚱᚤᚦᚱᛅ᛬ᛏᛅᚠ᛬ᚱᚠᛁ᛬ᚴᛁᛅᚱᛅ.png,w0,259,bryþra taf rfi kiara,ᛒᚱᚤᚦᚱᛅ᛬ᛏᛅᚠ᛬ᚱᚠᛁ᛬ᚴᛁᛅᚱᛅ,17,synth,train
syn_w0_000259_hlufu_gyla_ᚼᛚᚢᚠᚢ᛬ᚵᚤᛚᛅ.png,w0,259,hlufu gyla,ᚼᛚᚢᚠᚢ᛬ᚵᚤᛚᛅ,9,synth,train
syn_w0_000259_kyla_hic_sal_ᚴᚤᛚᛅ᛬ᚼᛁᛍ᛬ᛋᛅᛚ.png,w0,259,kyla hic sal,ᚴᚤᛚᛅ᛬ᚼᛁᛍ᛬ᛋᛅᛚ,10,synth,train
syn_w0_000259_reisþi_tolf_mąną_risþi_ᚱᛂᛁᛋᚦᛁ᛬ᛏᚮᛚᚠ᛬ᛘᚬᚾᚬ᛬ᚱᛁᛋᚦᛁ.png,w0,259,reisþi tolf mąną risþi,ᚱᛂᛁᛋᚦᛁ᛬ᛏᚮᛚᚠ᛬ᛘᚬᚾᚬ᛬ᚱᛁᛋᚦᛁ,19,synth,train
syn_w0_000259_tris_tumo_baluks_ᛏᚱᛁᛋ᛬ᛏᚢᛘᚮ᛬ᛒᛅᛚᚢᚴᛋ.png,w0,259,tris tumo baluks,ᛏᚱᛁᛋ᛬ᛏᚢᛘᚮ᛬ᛒᛅᛚᚢᚴᛋ,14,synth,train
syn_w0_000260_bryþr_ᛒᚱᚤᚦᚱ.png,w0,260,bryþr,ᛒᚱᚤᚦᚱ,5,synth,train
syn_w0_000260_etaþr_karþu_ueir_lakþu_ᛂᛏᛅᚦᚱ᛬ᚴᛅᚱᚦᚢ᛬ᚢᛂᛁᚱ᛬ᛚᛅᚴᚦᚢ.png,w0,260,etaþr karþu ueir lakþu,ᛂᛏᛅᚦᚱ᛬ᚴᛅᚱᚦᚢ᛬ᚢᛂᛁᚱ᛬ᛚᛅᚴᚦᚢ,19,synth,train
syn_w0_000260_iluhi_ubhimin_þeira_þino_ᛁᛚᚢᚼᛁ᛬ᚢᛒᚼᛁᛘᛁᚾ᛬ᚦᛂᛁᚱᛅ᛬ᚦᛁᚾᚮ.png,w0,260,iluhi ubhimin þeira þino,ᛁᛚᚢᚼᛁ᛬ᚢᛒᚼᛁᛘᛁᚾ᛬ᚦᛂᛁᚱᛅ᛬ᚦᛁᚾᚮ,21,synth,train
syn_w0_000260_stia_uiki_þerf_maki_ᛋᛏᛁᛅ᛬ᚢᛁᚴᛁ᛬ᚦᛂᚱᚠ᛬ᛘᛅᚴᛁ.png,w0,260,stia uiki þerf maki,ᛋᛏᛁᛅ᛬ᚢᛁᚴᛁ᛬ᚦᛂᚱᚠ᛬ᛘᛅᚴᛁ,16,synth,train
syn_w0_000260_tain_ifr_uilt_satar_ᛏᛅᛁᚾ᛬ᛁᚠᚱ᛬ᚢᛁᛚᛏ᛬ᛋᛅᛏᛅᚱ.png,w0,260,tain ifr uilt satar,ᛏᛅᛁᚾ᛬ᛁᚠᚱ᛬ᚢᛁᛚᛏ᛬ᛋᛅᛏᛅᚱ,16,synth,test
syn_w0_000261_bruþur_ᛒᚱᚢᚦᚢᚱ.png,w0,261,bruþur,ᛒᚱᚢᚦᚢᚱ,6,synth,train
syn_w0_000261_naþum_kitilbiarn_lir_ᚾᛅᚦᚢᛘ᛬ᚴᛁᛏᛁᛚᛒᛁᛅᚱᚾ᛬ᛚᛁᚱ.png,w0,261,naþum kitilbiarn lir,ᚾᛅᚦᚢᛘ᛬ᚴᛁᛏᛁᛚᛒᛁᛅᚱᚾ᛬ᛚᛁᚱ,18,synth,train
syn_w0_000261_rnluþrs_ᚱᚾᛚᚢᚦᚱᛋ.png,w0,261,rnluþrs,ᚱᚾᛚᚢᚦᚱᛋ,7,synth,train
syn_w0_000261_rok_utufR_þik_muþir_ᚱᚮᚴ᛬ᚢᛏᚢᚠᛦ᛬ᚦᛁᚴ᛬ᛘᚢᚦᛁᚱ.png,w0,261,rok utufR þik muþir,ᚱᚮᚴ᛬ᚢᛏᚢᚠᛦ᛬ᚦᛁᚴ᛬ᛘᚢᚦᛁᚱ,16,synth,train
syn_w0_000261_þaun_fori_sot_ᚦᛅᚢᚾ᛬ᚠᚮᚱᛁ᛬ᛋᚮᛏ.png,w0,261,þaun fori sot,ᚦᛅᚢᚾ᛬ᚠᚮᚱᛁ᛬ᛋᚮᛏ,11,synth,train
syn_w0_000262_hiialbi_auk_faþrkaR_totur_ᚼᛁᛁᛅᛚᛒᛁ᛬ᛅᚢᚴ᛬ᚠᛅᚦᚱᚴᛅᛦ᛬ᛏᚮᛏᚢᚱ.png,w0,262,hiialbi auk faþrkaR totur,ᚼᛁᛁᛅᛚᛒᛁ᛬ᛅᚢᚴ᛬ᚠᛅᚦᚱᚴᛅᛦ᛬ᛏᚮᛏᚢᚱ,22,synth,train
syn_w0_000262_huaþum_fuþąrkhni_iursalir_ælæison_ᚼᚢᛅᚦᚢᛘ᛬ᚠᚢᚦᚬᚱᚴᚼᚾᛁ᛬ᛁᚢᚱᛋᛅᛚᛁᚱ᛬ᚫᛚᚫᛁᛋᚮᚾ.png,w0,262,huaþum fuþąrkhni iursalir ælæison,ᚼᚢᛅᚦᚢᛘ᛬ᚠᚢᚦᚬᚱᚴᚼᚾᛁ᛬ᛁᚢᚱᛋᛅᛚᛁᚱ᛬ᚫᛚᚫᛁᛋᚮᚾ,30,synth,train
syn_w0_000262_runulfs_ᚱᚢᚾᚢᛚᚠᛋ.png,w0,262,runulfs,ᚱᚢᚾᚢᛚᚠᛋ,7,synth,train
syn_w0_000262_ualtar_miuk_þensi_airnfast_ᚢᛅᛚᛏᛅᚱ᛬ᛘᛁᚢᚴ᛬ᚦᛂᚾᛋᛁ᛬ᛅᛁᚱᚾᚠᛅᛋᛏ.png,w0,262,ualtar miuk þensi airnfast,ᚢᛅᛚᛏᛅᚱ᛬ᛘᛁᚢᚴ᛬ᚦᛂᚾᛋᛁ᛬ᛅᛁᚱᚾᚠᛅᛋᛏ,23,synth,train
syn_w0_000262_uih_lit_aft_ᚢᛁᚼ᛬ᛚᛁᛏ᛬ᛅᚠᛏ.png,w0,262,uih lit aft,ᚢᛁᚼ᛬ᛚᛁᛏ᛬ᛅᚠᛏ,9,synth,train
syn_w0_000263_antuit_sin_ᛅᚾᛏᚢᛁᛏ᛬ᛋᛁᚾ.png,w0,263,antuit sin,ᛅᚾᛏᚢᛁᛏ᛬ᛋᛁᚾ,9,synth,train
syn_w0_000263_hili_kali_ᚼᛁᛚᛁ᛬ᚴᛅᛚᛁ.png,w0,263,hili kali,ᚼᛁᛚᛁ᛬ᚴᛅᛚᛁ,8,synth,train
syn_w0_000263_iaft_þur_ᛁᛅᚠᛏ᛬ᚦᚢᚱ.png,w0,263,iaft þur,ᛁᛅᚠᛏ᛬ᚦᚢᚱ,7,synth,val
syn_w0_000263_nairbis_kuþ_peperit_ᚾᛅᛁᚱᛒᛁᛋ᛬ᚴᚢᚦ᛬ᛔᛂᛔᛂᚱᛁᛏ.png,w0,263,nairbis kuþ peperit,ᚾᛅᛁᚱᛒᛁᛋ᛬ᚴᚢᚦ᛬ᛔᛂᛔᛂᚱᛁᛏ,17,synth,train
syn_w0_000263_rhafnukatufi_ernkisl_botulfs_suain_ᚱᚼᛅᚠᚾᚢᚴᛅᛏᚢᚠᛁ᛬ᛂᚱᚾᚴᛁᛋᛚ᛬ᛒᚮᛏᚢᛚᚠᛋ᛬ᛋᚢᛅᛁᚾ.png,w0,263,rhafnukatufi ernkisl botulfs suain,ᚱᚼᛅᚠᚾᚢᚴᛅᛏᚢᚠᛁ᛬ᛂᚱᚾᚴᛁᛋᛚ᛬ᛒᚮᛏᚢᛚᚠᛋ᛬ᛋᚢᛅᛁᚾ,31,synth,train
syn_w0_000264_auk_ᛅᚢᚴ.png,w0,264,auk,ᛅᚢᚴ,3,synth,train
syn_w0_000264_broþir_laþi_inkriþ_uaþr_ᛒᚱᚮᚦᛁᚱ᛬ᛚᛅᚦᛁ᛬ᛁᚾᚴᚱᛁᚦ᛬ᚢᛅᚦᚱ.png,w0,264,broþir laþi inkriþ uaþr,ᛒᚱᚮᚦᛁᚱ᛬ᛚᛅᚦᛁ᛬ᛁᚾᚴᚱᛁᚦ᛬ᚢᛅᚦᚱ,20,synth,train
syn_w0_000264_faþur_sikmar_osmunrt_ant_ᚠᛅᚦᚢᚱ᛬ᛋᛁᚴᛘᛅᚱ᛬ᚮᛋᛘᚢᚾᚱᛏ᛬ᛅᚾᛏ.png,w0,264,faþur sikmar osmunrt ant,ᚠᛅᚦᚢᚱ᛬ᛋᛁᚴᛘᛅᚱ᛬ᚮᛋᛘᚢᚾᚱᛏ᛬ᛅᚾᛏ,21,synth,train
syn_w0_000264_kuþan_þorþær_miþ_ᚴᚢᚦᛅᚾ᛬ᚦᚮᚱᚦᚫᚱ᛬ᛘᛁᚦ.png,w0,264,kuþan þorþær miþ,ᚴᚢᚦᛅᚾ᛬ᚦᚮᚱᚦᚫᚱ᛬ᛘᛁᚦ,14,synth,train
syn_w0_000264_rþr_uikibiarn_ouk_þorstein_ᚱᚦᚱ᛬ᚢᛁᚴᛁᛒᛁᛅᚱᚾ᛬ᚮᚢᚴ᛬ᚦᚮᚱᛋᛏᛂᛁᚾ.png,w0,264,rþr uikibiarn ouk þorstein,ᚱᚦᚱ᛬ᚢᛁᚴᛁᛒᛁᛅᚱᚾ᛬ᚮᚢᚴ᛬ᚦᚮᚱᛋᛏᛂᛁᚾ,23,synth,test
syn_w0_000265_beneeedik_aun_sin_riþ_ᛒᛂᚾᛂᛂᛂᛑᛁᚴ᛬ᛅᚢᚾ᛬ᛋᛁᚾ᛬ᚱᛁᚦ.png,w0,265,beneeedik aun sin riþ,ᛒᛂᚾᛂᛂᛂᛑᛁᚴ᛬ᛅᚢᚾ᛬ᛋᛁᚾ᛬ᚱᛁᚦ,18,synth,train
syn_w0_000265_domine_þian_ᛑᚮᛘᛁᚾᛂ᛬ᚦᛁᛅᚾ.png,w0,265,domine þian,ᛑᚮᛘᛁᚾᛂ᛬ᚦᛁᛅᚾ,10,synth,val
syn_w0_000265_fati_kunuatr_ᚠᛅᛏᛁ᛬ᚴᚢᚾᚢᛅᛏᚱ.png,w0,265,fati kunuatr,ᚠᛅᛏᛁ᛬ᚴᚢᚾᚢᛅᛏᚱ,11,synth,train
syn_w0_000265_oft_rahnfriþ_hąns_biarn_ᚮᚠᛏ᛬ᚱᛅᚼᚾᚠᚱᛁᚦ᛬ᚼᚬᚾᛋ᛬ᛒᛁᛅᚱᚾ.png,w0,265,oft rahnfriþ hąns biarn,ᚮᚠᛏ᛬ᚱᛅᚼᚾᚠᚱᛁᚦ᛬ᚼᚬᚾᛋ᛬ᛒᛁᛅᚱᚾ,20,synth,train
syn_w0_000265_soþni_kirþu_þira_ᛋᚮᚦᚾᛁ᛬ᚴᛁᚱᚦᚢ᛬ᚦᛁᚱᛅ.png,w0,265,soþni kirþu þira,ᛋᚮᚦᚾᛁ᛬ᚴᛁᚱᚦᚢ᛬ᚦᛁᚱᛅ,14,synth,train
syn_w0_000266_hąns_saba_ᚼᚬᚾᛋ᛬ᛋᛅᛒᛅ.png,w0,266,hąns saba,ᚼᚬᚾᛋ᛬ᛋᛅᛒᛅ,8,synth,train
syn_w0_000266_salua_halkat_þur_ᛋᛅᛚᚢᛅ᛬ᚼᛅᛚᚴᛅᛏ᛬ᚦᚢᚱ.png,w0,266,salua halkat þur,ᛋᛅᛚᚢᛅ᛬ᚼᛅᛚᚴᛅᛏ᛬ᚦᚢᚱ,14,synth,val
syn_w0_000266_stuþan_þisa_yftiR_run_ᛋᛏᚢᚦᛅᚾ᛬ᚦᛁᛋᛅ᛬ᚤᚠᛏᛁᛦ᛬ᚱᚢᚾ.png,w0,266,stuþan þisa yftiR run,ᛋᛏᚢᚦᛅᚾ᛬ᚦᛁᛋᛅ᛬ᚤᚠᛏᛁᛦ᛬ᚱᚢᚾ,18,synth,train
syn_w0_000266_sylfa_sekmutr_ᛋᚤᛚᚠᛅ᛬ᛋᛂᚴᛘᚢᛏᚱ.png,w0,266,sylfa sekmutr,ᛋᚤᛚᚠᛅ᛬ᛋᛂᚴᛘᚢᛏᚱ,12,synth,train
syn_w0_000266_uibiurn_kriki_þonsi_ᚢᛁᛒᛁᚢᚱᚾ᛬ᚴᚱᛁᚴᛁ᛬ᚦᚮᚾᛋᛁ.png,w0,266,uibiurn kriki þonsi,ᚢᛁᛒᛁᚢᚱᚾ᛬ᚴᚱᛁᚴᛁ᛬ᚦᚮᚾᛋᛁ,17,synth,train
syn_w0_000267_baluks_ari_ᛒᛅᛚᚢᚴᛋ᛬ᛅᚱᛁ.png,w0,267,baluks ari,ᛒᛅᛚᚢᚴᛋ᛬ᛅᚱᛁ,9,synth,train
syn_w0_000267_firir_giæte_ᚠᛁᚱᛁᚱ᛬ᚵᛁᚫᛏᛂ.png,w0,267,firir giæte,ᚠᛁᚱᛁᚱ᛬ᚵᛁᚫᛏᛂ,10,synth,train
syn_w0_000267_hafir_marcus_þina_ᚼᛅᚠᛁᚱ᛬ᛘᛅᚱᛍᚢᛋ᛬ᚦᛁᚾᛅ.png,w0,267,hafir marcus þina,ᚼᛅᚠᛁᚱ᛬ᛘᛅᚱᛍᚢᛋ᛬ᚦᛁᚾᛅ,15,synth,train
syn_w0_000267_kantu_ᚴᛅᚾᛏᚢ.png,w0,267,kantu,ᚴᛅᚾᛏᚢ,5,synth,train
syn_w0_000267_raistu_fuþ_ᚱᛅᛁᛋᛏᚢ᛬ᚠᚢᚦ.png,w0,267,raistu fuþ,ᚱᛅᛁᛋᛏᚢ᛬ᚠᚢᚦ,9,synth,train
syn_w0_000268_bruna_satar_karþa_ᛒᚱᚢᚾᛅ᛬ᛋᛅᛏᛅᚱ᛬ᚴᛅᚱᚦᛅ.png,w0,268,bruna satar karþa,ᛒᚱᚢᚾᛅ᛬ᛋᛅᛏᛅᚱ᛬ᚴᛅᚱᚦᛅ,15,synth,train
syn_w0_000268_giarþi_austain_faur_ᚵᛁᛅᚱᚦᛁ᛬ᛅᚢᛋᛏᛅᛁᚾ᛬ᚠᛅᚢᚱ.png,w0,268,giarþi austain faur,ᚵᛁᛅᚱᚦᛁ᛬ᛅᚢᛋᛏᛅᛁᚾ᛬ᚠᛅᚢᚱ,17,synth,train
syn_w0_000268_niþijo_barn_pet_ᚾᛁᚦᛁᛃᚮ᛬ᛒᛅᚱᚾ᛬ᛔᛂᛏ.png,w0,268,niþijo barn pet,ᚾᛁᚦᛁᛃᚮ᛬ᛒᛅᚱᚾ᛬ᛔᛂᛏ,13,synth,train
syn_w0_000268_olafs_kmuþrk_kubl_huriag_ᚮᛚᛅᚠᛋ᛬ᚴᛘᚢᚦᚱᚴ᛬ᚴᚢᛒᛚ᛬ᚼᚢᚱᛁᛅᚵ.png,w0,268,olafs kmuþrk kubl huriag,ᚮᛚᛅᚠᛋ᛬ᚴᛘᚢᚦᚱᚴ᛬ᚴᚢᛒᛚ᛬ᚼᚢᚱᛁᛅᚵ,21,synth,train
syn_w0_000268_prim_ᛔᚱᛁᛘ.png,w0,268,prim,ᛔᚱᛁᛘ,4,synth,train
syn_w0_000269_aþa_ᛅᚦᛅ.png,w0,269,aþa,ᛅᚦᛅ,3,synth,train
syn_w0_000269_oþan_baþa_iuruntr_ᚮᚦᛅᚾ᛬ᛒᛅᚦᛅ᛬ᛁᚢᚱᚢᚾᛏᚱ.png,w0,269,oþan baþa iuruntr,ᚮᚦᛅᚾ᛬ᛒᛅᚦᛅ᛬ᛁᚢᚱᚢᚾᛏᚱ,15,synth,train
syn_w0_000269_raisa_umbaþik_raisti_rontr_ᚱᛅᛁᛋᛅ᛬ᚢᛘᛒᛅᚦᛁᚴ᛬ᚱᛅᛁᛋᛏᛁ᛬ᚱᚮᚾᛏᚱ.png,w0,269,raisa umbaþik raisti rontr,ᚱᛅᛁᛋᛅ᛬ᚢᛘᛒᛅᚦᛁᚴ᛬ᚱᛅᛁᛋᛏᛁ᛬ᚱᚮᚾᛏᚱ,23,synth,train
syn_w0_000269_risþi_eftiR_þrim_ᚱᛁᛋᚦᛁ᛬ᛂᚠᛏᛁᛦ᛬ᚦᚱᛁᛘ.png,w0,269,risþi eftiR þrim,ᚱᛁᛋᚦᛁ᛬ᛂᚠᛏᛁᛦ᛬ᚦᚱᛁᛘ,14,synth,train
syn_w0_000269_uildi_bekia_rfas_þąisi_ᚢᛁᛚᛑᛁ᛬ᛒᛂᚴᛁᛅ᛬ᚱᚠᛅᛋ᛬ᚦᚬᛁᛋᛁ.png,w0,269,uildi bekia rfas þąisi,ᚢᛁᛚᛑᛁ᛬ᛒᛂᚴᛁᛅ᛬ᚱᚠᛅᛋ᛬ᚦᚬᛁᛋᛁ,19,synth,val
syn_w0_000270_fraystain_ᚠᚱᛅᚤᛋᛏᛅᛁᚾ.png,w0,270,fraystain,ᚠᚱᛅᚤᛋᛏᛅᛁᚾ,9,synth,train
syn_w0_000270_frþoræsamær_tþr_syni_ᚠᚱᚦᚮᚱᚫᛋᛅᛘᚫᚱ᛬ᛏᚦᚱ᛬ᛋᚤᚾᛁ.png,w0,270,frþoræsamær tþr syni,ᚠᚱᚦᚮᚱᚫᛋᛅᛘᚫᚱ᛬ᛏᚦᚱ᛬ᛋᚤᚾᛁ,18,synth,train
syn_w0_000270_ikuari_ᛁᚴᚢᛅᚱᛁ.png,w0,270,ikuari,ᛁᚴᚢᛅᚱᛁ,6,synth,train
syn_w0_000270_isa_onho_ᛁᛋᛅ᛬ᚮᚾᚼᚮ.png,w0,270,isa onho,ᛁᛋᛅ᛬ᚮᚾᚼᚮ,7,synth,train
syn_w0_000270_lfa_þiRa_alfa_ᛚᚠᛅ᛬ᚦᛁᛦᛅ᛬ᛅᛚᚠᛅ.png,w0,270,lfa þiRa alfa,ᛚᚠᛅ᛬ᚦᛁᛦᛅ᛬ᛅᛚᚠᛅ,11,synth,train
syn_w0_000271_aitaþis_sufar_patær_otur_ᛅᛁᛏᛅᚦᛁᛋ᛬ᛋᚢᚠᛅᚱ᛬ᛔᛅᛏᚫᚱ᛬ᚮᛏᚢᚱ.png,w0,271,aitaþis sufar patær otur,ᛅᛁᛏᛅᚦᛁᛋ᛬ᛋᚢᚠᛅᚱ᛬ᛔᛅᛏᚫᚱ᛬ᚮᛏᚢᚱ,21,synth,train
syn_w0_000271_eyk_haluia_roþanþr_ᛂᚤᚴ᛬ᚼᛅᛚᚢᛁᛅ᛬ᚱᚮᚦᛅᚾᚦᚱ.png,w0,271,eyk haluia roþanþr,ᛂᚤᚴ᛬ᚼᛅᛚᚢᛁᛅ᛬ᚱᚮᚦᛅᚾᚦᚱ,16,synth,train
syn_w0_000271_sinkR_ᛋᛁᚾᚴᛦ.png,w0,271,sinkR,ᛋᛁᚾᚴᛦ,5,synth,train
syn_w0_000271_þikbyrn_ilhiastaþum_mer_ᚦᛁᚴᛒᚤᚱᚾ᛬ᛁᛚᚼᛁᛅᛋᛏᛅᚦᚢᛘ᛬ᛘᛂᚱ.png,w0,271,þikbyrn ilhiastaþum mer,ᚦᛁᚴᛒᚤᚱᚾ᛬ᛁᛚᚼᛁᛅᛋᛏᛅᚦᚢᛘ᛬ᛘᛂᚱ,21,synth,train
syn_w0_000271_þisar_inki_þinsa_iorl_ᚦᛁᛋᛅᚱ᛬ᛁᚾᚴᛁ᛬ᚦᛁᚾᛋᛅ᛬ᛁᚮᚱᛚ.png,w0,271,þisar inki þinsa iorl,ᚦᛁᛋᛅᚱ᛬ᛁᚾᚴᛁ᛬ᚦᛁᚾᛋᛅ᛬ᛁᚮᚱᛚ,18,synth,val
syn_w0_000272_fargaiR_alrikR_hni_ᚠᛅᚱᚵᛅᛁᛦ᛬ᛅᛚᚱᛁᚴᛦ᛬ᚼᚾᛁ.png,w0,272,fargaiR alrikR hni,ᚠᛅᚱᚵᛅᛁᛦ᛬ᛅᛚᚱᛁᚴᛦ᛬ᚼᚾᛁ,16,synth,train
syn_w0_000272_ioan_þita_ᛁᚮᛅᚾ᛬ᚦᛁᛏᛅ.png,w0,272,ioan þita,ᛁᚮᛅᚾ᛬ᚦᛁᛏᛅ,8,synth,train
syn_w0_000272_lbi_nuka_þRr_sib_ᛚᛒᛁ᛬ᚾᚢᚴᛅ᛬ᚦᛦᚱ᛬ᛋᛁᛒ.png,w0,272,lbi nuka þRr sib,ᛚᛒᛁ᛬ᚾᚢᚴᛅ᛬ᚦᛦᚱ᛬ᛋᛁᛒ,13,synth,train
syn_w0_000272_rua_þuru_orar_mundi_ᚱᚢᛅ᛬ᚦᚢᚱᚢ᛬ᚮᚱᛅᚱ᛬ᛘᚢᚾᛑᛁ.png,w0,272,rua þuru orar mundi,ᚱᚢᛅ᛬ᚦᚢᚱᚢ᛬ᚮᚱᛅᚱ᛬ᛘᚢᚾᛑᛁ,16,synth,train
syn_w0_000272_trykulf_faþur_hurulfr_ᛏᚱᚤᚴᚢᛚᚠ᛬ᚠᛅᚦᚢᚱ᛬ᚼᚢᚱᚢᛚᚠᚱ.png,w0,272,trykulf faþur hurulfr,ᛏᚱᚤᚴᚢᛚᚠ᛬ᚠᛅᚦᚢᚱ᛬ᚼᚢᚱᚢᛚᚠᚱ,19,synth,train
syn_w0_000273_auka_afe_ᛅᚢᚴᛅ᛬ᛅᚠᛂ.png,w0,273,auka afe,ᛅᚢᚴᛅ᛬ᛅᚠᛂ,7,synth,train
syn_w0_000273_bota_kala_hiernum_auk_ᛒᚮᛏᛅ᛬ᚴᛅᛚᛅ᛬ᚼᛁᛂᚱᚾᚢᛘ᛬ᛅᚢᚴ.png,w0,273,bota kala hiernum auk,ᛒᚮᛏᛅ᛬ᚴᛅᛚᛅ᛬ᚼᛁᛂᚱᚾᚢᛘ᛬ᛅᚢᚴ,18,synth,train
syn_w0_000273_eumunt_þiR_ᛂᚢᛘᚢᚾᛏ᛬ᚦᛁᛦ.png,w0,273,eumunt þiR,ᛂᚢᛘᚢᚾᛏ᛬ᚦᛁᛦ,9,synth,train
syn_w0_000273_runaR_raist_buonti_ᚱᚢᚾᛅᛦ᛬ᚱᛅᛁᛋᛏ᛬ᛒᚢᚮᚾᛏᛁ.png,w0,273,runaR raist buonti,ᚱᚢᚾᛅᛦ᛬ᚱᛅᛁᛋᛏ᛬ᛒᚢᚮᚾᛏᛁ,16,synth,train
syn_w0_000273_þorkh_aftiR_ᚦᚮᚱᚴᚼ᛬ᛅᚠᛏᛁᛦ.png,w0,273,þorkh aftiR,ᚦᚮᚱᚴᚼ᛬ᛅᚠᛏᛁᛦ,10,synth,train
syn_w0_000274_artiþa_stiub_rani_ᛅᚱᛏᛁᚦᛅ᛬ᛋᛏᛁᚢᛒ᛬ᚱᛅᚾᛁ.png,w0,274,artiþa stiub rani,ᛅᚱᛏᛁᚦᛅ᛬ᛋᛏᛁᚢᛒ᛬ᚱᛅᚾᛁ,15,synth,train
syn_w0_000274_etaþis_usta_ᛂᛏᛅᚦᛁᛋ᛬ᚢᛋᛏᛅ.png,w0,274,etaþis usta,ᛂᛏᛅᚦᛁᛋ᛬ᚢᛋᛏᛅ,10,synth,val
syn_w0_000274_gautra_osbiurn_ᚵᛅᚢᛏᚱᛅ᛬ᚮᛋᛒᛁᚢᚱᚾ.png,w0,274,gautra osbiurn,ᚵᛅᚢᛏᚱᛅ᛬ᚮᛋᛒᛁᚢᚱᚾ,13,synth,train
syn_w0_000274_mtr_broþur_ᛘᛏᚱ᛬ᛒᚱᚮᚦᚢᚱ.png,w0,274,mtr broþur,ᛘᛏᚱ᛬ᛒᚱᚮᚦᚢᚱ,9,synth,val
syn_w0_000274_runaR_klint_ion_ᚱᚢᚾᛅᛦ᛬ᚴᛚᛁᚾᛏ᛬ᛁᚮᚾ.png,w0,274,runaR klint ion,ᚱᚢᚾᛅᛦ᛬ᚴᛚᛁᚾᛏ᛬ᛁᚮᚾ,13,synth,train
syn_w0_000275_rhl_kuþfastr_fulki_þina_ᚱᚼᛚ᛬ᚴᚢᚦᚠᛅᛋᛏᚱ᛬ᚠᚢᛚᚴᛁ᛬ᚦᛁᚾᛅ.png,w0,275,rhl kuþfastr fulki þina,ᚱᚼᛚ᛬ᚴᚢᚦᚠᛅᛋᛏᚱ᛬ᚠᚢᛚᚴᛁ᛬ᚦᛁᚾᛅ,20,synth,train
syn_w0_000275_snutastaþum_ide_kristina_ᛋᚾᚢᛏᛅᛋᛏᛅᚦᚢᛘ᛬ᛁᛑᛂ᛬ᚴᚱᛁᛋᛏᛁᚾᛅ.png,w0,275,snutastaþum ide kristina,ᛋᚾᚢᛏᛅᛋᛏᛅᚦᚢᛘ᛬ᛁᛑᛂ᛬ᚴᚱᛁᛋᛏᛁᚾᛅ,22,synth,train
syn_w0_000275_super_asbiarnaR_stenta_ᛋᚢᛔᛂᚱ᛬ᛅᛋᛒᛁᛅᚱᚾᛅᛦ᛬ᛋᛏᛂᚾᛏᛅ.png,w0,275,super asbiarnaR stenta,ᛋᚢᛔᛂᚱ᛬ᛅᛋᛒᛁᛅᚱᚾᛅᛦ᛬ᛋᛏᛂᚾᛏᛅ,20,synth,test
syn_w0_000275_tuka_himin_usta_aifR_ᛏᚢᚴᛅ᛬ᚼᛁᛘᛁᚾ᛬ᚢᛋᛏᛅ᛬ᛅᛁᚠᛦ.png,w0,275,tuka himin usta aifR,ᛏᚢᚴᛅ᛬ᚼᛁᛘᛁᚾ᛬ᚢᛋᛏᛅ᛬ᛅᛁᚠᛦ,17,synth,train
syn_w0_000275_þano_airikis_krat_sta_ᚦᛅᚾᚮ᛬ᛅᛁᚱᛁᚴᛁᛋ᛬ᚴᚱᛅᛏ᛬ᛋᛏᛅ.png,w0,275,þano airikis krat sta,ᚦᛅᚾᚮ᛬ᛅᛁᚱᛁᚴᛁᛋ᛬ᚴᚱᛅᛏ᛬ᛋᛏᛅ,18,synth,train
syn_w0_000276_arnisk_inkuari_arsti_ᛅᚱᚾᛁᛋᚴ᛬ᛁᚾᚴᚢᛅᚱᛁ᛬ᛅᚱᛋᛏᛁ.png,w0,276,arnisk inkuari arsti,ᛅᚱᚾᛁᛋᚴ᛬ᛁᚾᚴᚢᛅᚱᛁ᛬ᛅᚱᛋᛏᛁ,18,synth,train
syn_w0_000276_serafiho_tauþr_afr_ᛋᛂᚱᛅᚠᛁᚼᚮ᛬ᛏᛅᚢᚦᚱ᛬ᛅᚠᚱ.png,w0,276,serafiho tauþr afr,ᛋᛂᚱᛅᚠᛁᚼᚮ᛬ᛏᛅᚢᚦᚱ᛬ᛅᚠᚱ,16,synth,train
syn_w0_000276_sloþi_botiauþar_ᛋᛚᚮᚦᛁ᛬ᛒᚮᛏᛁᛅᚢᚦᛅᚱ.png,w0,276,sloþi botiauþar,ᛋᛚᚮᚦᛁ᛬ᛒᚮᛏᛁᛅᚢᚦᛅᚱ,14,synth,train
syn_w0_000276_stin_feiga_tauþr_þurui_ᛋᛏᛁᚾ᛬ᚠᛂᛁᚵᛅ᛬ᛏᛅᚢᚦᚱ᛬ᚦᚢᚱᚢᛁ.png,w0,276,stin feiga tauþr þurui,ᛋᛏᛁᚾ᛬ᚠᛂᛁᚵᛅ᛬ᛏᛅᚢᚦᚱ᛬ᚦᚢᚱᚢᛁ,19,synth,train
syn_w0_000276_þusi_aimunt_ᚦᚢᛋᛁ᛬ᛅᛁᛘᚢᚾᛏ.png,w0,276,þusi aimunt,ᚦᚢᛋᛁ᛬ᛅᛁᛘᚢᚾᛏ,10,synth,train
syn_w0_000277_fauþra_þasi_agone_uit_ᚠᛅᚢᚦᚱᛅ᛬ᚦᛅᛋᛁ᛬ᛅᚵᚮᚾᛂ᛬ᚢᛁᛏ.png,w0,277,fauþra þasi agone uit,ᚠᛅᚢᚦᚱᛅ᛬ᚦᛅᛋᛁ᛬ᛅᚵᚮᚾᛂ᛬ᚢᛁᛏ,18,synth,train
syn_w0_000277_hari_uerþr_halftan_ᚼᛅᚱᛁ᛬ᚢᛂᚱᚦᚱ᛬ᚼᛅᛚᚠᛏᛅᚾ.png,w0,277,hari uerþr halftan,ᚼᛅᚱᛁ᛬ᚢᛂᚱᚦᚱ᛬ᚼᛅᛚᚠᛏᛅᚾ,16,synth,train
syn_w0_000277_hon_ᚼᚮᚾ.png,w0,277,hon,ᚼᚮᚾ,3,synth,train
syn_w0_000277_ræit_anul_ᚱᚫᛁᛏ᛬ᛅᚾᚢᛚ.png,w0,277,ræit anul,ᚱᚫᛁᛏ᛬ᛅᚾᚢᛚ,8,synth,train
syn_w0_000277_tuka_ᛏᚢᚴᛅ.png,w0,277,tuka,ᛏᚢᚴᛅ,4,synth,train
syn_w0_000278_alo_ᛅᛚᚮ.png,w0,278,alo,ᛅᛚᚮ,3,synth,train
syn_w0_000278_ant_hos_ali_siriþ_ᛅᚾᛏ᛬ᚼᚮᛋ᛬ᛅᛚᛁ᛬ᛋᛁᚱᛁᚦ.png,w0,278,ant hos ali siriþ,ᛅᚾᛏ᛬ᚼᚮᛋ᛬ᛅᛚᛁ᛬ᛋᛁᚱᛁᚦ,14,synth,train
syn_w0_000278_auk_ulai_stin_ᛅᚢᚴ᛬ᚢᛚᛅᛁ᛬ᛋᛏᛁᚾ.png,w0,278,auk ulai stin,ᛅᚢᚴ᛬ᚢᛚᛅᛁ᛬ᛋᛏᛁᚾ,11,synth,train
syn_w0_000278_hli_ntibus_þeiR_runulfs_ᚼᛚᛁ᛬ᚾᛏᛁᛒᚢᛋ᛬ᚦᛂᛁᛦ᛬ᚱᚢᚾᚢᛚᚠᛋ.png,w0,278,hli ntibus þeiR runulfs,ᚼᛚᛁ᛬ᚾᛏᛁᛒᚢᛋ᛬ᚦᛂᛁᛦ᛬ᚱᚢᚾᚢᛚᚠᛋ,20,synth,train
syn_w0_000278_syni_ᛋᚤᚾᛁ.png,w0,278,syni,ᛋᚤᚾᛁ,4,synth,test
syn_w0_000279_Rfti_stain_ᛦᚠᛏᛁ᛬ᛋᛏᛅᛁᚾ.png,w0,279,Rfti stain,ᛦᚠᛏᛁ᛬ᛋᛏᛅᛁᚾ,9,synth,train
syn_w0_000279_eir_igtrykR_ᛂᛁᚱ᛬ᛁᚵᛏᚱᚤᚴᛦ.png,w0,279,eir igtrykR,ᛂᛁᚱ᛬ᛁᚵᛏᚱᚤᚴᛦ,10,synth,train
syn_w0_000279_mik_fik_ᛘᛁᚴ᛬ᚠᛁᚴ.png,w0,279,mik fik,ᛘᛁᚴ᛬ᚠᛁᚴ,6,synth,train
syn_w0_000279_þiR_fit_stei_frau_ᚦᛁᛦ᛬ᚠᛁᛏ᛬ᛋᛏᛂᛁ᛬ᚠᚱᛅᚢ.png,w0,279,þiR fit stei frau,ᚦᛁᛦ᛬ᚠᛁᛏ᛬ᛋᛏᛂᛁ᛬ᚠᚱᛅᚢ,14,synth,train
syn_w0_000279_þurbun_utar_þesar_asbaun_ᚦᚢᚱᛒᚢᚾ᛬ᚢᛏᛅᚱ᛬ᚦᛂᛋᛅᚱ᛬ᛅᛋᛒᛅᚢᚾ.png,w0,279,þurbun utar þesar asbaun,ᚦᚢᚱᛒᚢᚾ᛬ᚢᛏᛅᚱ᛬ᚦᛂᛋᛅᚱ᛬ᛅᛋᛒᛅᚢᚾ,21,synth,train
syn_w0_000280_fulugi_ᚠᚢᛚᚢᚵᛁ.png,w0,280,fulugi,ᚠᚢᛚᚢᚵᛁ,6,synth,train
syn_w0_000280_haimaltr_tiR_urn_ᚼᛅᛁᛘᛅᛚᛏᚱ᛬ᛏᛁᛦ᛬ᚢᚱᚾ.png,w0,280,haimaltr tiR urn,ᚼᛅᛁᛘᛅᛚᛏᚱ᛬ᛏᛁᛦ᛬ᚢᚱᚾ,14,synth,train
syn_w0_000280_markaþi_auk_luan_flina_ᛘᛅᚱᚴᛅᚦᛁ᛬ᛅᚢᚴ᛬ᛚᚢᛅᚾ᛬ᚠᛚᛁᚾᛅ.png,w0,280,markaþi auk luan flina,ᛘᛅᚱᚴᛅᚦᛁ᛬ᛅᚢᚴ᛬ᛚᚢᛅᚾ᛬ᚠᛚᛁᚾᛅ,19,synth,test
syn_w0_000280_nfast_kumbl_þina_ans_ᚾᚠᛅᛋᛏ᛬ᚴᚢᛘᛒᛚ᛬ᚦᛁᚾᛅ᛬ᛅᚾᛋ.png,w0,280,nfast kumbl þina ans,ᚾᚠᛅᛋᛏ᛬ᚴᚢᛘᛒᛚ᛬ᚦᛁᚾᛅ᛬ᛅᚾᛋ,17,synth,train
syn_w0_000280_tekr_siþ_fasti_ᛏᛂᚴᚱ᛬ᛋᛁᚦ᛬ᚠᛅᛋᛏᛁ.png,w0,280,tekr siþ fasti,ᛏᛂᚴᚱ᛬ᛋᛁᚦ᛬ᚠᛅᛋᛏᛁ,12,synth,train
syn_w0_000281_ail_ᛅᛁᛚ.png,w0,281,ail,ᛅᛁᛚ,3,synth,train
syn_w0_000281_hirþiR_lukas_risto_kuþan_ᚼᛁᚱᚦᛁᛦ᛬ᛚᚢᚴᛅᛋ᛬ᚱᛁᛋᛏᚮ᛬ᚴᚢᚦᛅᚾ.png,w0,281,hirþiR lukas risto kuþan,ᚼᛁᚱᚦᛁᛦ᛬ᛚᚢᚴᛅᛋ᛬ᚱᛁᛋᛏᚮ᛬ᚴᚢᚦᛅᚾ,21,synth,train
syn_w0_000281_rahnfriþi_þiR_ᚱᛅᚼᚾᚠᚱᛁᚦᛁ᛬ᚦᛁᛦ.png,w0,281,rahnfriþi þiR,ᚱᛅᚼᚾᚠᚱᛁᚦᛁ᛬ᚦᛁᛦ,12,synth,train
syn_w0_000281_rku_nes_þiR_fruþa_ᚱᚴᚢ᛬ᚾᛂᛋ᛬ᚦᛁᛦ᛬ᚠᚱᚢᚦᛅ.png,w0,281,rku nes þiR fruþa,ᚱᚴᚢ᛬ᚾᛂᛋ᛬ᚦᛁᛦ᛬ᚠᚱᚢᚦᛅ,14,synth,train
syn_w0_000281_stain_rita_ria_kamal_ᛋᛏᛅᛁᚾ᛬ᚱᛁᛏᛅ᛬ᚱᛁᛅ᛬ᚴᛅᛘᛅᛚ.png,w0,281,stain rita ria kamal,ᛋᛏᛅᛁᚾ᛬ᚱᛁᛏᛅ᛬ᚱᛁᛅ᛬ᚴᛅᛘᛅᛚ,17,synth,train
syn_w0_000282_gus_ᚵᚢᛋ.png,w0,282,gus,ᚵᚢᛋ,3,synth,train
syn_w0_000282_ifti_hialbi_faþu_ᛁᚠᛏᛁ᛬ᚼᛁᛅᛚᛒᛁ᛬ᚠᛅᚦᚢ.png,w0,282,ifti hialbi faþu,ᛁᚠᛏᛁ᛬ᚼᛁᛅᛚᛒᛁ᛬ᚠᛅᚦᚢ,14,synth,train
syn_w0_000282_iok_rai_ᛁᚮᚴ᛬ᚱᛅᛁ.png,w0,282,iok rai,ᛁᚮᚴ᛬ᚱᛅᛁ,6,synth,train
syn_w0_000282_ræþr_ᚱᚫᚦᚱ.png,w0,282,ræþr,ᚱᚫᚦᚱ,4,synth,train
syn_w0_000282_þinsa_rawsijo_ᚦᛁᚾᛋᛅ᛬ᚱᛅᚹᛋᛁᛃᚮ.png,w0,282,þinsa rawsijo,ᚦᛁᚾᛋᛅ᛬ᚱᛅᚹᛋᛁᛃᚮ,12,synth,train
syn_w0_000283_askær_sut_boztan_ᛅᛋᚴᚫᚱ᛬ᛋᚢᛏ᛬ᛒᚮᛎᛏᛅᚾ.png,w0,283,askær sut boztan,ᛅᛋᚴᚫᚱ᛬ᛋᚢᛏ᛬ᛒᚮᛎᛏᛅᚾ,14,synth,train
syn_w0_000283_kuþ_laikr_ian_ᚴᚢᚦ᛬ᛚᛅᛁᚴᚱ᛬ᛁᛅᚾ.png,w0,283,kuþ laikr ian,ᚴᚢᚦ᛬ᛚᛅᛁᚴᚱ᛬ᛁᛅᚾ,11,synth,train
syn_w0_000283_rito_suiþbalki_ᚱᛁᛏᚮ᛬ᛋᚢᛁᚦᛒᛅᛚᚴᛁ.png,w0,283,rito suiþbalki,ᚱᛁᛏᚮ᛬ᛋᚢᛁᚦᛒᛅᛚᚴᛁ,13,synth,train
syn_w0_000283_tul_ᛏᚢᛚ.png,w0,283,tul,ᛏᚢᛚ,3,synth,train
syn_w0_000283_ylmstn_dot_ᚤᛚᛘᛋᛏᚾ᛬ᛑᚮᛏ.png,w0,283,ylmstn dot,ᚤᛚᛘᛋᛏᚾ᛬ᛑᚮᛏ,9,synth,train
syn_w0_000284_lata_lukas_ᛚᛅᛏᛅ᛬ᛚᚢᚴᛅᛋ.png,w0,284,lata lukas,ᛚᛅᛏᛅ᛬ᛚᚢᚴᛅᛋ,9,synth,train
syn_w0_000284_oyniotr_sin_tawide_iftiR_ᚮᚤᚾᛁᚮᛏᚱ᛬ᛋᛁᚾ᛬ᛏᛅᚹᛁᛑᛂ᛬ᛁᚠᛏᛁᛦ.png,w0,284,oyniotr sin tawide iftiR,ᚮᚤᚾᛁᚮᛏᚱ᛬ᛋᛁᚾ᛬ᛏᛅᚹᛁᛑᛂ᛬ᛁᚠᛏᛁᛦ,21,synth,train
syn_w0_000284_sasur_kula_torir_ᛋᛅᛋᚢᚱ᛬ᚴᚢᛚᛅ᛬ᛏᚮᚱᛁᚱ.png,w0,284,sasur kula torir,ᛋᛅᛋᚢᚱ᛬ᚴᚢᛚᛅ᛬ᛏᚮᚱᛁᚱ,14,synth,train
syn_w0_000284_snialan_krifi_fuluka_uel_ᛋᚾᛁᛅᛚᛅᚾ᛬ᚴᚱᛁᚠᛁ᛬ᚠᚢᛚᚢᚴᛅ᛬ᚢᛂᛚ.png,w0,284,snialan krifi fuluka uel,ᛋᚾᛁᛅᛚᛅᚾ᛬ᚴᚱᛁᚠᛁ᛬ᚠᚢᛚᚢᚴᛅ᛬ᚢᛂᛚ,21,synth,train
syn_w0_000284_totiR_ᛏᚮᛏᛁᛦ.png,w0,284,totiR,ᛏᚮᛏᛁᛦ,5,synth,train
syn_w0_000285_auk_ᛅᚢᚴ.png,w0,285,auk,ᛅᚢᚴ,3,synth,train
syn_w0_000285_gyla_krikiaR_sten_ᚵᚤᛚᛅ᛬ᚴᚱᛁᚴᛁᛅᛦ᛬ᛋᛏᛂᚾ.png,w0,285,gyla krikiaR sten,ᚵᚤᛚᛅ᛬ᚴᚱᛁᚴᛁᛅᛦ᛬ᛋᛏᛂᚾ,15,synth,train
syn_w0_000285_hefni_ᚼᛂᚠᚾᛁ.png,w0,285,hefni,ᚼᛂᚠᚾᛁ,5,synth,train
syn_w0_000285_huiler_likuiþr_ᚼᚢᛁᛚᛂᚱ᛬ᛚᛁᚴᚢᛁᚦᚱ.png,w0,285,huiler likuiþr,ᚼᚢᛁᛚᛂᚱ᛬ᛚᛁᚴᚢᛁᚦᚱ,13,synth,test
syn_w0_000285_ikuari_kiRbiarn_ᛁᚴᚢᛅᚱᛁ᛬ᚴᛁᛦᛒᛁᛅᚱᚾ.png,w0,285,ikuari kiRbiarn,ᛁᚴᚢᛅᚱᛁ᛬ᚴᛁᛦᛒᛁᛅᚱᚾ,14,synth,train
syn_w0_000286_biarnaR_ulfrik_sbbi_hilkaiR_ᛒᛁᛅᚱᚾᛅᛦ᛬ᚢᛚᚠᚱᛁᚴ᛬ᛋᛒᛒᛁ᛬ᚼᛁᛚᚴᛅᛁᛦ.png,w0,286,biarnaR ulfrik sbbi hilkaiR,ᛒᛁᛅᚱᚾᛅᛦ᛬ᚢᛚᚠᚱᛁᚴ᛬ᛋᛒᛒᛁ᛬ᚼᛁᛚᚴᛅᛁᛦ,24,synth,val
syn_w0_000286_famtan_urs_kuþaa_sunr_ᚠᛅᛘᛏᛅᚾ᛬ᚢᚱᛋ᛬ᚴᚢᚦᛅᛅ᛬ᛋᚢᚾᚱ.png,w0,286,famtan urs kuþaa sunr,ᚠᛅᛘᛏᛅᚾ᛬ᚢᚱᛋ᛬ᚴᚢᚦᛅᛅ᛬ᛋᚢᚾᚱ,18,synth,train
syn_w0_000286_iar_ᛁᛅᚱ.png,w0,286,iar,ᛁᛅᚱ,3,synth,train
syn_w0_000286_muþiR_yti_moþiR_ᛘᚢᚦᛁᛦ᛬ᚤᛏᛁ᛬ᛘᚮᚦᛁᛦ.png,w0,286,muþiR yti moþiR,ᛘᚢᚦᛁᛦ᛬ᚤᛏᛁ᛬ᛘᚮᚦᛁᛦ,13,synth,train
syn_w0_000286_ulfuR_broþor_fta_hauk_ᚢᛚᚠᚢᛦ᛬ᛒᚱᚮᚦᚮᚱ᛬ᚠᛏᛅ᛬ᚼᛅᚢᚴ.png,w0,286,ulfuR broþor fta hauk,ᚢᛚᚠᚢᛦ᛬ᛒᚱᚮᚦᚮᚱ᛬ᚠᛏᛅ᛬ᚼᛅᚢᚴ,18,synth,train
syn_w0_000287_kuþan_sbelbuþa_ᚴᚢᚦᛅᚾ᛬ᛋᛒᛂᛚᛒᚢᚦᛅ.png,w0,287,kuþan sbelbuþa,ᚴᚢᚦᛅᚾ᛬ᛋᛒᛂᛚᛒᚢᚦᛅ,13,synth,train
syn_w0_000287_sum_nomina_uþo_lif_ᛋᚢᛘ᛬ᚾᚮᛘᛁᚾᛅ᛬ᚢᚦᚮ᛬ᛚᛁᚠ.png,w0,287,sum nomina uþo lif,ᛋᚢᛘ᛬ᚾᚮᛘᛁᚾᛅ᛬ᚢᚦᚮ᛬ᛚᛁᚠ,15,synth,train
syn_w0_000287_sun_hlku_sRti_þaun_ᛋᚢᚾ᛬ᚼᛚᚴᚢ᛬ᛋᛦᛏᛁ᛬ᚦᛅᚢᚾ.png,w0,287,sun hlku sRti þaun,ᛋᚢᚾ᛬ᚼᛚᚴᚢ᛬ᛋᛦᛏᛁ᛬ᚦᛅᚢᚾ,15,synth,train
syn_w0_000287_uik_ᚢᛁᚴ.png,w0,287,uik,ᚢᛁᚴ,3,synth,train
syn_w0_000287_þæsse_raistu_rifata_sun_ᚦᚫᛋᛋᛂ᛬ᚱᛅᛁᛋᛏᚢ᛬ᚱᛁᚠᛅᛏᛅ᛬ᛋᚢᚾ.png,w0,287,þæsse raistu rifata sun,ᚦᚫᛋᛋᛂ᛬ᚱᛅᛁᛋᛏᚢ᛬ᚱᛁᚠᛅᛏᛅ᛬ᛋᚢᚾ,20,synth,train
syn_w0_000288_betr_alhiltar_ᛒᛂᛏᚱ᛬ᛅᛚᚼᛁᛚᛏᛅᚱ.png,w0,288,betr alhiltar,ᛒᛂᛏᚱ᛬ᛅᛚᚼᛁᛚᛏᛅᚱ,12,synth,train
syn_w0_000288_buki_mina_tiR_kara_ᛒᚢᚴᛁ᛬ᛘᛁᚾᛅ᛬ᛏᛁᛦ᛬ᚴᛅᚱᛅ.png,w0,288,buki mina tiR kara,ᛒᚢᚴᛁ᛬ᛘᛁᚾᛅ᛬ᛏᛁᛦ᛬ᚴᛅᚱᛅ,15,synth,train
syn_w0_000288_ilauk_sulfu_austerpy_uikr_ᛁᛚᛅᚢᚴ᛬ᛋᚢᛚᚠᚢ᛬ᛅᚢᛋᛏᛂᚱᛔᚤ᛬ᚢᛁᚴᚱ.png,w0,288,ilauk sulfu austerpy uikr,ᛁᛚᛅᚢᚴ᛬ᛋᚢᛚᚠᚢ᛬ᛅᚢᛋᛏᛂᚱᛔᚤ᛬ᚢᛁᚴᚱ,22,synth,train
syn_w0_000288_suar_barþi_ᛋᚢᛅᚱ᛬ᛒᛅᚱᚦᛁ.png,w0,288,suar barþi,ᛋᚢᛅᚱ᛬ᛒᛅᚱᚦᛁ,9,synth,train
syn_w0_000288_totur_hon_ᛏᚮᛏᚢᚱ᛬ᚼᚮᚾ.png,w0,288,totur hon,ᛏᚮᛏᚢᚱ᛬ᚼᚮᚾ,8,synth,train
syn_w0_000289_lifanti_frusti_ᛚᛁᚠᛅᚾᛏᛁ᛬ᚠᚱᚢᛋᛏᛁ.png,w0,289,lifanti frusti,ᛚᛁᚠᛅᚾᛏᛁ᛬ᚠᚱᚢᛋᛏᛁ,13,synth,train
syn_w0_000289_lit_ltr_brunman_þonsi_ᛚᛁᛏ᛬ᛚᛏᚱ᛬ᛒᚱᚢᚾᛘᛅᚾ᛬ᚦᚮᚾᛋᛁ.png,w0,289,lit ltr brunman þonsi,ᛚᛁᛏ᛬ᛚᛏᚱ᛬ᛒᚱᚢᚾᛘᛅᚾ᛬ᚦᚮᚾᛋᛁ,18,synth,train
syn_w0_000289_mun_karþi_let_ᛘᚢᚾ᛬ᚴᛅᚱᚦᛁ᛬ᛚᛂᛏ.png,w0,289,mun karþi let,ᛘᚢᚾ᛬ᚴᛅᚱᚦᛁ᛬ᛚᛂᛏ,11,synth,train
syn_w0_000289_rafa_þora_osmuntr_nus_ᚱᛅᚠᛅ᛬ᚦᚮᚱᛅ᛬ᚮᛋᛘᚢᚾᛏᚱ᛬ᚾᚢᛋ.png,w0,289,rafa þora osmuntr nus,ᚱᛅᚠᛅ᛬ᚦᚮᚱᛅ᛬ᚮᛋᛘᚢᚾᛏᚱ᛬ᚾᚢᛋ,18,synth,test
syn_w0_000289_sto_sin_ᛋᛏᚮ᛬ᛋᛁᚾ.png,w0,289,sto sin,ᛋᛏᚮ᛬ᛋᛁᚾ,6,synth,train
syn_w0_000290_ikhul_sikbiurn_ulf_skaka_ᛁᚴᚼᚢᛚ᛬ᛋᛁᚴᛒᛁᚢᚱᚾ᛬ᚢᛚᚠ᛬ᛋᚴᛅᚴᛅ.png,w0,290,ikhul sikbiurn ulf skaka,ᛁᚴᚼᚢᛚ᛬ᛋᛁᚴᛒᛁᚢᚱᚾ᛬ᚢᛚᚠ᛬ᛋᚴᛅᚴᛅ,21,synth,train
syn_w0_000290_iuk_broþur_gæra_ᛁᚢᚴ᛬ᛒᚱᚮᚦᚢᚱ᛬ᚵᚫᚱᛅ.png,w0,290,iuk broþur gæra,ᛁᚢᚴ᛬ᛒᚱᚮᚦᚢᚱ᛬ᚵᚫᚱᛅ,13,synth,train
syn_w0_000290_ntr_hiau_anta_ᚾᛏᚱ᛬ᚼᛁᛅᚢ᛬ᛅᚾᛏᛅ.png,w0,290,ntr hiau anta,ᚾᛏᚱ᛬ᚼᛁᛅᚢ᛬ᛅᚾᛏᛅ,11,synth,val
syn_w0_000290_pyrsu_inku_uaRu_halb_ᛔᚤᚱᛋᚢ᛬ᛁᚾᚴᚢ᛬ᚢᛅᛦᚢ᛬ᚼᛅᛚᛒ.png,w0,290,pyrsu inku uaRu halb,ᛔᚤᚱᛋᚢ᛬ᛁᚾᚴᚢ᛬ᚢᛅᛦᚢ᛬ᚼᛅᛚᛒ,17,synth,train
syn_w0_000290_suniR_iuruni_ᛋᚢᚾᛁᛦ᛬ᛁᚢᚱᚢᚾᛁ.png,w0,290,suniR iuruni,ᛋᚢᚾᛁᛦ᛬ᛁᚢᚱᚢᚾᛁ,11,synth,train
syn_w0_000291_eftiR_kirkia_aen_feciþ_ᛂᚠᛏᛁᛦ᛬ᚴᛁᚱᚴᛁᛅ᛬ᛅᛂᚾ᛬ᚠᛂᛍᛁᚦ.png,w0,291,eftiR kirkia aen feciþ,ᛂᚠᛏᛁᛦ᛬ᚴᛁᚱᚴᛁᛅ᛬ᛅᛂᚾ᛬ᚠᛂᛍᛁᚦ,19,synth,train
syn_w0_000291_kumlu_liR_stan_ninþ_ᚴᚢᛘᛚᚢ᛬ᛚᛁᛦ᛬ᛋᛏᛅᚾ᛬ᚾᛁᚾᚦ.png,w0,291,kumlu liR stan ninþ,ᚴᚢᛘᛚᚢ᛬ᛚᛁᛦ᛬ᛋᛏᛅᚾ᛬ᚾᛁᚾᚦ,16,synth,train
syn_w0_000291_kun_ᚴᚢᚾ.png,w0,291,kun,ᚴᚢᚾ,3,synth,test
syn_w0_000291_ndskrift_ᚾᛑᛋᚴᚱᛁᚠᛏ.png,w0,291,ndskrift,ᚾᛑᛋᚴᚱᛁᚠᛏ,8,synth,train
syn_w0_000291_þurbiun_han_sin_ᚦᚢᚱᛒᛁᚢᚾ᛬ᚼᛅᚾ᛬ᛋᛁᚾ.png,w0,291,þurbiun han sin,ᚦᚢᚱᛒᛁᚢᚾ᛬ᚼᛅᚾ᛬ᛋᛁᚾ,13,synth,train
syn_w0_000292_cin_ᛍᛁᚾ.png,w0,292,cin,ᛍᛁᚾ,3,synth,train
syn_w0_000292_iek_rua_gam_mataR_ᛁᛂᚴ᛬ᚱᚢᛅ᛬ᚵᛅᛘ᛬ᛘᛅᛏᛅᛦ.png,w0,292,iek rua gam mataR,ᛁᛂᚴ᛬ᚱᚢᛅ᛬ᚵᛅᛘ᛬ᛘᛅᛏᛅᛦ,14,synth,test
syn_w0_000292_inkuars_ukiþila_þesi_iakobus_ᛁᚾᚴᚢᛅᚱᛋ᛬ᚢᚴᛁᚦᛁᛚᛅ᛬ᚦᛂᛋᛁ᛬ᛁᛅᚴᚮᛒᚢᛋ.png,w0,292,inkuars ukiþila þesi iakobus,ᛁᚾᚴᚢᛅᚱᛋ᛬ᚢᚴᛁᚦᛁᛚᛅ᛬ᚦᛂᛋᛁ᛬ᛁᛅᚴᚮᛒᚢᛋ,25,synth,train
syn_w0_000292_kaiRuataR_liknuiar_ᚴᛅᛁᛦᚢᛅᛏᛅᛦ᛬ᛚᛁᚴᚾᚢᛁᛅᚱ.png,w0,292,kaiRuataR liknuiar,ᚴᛅᛁᛦᚢᛅᛏᛅᛦ᛬ᛚᛁᚴᚾᚢᛁᛅᚱ,17,synth,train
syn_w0_000292_ketil_ᚴᛂᛏᛁᛚ.png,w0,292,ketil,ᚴᛂᛏᛁᛚ,5,synth,train
syn_w0_000293_neniR_anuntr_ᚾᛂᚾᛁᛦ᛬ᛅᚾᚢᚾᛏᚱ.png,w0,293,neniR anuntr,ᚾᛂᚾᛁᛦ᛬ᛅᚾᚢᚾᛏᚱ,11,synth,train
syn_w0_000293_reisiR_þaR_treks_ᚱᛂᛁᛋᛁᛦ᛬ᚦᛅᛦ᛬ᛏᚱᛂᚴᛋ.png,w0,293,reisiR þaR treks,ᚱᛂᛁᛋᛁᛦ᛬ᚦᛅᛦ᛬ᛏᚱᛂᚴᛋ,14,synth,train
syn_w0_000293_ristu_fuþorkhniastblmy_þria_kuam_ᚱᛁᛋᛏᚢ᛬ᚠᚢᚦᚮᚱᚴᚼᚾᛁᛅᛋᛏᛒᛚᛘᚤ᛬ᚦᚱᛁᛅ᛬ᚴᚢᛅᛘ.png,w0,293,ristu fuþorkhniastblmy þria kuam,ᚱᛁᛋᛏᚢ᛬ᚠᚢᚦᚮᚱᚴᚼᚾᛁᛅᛋᛏᛒᛚᛘᚤ᛬ᚦᚱᛁᛅ᛬ᚴᚢᛅᛘ,29,synth,train
syn_w0_000293_sin_sialu_anutr_faþur_ᛋᛁᚾ᛬ᛋᛁᛅᛚᚢ᛬ᛅᚾᚢᛏᚱ᛬ᚠᛅᚦᚢᚱ.png,w0,293,sin sialu anutr faþur,ᛋᛁᚾ᛬ᛋᛁᛅᛚᚢ᛬ᛅᚾᚢᛏᚱ᛬ᚠᛅᚦᚢᚱ,18,synth,train
syn_w0_000293_sitn_ᛋᛁᛏᚾ.png,w0,293,sitn,ᛋᛁᛏᚾ,4,synth,train
syn_w0_000294_anunt_aikiR_pikisdahum_aslakR_ᛅᚾᚢᚾᛏ᛬ᛅᛁᚴᛁᛦ᛬ᛔᛁᚴᛁᛋᛑᛅᚼᚢᛘ᛬ᛅᛋᛚᛅᚴᛦ.png,w0,294,anunt aikiR pikisdahum aslakR,ᛅᚾᚢᚾᛏ᛬ᛅᛁᚴᛁᛦ᛬ᛔᛁᚴᛁᛋᛑᛅᚼᚢᛘ᛬ᛅᛋᛚᛅᚴᛦ,26,synth,train
syn_w0_000294_mini_kubl_kpasia_ᛘᛁᚾᛁ᛬ᚴᚢᛒᛚ᛬ᚴᛔᛅᛋᛁᛅ.png,w0,294,mini kubl kpasia,ᛘᛁᚾᛁ᛬ᚴᚢᛒᛚ᛬ᚴᛔᛅᛋᛁᛅ,14,synth,train
syn_w0_000294_uwatuwa_ᚢᚹᛅᛏᚢᚹᛅ.png,w0,294,uwatuwa,ᚢᚹᛅᛏᚢᚹᛅ,7,synth,train
syn_w0_000294_þigæri_siþan_rum_ᚦᛁᚵᚫᚱᛁ᛬ᛋᛁᚦᛅᚾ᛬ᚱᚢᛘ.png,w0,294,þigæri siþan rum,ᚦᛁᚵᚫᚱᛁ᛬ᛋᛁᚦᛅᚾ᛬ᚱᚢᛘ,14,synth,train
syn_w0_000294_þis_ᚦᛁᛋ.png,w0,294,þis,ᚦᛁᛋ,3,synth,train
syn_w0_000295_deus_þura_ᛑᛂᚢᛋ᛬ᚦᚢᚱᛅ.png,w0,295,deus þura,ᛑᛂᚢᛋ᛬ᚦᚢᚱᛅ,8,synth,train
syn_w0_000295_fiska_sin_ᚠᛁᛋᚴᛅ᛬ᛋᛁᚾ.png,w0,295,fiska sin,ᚠᛁᛋᚴᛅ᛬ᛋᛁᚾ,8,synth,train
syn_w0_000295_hialmR_stff_ᚼᛁᛅᛚᛘᛦ᛬ᛋᛏᚠᚠ.png,w0,295,hialmR stff,ᚼᛁᛅᛚᛘᛦ᛬ᛋᛏᚠᚠ,10,synth,train
syn_w0_000295_himunafi_utryk_ᚼᛁᛘᚢᚾᛅᚠᛁ᛬ᚢᛏᚱᚤᚴ.png,w0,295,himunafi utryk,ᚼᛁᛘᚢᚾᛅᚠᛁ᛬ᚢᛏᚱᚤᚴ,13,synth,train
syn_w0_000295_uestr_auk_inki_has_ᚢᛂᛋᛏᚱ᛬ᛅᚢᚴ᛬ᛁᚾᚴᛁ᛬ᚼᛅᛋ.png,w0,295,uestr auk inki has,ᚢᛂᛋᛏᚱ᛬ᛅᚢᚴ᛬ᛁᚾᚴᛁ᛬ᚼᛅᛋ,15,synth,train
syn_w0_000296_finuiþaR_aibiern_ulfrik_ᚠᛁᚾᚢᛁᚦᛅᛦ᛬ᛅᛁᛒᛁᛂᚱᚾ᛬ᚢᛚᚠᚱᛁᚴ.png,w0,296,finuiþaR aibiern ulfrik,ᚠᛁᚾᚢᛁᚦᛅᛦ᛬ᛅᛁᛒᛁᛂᚱᚾ᛬ᚢᛚᚠᚱᛁᚴ,21,synth,train
syn_w0_000296_finuiþaR_tuþr_let_betin_ᚠᛁᚾᚢᛁᚦᛅᛦ᛬ᛏᚢᚦᚱ᛬ᛚᛂᛏ᛬ᛒᛂᛏᛁᚾ.png,w0,296,finuiþaR tuþr let betin,ᚠᛁᚾᚢᛁᚦᛅᛦ᛬ᛏᚢᚦᚱ᛬ᛚᛂᛏ᛬ᛒᛂᛏᛁᚾ,20,synth,train
syn_w0_000296_moþur_ᛘᚮᚦᚢᚱ.png,w0,296,moþur,ᛘᚮᚦᚢᚱ,5,synth,train
syn_w0_000296_sno_þeta_ᛋᚾᚮ᛬ᚦᛂᛏᛅ.png,w0,296,sno þeta,ᛋᚾᚮ᛬ᚦᛂᛏᛅ,7,synth,train
syn_w0_000296_uit_ᚢᛁᛏ.png,w0,296,uit,ᚢᛁᛏ,3,synth,train
syn_w0_000297_alo_petr_ioan_ᛅᛚᚮ᛬ᛔᛂᛏᚱ᛬ᛁᚮᛅᚾ.png,w0,297,alo petr ioan,ᛅᛚᚮ᛬ᛔᛂᛏᚱ᛬ᛁᚮᛅᚾ,11,synth,train
syn_w0_000297_helga_hulmstein_litu_ᚼᛂᛚᚵᛅ᛬ᚼᚢᛚᛘᛋᛏᛂᛁᚾ᛬ᛚᛁᛏᚢ.png,w0,297,helga hulmstein litu,ᚼᛂᛚᚵᛅ᛬ᚼᚢᛚᛘᛋᛏᛂᛁᚾ᛬ᛚᛁᛏᚢ,18,synth,train
syn_w0_000297_oþintisu_ᚮᚦᛁᚾᛏᛁᛋᚢ.png,w0,297,oþintisu,ᚮᚦᛁᚾᛏᛁᛋᚢ,8,synth,train
syn_w0_000297_sigurþr_hans_ᛋᛁᚵᚢᚱᚦᚱ᛬ᚼᛅᚾᛋ.png,w0,297,sigurþr hans,ᛋᛁᚵᚢᚱᚦᚱ᛬ᚼᛅᚾᛋ,11,synth,test
syn_w0_000297_untir_rsti_ranslation_rsa_ᚢᚾᛏᛁᚱ᛬ᚱᛋᛏᛁ᛬ᚱᛅᚾᛋᛚᛅᛏᛁᚮᚾ᛬ᚱᛋᛅ.png,w0,297,untir rsti ranslation rsa,ᚢᚾᛏᛁᚱ᛬ᚱᛋᛏᛁ᛬ᚱᛅᚾᛋᛚᛅᛏᛁᚮᚾ᛬ᚱᛋᛅ,22,synth,train
syn_w0_000298_iluki_uaR_afatz_ᛁᛚᚢᚴᛁ᛬ᚢᛅᛦ᛬ᛅᚠᛅᛏᛎ.png,w0,298,iluki uaR afatz,ᛁᛚᚢᚴᛁ᛬ᚢᛅᛦ᛬ᛅᚠᛅᛏᛎ,13,synth,train
syn_w0_000298_karþi_ᚴᛅᚱᚦᛁ.png,w0,298,karþi,ᚴᛅᚱᚦᛁ,5,synth,train
syn_w0_000298_karþum_hah_kuþlauk_lunti_ᚴᛅᚱᚦᚢᛘ᛬ᚼᛅᚼ᛬ᚴᚢᚦᛚᛅᚢᚴ᛬ᛚᚢᚾᛏᛁ.png,w0,298,karþum hah kuþlauk lunti,ᚴᛅᚱᚦᚢᛘ᛬ᚼᛅᚼ᛬ᚴᚢᚦᛚᛅᚢᚴ᛬ᛚᚢᚾᛏᛁ,21,synth,train
syn_w0_000298_kristi_ᚴᚱᛁᛋᛏᛁ.png,w0,298,kristi,ᚴᚱᛁᛋᛏᛁ,6,synth,val
syn_w0_000298_rfæi_rhafnukatufi_tiþkum_ᚱᚠᚫᛁ᛬ᚱᚼᛅᚠᚾᚢᚴᛅᛏᚢᚠᛁ᛬ᛏᛁᚦᚴᚢᛘ.png,w0,298,rfæi rhafnukatufi tiþkum,ᚱᚠᚫᛁ᛬ᚱᚼᛅᚠᚾᚢᚴᛅᛏᚢᚠᛁ᛬ᛏᛁᚦᚴᚢᛘ,22,synth,train
syn_w0_000299_ifr_ᛁᚠᚱ.png,w0,299,ifr,ᛁᚠᚱ,3,synth,train
syn_w0_000299_tuki_fadur_ᛏᚢᚴᛁ᛬ᚠᛅᛑᚢᚱ.png,w0,299,tuki fadur,ᛏᚢᚴᛁ᛬ᚠᛅᛑᚢᚱ,9,synth,train
syn_w0_000299_tuo_ᛏᚢᚮ.png,w0,299,tuo,ᛏᚢᚮ,3,synth,train
syn_w0_000299_uniþikR_umi_haþistaþum_aitaþis_ᚢᚾᛁᚦᛁᚴᛦ᛬ᚢᛘᛁ᛬ᚼᛅᚦᛁᛋᛏᛅᚦᚢᛘ᛬ᛅᛁᛏᛅᚦᛁᛋ.png,w0,299,uniþikR umi haþistaþum aitaþis,ᚢᚾᛁᚦᛁᚴᛦ᛬ᚢᛘᛁ᛬ᚼᛅᚦᛁᛋᛏᛅᚦᚢᛘ᛬ᛅᛁᛏᛅᚦᛁᛋ,27,synth,train
syn_w0_000299_þorbiarn_hakun_salus_signi_ᚦᚮᚱᛒᛁᛅᚱᚾ᛬ᚼᛅᚴᚢᚾ᛬ᛋᛅᛚᚢᛋ᛬ᛋᛁᚵᚾᛁ.png,w0,299,þorbiarn hakun salus signi,ᚦᚮᚱᛒᛁᛅᚱᚾ᛬ᚼᛅᚴᚢᚾ᛬ᛋᛅᛚᚢᛋ᛬ᛋᛁᚵᚾᛁ,23,synth,train
syn_w0_000300_boroþur_ᛒᚮᚱᚮᚦᚢᚱ.png,w0,300,boroþur,ᛒᚮᚱᚮᚦᚢᚱ,7,synth,train
syn_w0_000300_maki_ulfuR_ᛘᛅᚴᛁ᛬ᚢᛚᚠᚢᛦ.png,w0,300,maki ulfuR,ᛘᛅᚴᛁ᛬ᚢᛚᚠᚢᛦ,9,synth,train
syn_w0_000300_stin_þikaliþi_ᛋᛏᛁᚾ᛬ᚦᛁᚴᛅᛚᛁᚦᛁ.png,w0,300,stin þikaliþi,ᛋᛏᛁᚾ᛬ᚦᛁᚴᛅᛚᛁᚦᛁ,12,synth,train
syn_w0_000300_stun_ræst_kaira_ᛋᛏᚢᚾ᛬ᚱᚫᛋᛏ᛬ᚴᛅᛁᚱᛅ.png,w0,300,stun ræst kaira,ᛋᛏᚢᚾ᛬ᚱᚫᛋᛏ᛬ᚴᛅᛁᚱᛅ,13,synth,train
syn_w0_000301_hont_cristum_ᚼᚮᚾᛏ᛬ᛍᚱᛁᛋᛏᚢᛘ.png,w0,301,hont cristum,ᚼᚮᚾᛏ᛬ᛍᚱᛁᛋᛏᚢᛘ,11,synth,test
syn_w0_000301_nikulas_niu_saimut_sun_ᚾᛁᚴᚢᛚᛅᛋ᛬ᚾᛁᚢ᛬ᛋᛅᛁᛘᚢᛏ᛬ᛋᚢᚾ.png,w0,301,nikulas niu saimut sun,ᚾᛁᚴᚢᛚᛅᛋ᛬ᚾᛁᚢ᛬ᛋᛅᛁᛘᚢᛏ᛬ᛋᚢᚾ,19,synth,train
syn_w0_000301_plena_ufþ_ayiti_ᛔᛚᛂᚾᛅ᛬ᚢᚠᚦ᛬ᛅᚤᛁᛏᛁ.png,w0,301,plena ufþ ayiti,ᛔᛚᛂᚾᛅ᛬ᚢᚠᚦ᛬ᛅᚤᛁᛏᛁ,13,synth,val
syn_w0_000301_risti_kiarþ_asbiurn_ᚱᛁᛋᛏᛁ᛬ᚴᛁᛅᚱᚦ᛬ᛅᛋᛒᛁᚢᚱᚾ.png,w0,301,risti kiarþ asbiurn,ᚱᛁᛋᛏᛁ᛬ᚴᛁᛅᚱᚦ᛬ᛅᛋᛒᛁᚢᚱᚾ,17,synth,train
syn_w0_000302_aftir_auk_sin_gRra_ᛅᚠᛏᛁᚱ᛬ᛅᚢᚴ᛬ᛋᛁᚾ᛬ᚵᛦᚱᛅ.png,w0,302,aftir auk sin gRra,ᛅᚠᛏᛁᚱ᛬ᛅᚢᚴ᛬ᛋᛁᚾ᛬ᚵᛦᚱᛅ,15,synth,train
syn_w0_000302_ndskriftdel_ᚾᛑᛋᚴᚱᛁᚠᛏᛑᛂᛚ.png,w0,302,ndskriftdel,ᚾᛑᛋᚴᚱᛁᚠᛏᛑᛂᛚ,11,synth,train
syn_w0_000302_shunar_þorstin_aurencius_runaR_ᛋᚼᚢᚾᛅᚱ᛬ᚦᚮᚱᛋᛏᛁᚾ᛬ᛅᚢᚱᛂᚾᛍᛁᚢᛋ᛬ᚱᚢᚾᛅᛦ.png,w0,302,shunar þorstin aurencius runaR,ᛋᚼᚢᚾᛅᚱ᛬ᚦᚮᚱᛋᛏᛁᚾ᛬ᛅᚢᚱᛂᚾᛍᛁᚢᛋ᛬ᚱᚢᚾᛅᛦ,27,synth,test
syn_w0_000302_usi_ᚢᛋᛁ.png,w0,302,usi,ᚢᛋᛁ,3,synth,train
syn_w0_000303_iþiuf_ᛁᚦᛁᚢᚠ.png,w0,303,iþiuf,ᛁᚦᛁᚢᚠ,5,synth,train
syn_w0_000303_kauli_feþrka_hlhi_ᚴᛅᚢᛚᛁ᛬ᚠᛂᚦᚱᚴᛅ᛬ᚼᛚᚼᛁ.png,w0,303,kauli feþrka hlhi,ᚴᛅᚢᛚᛁ᛬ᚠᛂᚦᚱᚴᛅ᛬ᚼᛚᚼᛁ,15,synth,train
syn_w0_000303_kþk_ᚴᚦᚴ.png,w0,303,kþk,ᚴᚦᚴ,3,synth,train
syn_w0_000303_suta_lit_nonim_deus_ᛋᚢᛏᛅ᛬ᛚᛁᛏ᛬ᚾᚮᚾᛁᛘ᛬ᛑᛂᚢᛋ.png,w0,303,suta lit nonim deus,ᛋᚢᛏᛅ᛬ᛚᛁᛏ᛬ᚾᚮᚾᛁᛘ᛬ᛑᛂᚢᛋ,16,synth,train
syn_w0_000304_biafa_ritu_ᛒᛁᛅᚠᛅ᛬ᚱᛁᛏᚢ.png,w0,304,biafa ritu,ᛒᛁᛅᚠᛅ᛬ᚱᛁᛏᚢ,9,synth,train
syn_w0_000304_fin_mot_kiarþar_ᚠᛁᚾ᛬ᛘᚮᛏ᛬ᚴᛁᛅᚱᚦᛅᚱ.png,w0,304,fin mot kiarþar,ᚠᛁᚾ᛬ᛘᚮᛏ᛬ᚴᛁᛅᚱᚦᛅᚱ,13,synth,train
syn_w0_000304_kra_ᚴᚱᛅ.png,w0,304,kra,ᚴᚱᛅ,3,synth,train
syn_w0_000304_þurbiourn_iuu_hans_kom_ᚦᚢᚱᛒᛁᚮᚢᚱᚾ᛬ᛁᚢᚢ᛬ᚼᛅᚾᛋ᛬ᚴᚮᛘ.png,w0,304,þurbiourn iuu hans kom,ᚦᚢᚱᛒᛁᚮᚢᚱᚾ᛬ᛁᚢᚢ᛬ᚼᛅᚾᛋ᛬ᚴᚮᛘ,19,synth,train
syn_w0_000305_aufti_nikula_taka_ᛅᚢᚠᛏᛁ᛬ᚾᛁᚴᚢᛚᛅ᛬ᛏᛅᚴᛅ.png,w0,305,aufti nikula taka,ᛅᚢᚠᛏᛁ᛬ᚾᛁᚴᚢᛚᛅ᛬ᛏᛅᚴᛅ,15,synth,train
syn_w0_000305_krikum_ᚴᚱᛁᚴᚢᛘ.png,w0,305,krikum,ᚴᚱᛁᚴᚢᛘ,6,synth,train
syn_w0_000305_lagþ_ᛚᛅᚵᚦ.png,w0,305,lagþ,ᛚᛅᚵᚦ,4,synth,train
syn_w0_000305_orkil_sol_salfæn_krist_ᚮᚱᚴᛁᛚ᛬ᛋᚮᛚ᛬ᛋᛅᛚᚠᚫᚾ᛬ᚴᚱᛁᛋᛏ.png,w0,305,orkil sol salfæn krist,ᚮᚱᚴᛁᛚ᛬ᛋᚮᛚ᛬ᛋᛅᛚᚠᚫᚾ᛬ᚴᚱᛁᛋᛏ,19,synth,train
syn_w0_000306_iftiR_ᛁᚠᛏᛁᛦ.png,w0,306,iftiR,ᛁᚠᛏᛁᛦ,5,synth,train
syn_w0_000306_luntunum_ᛚᚢᚾᛏᚢᚾᚢᛘ.png,w0,306,luntunum,ᛚᚢᚾᛏᚢᚾᚢᛘ,8,synth,train
syn_w0_000306_sel_ᛋᛂᛚ.png,w0,306,sel,ᛋᛂᛚ,3,synth,test
syn_w0_000306_sten_ᛋᛏᛂᚾ.png,w0,306,sten,ᛋᛏᛂᚾ,4,synth,train
syn_w0_000307_etu_sanktisimæ_rita_ᛂᛏᚢ᛬ᛋᛅᚾᚴᛏᛁᛋᛁᛘᚫ᛬ᚱᛁᛏᛅ.png,w0,307,etu sanktisimæ rita,ᛂᛏᚢ᛬ᛋᛅᚾᚴᛏᛁᛋᛁᛘᚫ᛬ᚱᛁᛏᛅ,17,synth,train
syn_w0_000307_kui_arna_ara_hæitti_ᚴᚢᛁ᛬ᛅᚱᚾᛅ᛬ᛅᚱᛅ᛬ᚼᚫᛁᛏᛏᛁ.png,w0,307,kui arna ara hæitti,ᚴᚢᛁ᛬ᛅᚱᚾᛅ᛬ᛅᚱᛅ᛬ᚼᚫᛁᛏᛏᛁ,16,synth,train
syn_w0_000307_sis_kirka_ᛋᛁᛋ᛬ᚴᛁᚱᚴᛅ.png,w0,307,sis kirka,ᛋᛁᛋ᛬ᚴᛁᚱᚴᛅ,8,synth,train
syn_w0_000307_skanmals_kunuatr_ulaufR_ᛋᚴᛅᚾᛘᛅᛚᛋ᛬ᚴᚢᚾᚢᛅᛏᚱ᛬ᚢᛚᛅᚢᚠᛦ.png,w0,307,skanmals kunuatr ulaufR,ᛋᚴᛅᚾᛘᛅᛚᛋ᛬ᚴᚢᚾᚢᛅᛏᚱ᛬ᚢᛚᛅᚢᚠᛦ,21,synth,train
syn_w0_000308_ahkua_ᛅᚼᚴᚢᛅ.png,w0,308,ahkua,ᛅᚼᚴᚢᛅ,5,synth,train
syn_w0_000308_nat_yftiR_abtiR_nobis_ᚾᛅᛏ᛬ᚤᚠᛏᛁᛦ᛬ᛅᛒᛏᛁᛦ᛬ᚾᚮᛒᛁᛋ.png,w0,308,nat yftiR abtiR nobis,ᚾᛅᛏ᛬ᚤᚠᛏᛁᛦ᛬ᛅᛒᛏᛁᛦ᛬ᚾᚮᛒᛁᛋ,18,synth,train
syn_w0_000308_sbialbuþi_hąns_isgi_ᛋᛒᛁᛅᛚᛒᚢᚦᛁ᛬ᚼᚬᚾᛋ᛬ᛁᛋᚵᛁ.png,w0,308,sbialbuþi hąns isgi,ᛋᛒᛁᛅᛚᛒᚢᚦᛁ᛬ᚼᚬᚾᛋ᛬ᛁᛋᚵᛁ,17,synth,train
syn_w0_000308_utu_þaiR_uarb_ᚢᛏᚢ᛬ᚦᛅᛁᛦ᛬ᚢᛅᚱᛒ.png,w0,308,utu þaiR uarb,ᚢᛏᚢ᛬ᚦᛅᛁᛦ᛬ᚢᛅᚱᛒ,11,synth,train
syn_w0_000309_gæti_usbiaur_stonta_þai_ᚵᚫᛏᛁ᛬ᚢᛋᛒᛁᛅᚢᚱ᛬ᛋᛏᚮᚾᛏᛅ᛬ᚦᛅᛁ.png,w0,309,gæti usbiaur stonta þai,ᚵᚫᛏᛁ᛬ᚢᛋᛒᛁᛅᚢᚱ᛬ᛋᛏᚮᚾᛏᛅ᛬ᚦᛅᛁ,20,synth,train
syn_w0_000309_hialbi_uphimæn_laukaz_þonsi_ᚼᛁᛅᛚᛒᛁ᛬ᚢᛔᚼᛁᛘᚫᚾ᛬ᛚᛅᚢᚴᛅᛎ᛬ᚦᚮᚾᛋᛁ.png,w0,309,hialbi uphimæn laukaz þonsi,ᚼᛁᛅᛚᛒᛁ᛬ᚢᛔᚼᛁᛘᚫᚾ᛬ᛚᛅᚢᚴᛅᛎ᛬ᚦᚮᚾᛋᛁ,24,synth,train
syn_w0_000309_hos_kunuk_suniʀ_aft_ᚼᚮᛋ᛬ᚴᚢᚾᚢᚴ᛬ᛋᚢᚾᛁᛧ᛬ᛅᚠᛏ.png,w0,309,hos kunuk suniʀ aft,ᚼᚮᛋ᛬ᚴᚢᚾᚢᚴ᛬ᛋᚢᚾᛁᛧ᛬ᛅᚠᛏ,16,synth,train
syn_w0_000309_ullo_ᚢᛚᛚᚮ.png,w0,309,ullo,ᚢᛚᛚᚮ,4,synth,train
syn_w0_000310_afr_brþr_þusi_himin_ᛅᚠᚱ᛬ᛒᚱᚦᚱ᛬ᚦᚢᛋᛁ᛬ᚼᛁᛘᛁᚾ.png,w0,310,afr brþr þusi himin,ᛅᚠᚱ᛬ᛒᚱᚦᚱ᛬ᚦᚢᛋᛁ᛬ᚼᛁᛘᛁᚾ,16,synth,train
syn_w0_000310_litu_ᛚᛁᛏᚢ.png,w0,310,litu,ᛚᛁᛏᚢ,4,synth,train
syn_w0_000310_rhisa_sola_stina_lanmitr_ᚱᚼᛁᛋᛅ᛬ᛋᚮᛚᛅ᛬ᛋᛏᛁᚾᛅ᛬ᛚᛅᚾᛘᛁᛏᚱ.png,w0,310,rhisa sola stina lanmitr,ᚱᚼᛁᛋᛅ᛬ᛋᚮᛚᛅ᛬ᛋᛏᛁᚾᛅ᛬ᛚᛅᚾᛘᛁᛏᚱ,21,synth,train
syn_w0_000310_seli_eskil_ᛋᛂᛚᛁ᛬ᛂᛋᚴᛁᛚ.png,w0,310,seli eskil,ᛋᛂᛚᛁ᛬ᛂᛋᚴᛁᛚ,9,synth,train
syn_w0_000311_aur_ᛅᚢᚱ.png,w0,311,aur,ᛅᚢᚱ,3,synth,train
syn_w0_000311_katil_uistr_uig_hans_ᚴᛅᛏᛁᛚ᛬ᚢᛁᛋᛏᚱ᛬ᚢᛁᚵ᛬ᚼᛅᚾᛋ.png,w0,311,katil uistr uig hans,ᚴᛅᛏᛁᛚ᛬ᚢᛁᛋᛏᚱ᛬ᚢᛁᚵ᛬ᚼᛅᚾᛋ,17,synth,train
syn_w0_000311_rhafnukatufi_simen_auftiR_bør_ᚱᚼᛅᚠᚾᚢᚴᛅᛏᚢᚠᛁ᛬ᛋᛁᛘᛂᚾ᛬ᛅᚢᚠᛏᛁᛦ᛬ᛒᚯᚱ.png,w0,311,rhafnukatufi simen auftiR bør,ᚱᚼᛅᚠᚾᚢᚴᛅᛏᚢᚠᛁ᛬ᛋᛁᛘᛂᚾ᛬ᛅᚢᚠᛏᛁᛦ᛬ᛒᚯᚱ,26,synth,train
syn_w0_000311_sikmut_sikf_kira_ᛋᛁᚴᛘᚢᛏ᛬ᛋᛁᚴᚠ᛬ᚴᛁᚱᛅ.png,w0,311,sikmut sikf kira,ᛋᛁᚴᛘᚢᛏ᛬ᛋᛁᚴᚠ᛬ᚴᛁᚱᛅ,14,synth,train
syn_w0_000312_biyrþ_sær_rita_ᛒᛁᚤᚱᚦ᛬ᛋᚫᚱ᛬ᚱᛁᛏᛅ.png,w0,312,biyrþ sær rita,ᛒᛁᚤᚱᚦ᛬ᛋᚫᚱ᛬ᚱᛁᛏᛅ,12,synth,train
syn_w0_000312_era_þuri_hennar_ᛂᚱᛅ᛬ᚦᚢᚱᛁ᛬ᚼᛂᚾᚾᛅᚱ.png,w0,312,era þuri hennar,ᛂᚱᛅ᛬ᚦᚢᚱᛁ᛬ᚼᛂᚾᚾᛅᚱ,13,synth,train
syn_w0_000312_hea_ᚼᛂᛅ.png,w0,312,hea,ᚼᛂᛅ,3,synth,train
syn_w0_000312_suni_stin_ᛋᚢᚾᛁ᛬ᛋᛏᛁᚾ.png,w0,312,suni stin,ᛋᚢᚾᛁ᛬ᛋᛏᛁᚾ,8,synth,train
syn_w0_000313_RftR_marki_boana_siklt_ᛦᚠᛏᛦ᛬ᛘᛅᚱᚴᛁ᛬ᛒᚮᛅᚾᛅ᛬ᛋᛁᚴᛚᛏ.png,w0,313,RftR marki boana siklt,ᛦᚠᛏᛦ᛬ᛘᛅᚱᚴᛁ᛬ᛒᚮᛅᚾᛅ᛬ᛋᛁᚴᛚᛏ,19,synth,train
syn_w0_000313_farulf_ᚠᛅᚱᚢᛚᚠ.png,w0,313,farulf,ᚠᛅᚱᚢᛚᚠ,6,synth,train
syn_w0_000313_hakbiarn_ᚼᛅᚴᛒᛁᛅᚱᚾ.png,w0,313,hakbiarn,ᚼᛅᚴᛒᛁᛅᚱᚾ,8,synth,train
syn_w0_000313_rysu_rufRa_hulmstain_ᚱᚤᛋᚢ᛬ᚱᚢᚠᛦᛅ᛬ᚼᚢᛚᛘᛋᛏᛅᛁᚾ.png,w0,313,rysu rufRa hulmstain,ᚱᚤᛋᚢ᛬ᚱᚢᚠᛦᛅ᛬ᚼᚢᛚᛘᛋᛏᛅᛁᚾ,18,synth,val
syn_w0_000314_bonta_nis_ᛒᚮᚾᛏᛅ᛬ᚾᛁᛋ.png,w0,314,bonta nis,ᛒᚮᚾᛏᛅ᛬ᚾᛁᛋ,8,synth,train
syn_w0_000314_heilhi_þan_þursa_ᚼᛂᛁᛚᚼᛁ᛬ᚦᛅᚾ᛬ᚦᚢᚱᛋᛅ.png,w0,314,heilhi þan þursa,ᚼᛂᛁᛚᚼᛁ᛬ᚦᛅᚾ᛬ᚦᚢᚱᛋᛅ,14,synth,train
syn_w0_000314_resa_emik_ake_kunbiarn_ᚱᛂᛋᛅ᛬ᛂᛘᛁᚴ᛬ᛅᚴᛂ᛬ᚴᚢᚾᛒᛁᛅᚱᚾ.png,w0,314,resa emik ake kunbiarn,ᚱᛂᛋᛅ᛬ᛂᛘᛁᚴ᛬ᛅᚴᛂ᛬ᚴᚢᚾᛒᛁᛅᚱᚾ,19,synth,train
syn_w0_000314_suenaR_froknan_ᛋᚢᛂᚾᛅᛦ᛬ᚠᚱᚮᚴᚾᛅᚾ.png,w0,314,suenaR froknan,ᛋᚢᛂᚾᛅᛦ᛬ᚠᚱᚮᚴᚾᛅᚾ,13,synth,train
syn_w0_000315_aft_gra_udf_ᛅᚠᛏ᛬ᚵᚱᛅ᛬ᚢᛑᚠ.png,w0,315,aft gra udf,ᛅᚠᛏ᛬ᚵᚱᛅ᛬ᚢᛑᚠ,9,synth,train
syn_w0_000315_iauR_hakua_tiarfr_kþo_ᛁᛅᚢᛦ᛬ᚼᛅᚴᚢᛅ᛬ᛏᛁᛅᚱᚠᚱ᛬ᚴᚦᚮ.png,w0,315,iauR hakua tiarfr kþo,ᛁᛅᚢᛦ᛬ᚼᛅᚴᚢᛅ᛬ᛏᛁᛅᚱᚠᚱ᛬ᚴᚦᚮ,18,synth,train
syn_w0_000315_raistu_ᚱᛅᛁᛋᛏᚢ.png,w0,315,raistu,ᚱᛅᛁᛋᛏᚢ,6,synth,train
syn_w0_000315_riti_hafsk_ᚱᛁᛏᛁ᛬ᚼᛅᚠᛋᚴ.png,w0,315,riti hafsk,ᚱᛁᛏᛁ᛬ᚼᛅᚠᛋᚴ,9,synth,train
syn_w0_000316_kut_hari_ᚴᚢᛏ᛬ᚼᛅᚱᛁ.png,w0,316,kut hari,ᚴᚢᛏ᛬ᚼᛅᚱᛁ,7,synth,train
syn_w0_000316_onum_ᚮᚾᚢᛘ.png,w0,316,onum,ᚮᚾᚢᛘ,4,synth,val
syn_w0_000316_runa_inkuari_mol_ilum_ᚱᚢᚾᛅ᛬ᛁᚾᚴᚢᛅᚱᛁ᛬ᛘᚮᛚ᛬ᛁᛚᚢᛘ.png,w0,316,runa inkuari mol ilum,ᚱᚢᚾᛅ᛬ᛁᚾᚴᚢᛅᚱᛁ᛬ᛘᚮᛚ᛬ᛁᛚᚢᛘ,18,synth,train
syn_w0_000316_taþr_llu_ᛏᛅᚦᚱ᛬ᛚᛚᚢ.png,w0,316,taþr llu,ᛏᛅᚦᚱ᛬ᛚᛚᚢ,7,synth,train
syn_w0_000317_bruþur_tti_uikiks_ᛒᚱᚢᚦᚢᚱ᛬ᛏᛏᛁ᛬ᚢᛁᚴᛁᚴᛋ.png,w0,317,bruþur tti uikiks,ᛒᚱᚢᚦᚢᚱ᛬ᛏᛏᛁ᛬ᚢᛁᚴᛁᚴᛋ,15,synth,val
syn_w0_000317_stan_siba_ᛋᛏᛅᚾ᛬ᛋᛁᛒᛅ.png,w0,317,stan siba,ᛋᛏᛅᚾ᛬ᛋᛁᛒᛅ,8,synth,train
syn_w0_000317_tuaim_mintil_sino_rfi_ᛏᚢᛅᛁᛘ᛬ᛘᛁᚾᛏᛁᛚ᛬ᛋᛁᚾᚮ᛬ᚱᚠᛁ.png,w0,317,tuaim mintil sino rfi,ᛏᚢᛅᛁᛘ᛬ᛘᛁᚾᛏᛁᛚ᛬ᛋᛁᚾᚮ᛬ᚱᚠᛁ,18,synth,train
syn_w0_000317_þor_ᚦᚮᚱ.png,w0,317,þor,ᚦᚮᚱ,3,synth,train
syn_w0_000318_ala_ate_sancti_æius_ᛅᛚᛅ᛬ᛅᛏᛂ᛬ᛋᛅᚾᛍᛏᛁ᛬ᚫᛁᚢᛋ.png,w0,318,ala ate sancti æius,ᛅᛚᛅ᛬ᛅᛏᛂ᛬ᛋᛅᚾᛍᛏᛁ᛬ᚫᛁᚢᛋ,16,synth,train
syn_w0_000318_let_hnias_karassa_ᛚᛂᛏ᛬ᚼᚾᛁᛅᛋ᛬ᚴᛅᚱᛅᛋᛋᛅ.png,w0,318,let hnias karassa,ᛚᛂᛏ᛬ᚼᚾᛁᛅᛋ᛬ᚴᛅᚱᛅᛋᛋᛅ,15,synth,val
syn_w0_000318_llum_gie_ᛚᛚᚢᛘ᛬ᚵᛁᛂ.png,w0,318,llum gie,ᛚᛚᚢᛘ᛬ᚵᛁᛂ,7,synth,train
syn_w0_000318_lutaris_ᛚᚢᛏᛅᚱᛁᛋ.png,w0,318,lutaris,ᛚᚢᛏᛅᚱᛁᛋ,7,synth,train
syn_w0_000319_bri_stulpa_ᛒᚱᛁ᛬ᛋᛏᚢᛚᛔᛅ.png,w0,319,bri stulpa,ᛒᚱᛁ᛬ᛋᛏᚢᛚᛔᛅ,9,synth,train
syn_w0_000319_stain_hialbi_iftiR_uar_ᛋᛏᛅᛁᚾ᛬ᚼᛁᛅᛚᛒᛁ᛬ᛁᚠᛏᛁᛦ᛬ᚢᛅᚱ.png,w0,319,stain hialbi iftiR uar,ᛋᛏᛅᛁᚾ᛬ᚼᛁᛅᛚᛒᛁ᛬ᛁᚠᛏᛁᛦ᛬ᚢᛅᚱ,19,synth,train
syn_w0_000319_uilin_boanta_stain_ᚢᛁᛚᛁᚾ᛬ᛒᚮᛅᚾᛏᛅ᛬ᛋᛏᛅᛁᚾ.png,w0,319,uilin boanta stain,ᚢᛁᛚᛁᚾ᛬ᛒᚮᛅᚾᛏᛅ᛬ᛋᛏᛅᛁᚾ,16,synth,train
syn_w0_000319_æsbiorn_askir_kuna_austr_ᚫᛋᛒᛁᚮᚱᚾ᛬ᛅᛋᚴᛁᚱ᛬ᚴᚢᚾᛅ᛬ᛅᚢᛋᛏᚱ.png,w0,319,æsbiorn askir kuna austr,ᚫᛋᛒᛁᚮᚱᚾ᛬ᛅᛋᚴᛁᚱ᛬ᚴᚢᚾᛅ᛬ᛅᚢᛋᛏᚱ,21,synth,test
syn_w0_000320_guz_ᚵᚢᛎ.png,w0,320,guz,ᚵᚢᛎ,3,synth,test
syn_w0_000320_hid_santibisetur_ᚼᛁᛑ᛬ᛋᛅᚾᛏᛁᛒᛁᛋᛂᛏᚢᚱ.png,w0,320,hid santibisetur,ᚼᛁᛑ᛬ᛋᛅᚾᛏᛁᛒᛁᛋᛂᛏᚢᚱ,15,synth,train
syn_w0_000320_kalt_sun_ᚴᛅᛚᛏ᛬ᛋᚢᚾ.png,w0,320,kalt sun,ᚴᛅᛚᛏ᛬ᛋᚢᚾ,7,synth,train
syn_w0_000320_sin_fuþorkhfuþorkhfuþork_kristunia_ofaik_ᛋᛁᚾ᛬ᚠᚢᚦᚮᚱᚴᚼᚠᚢᚦᚮᚱᚴᚼᚠᚢᚦᚮᚱᚴ᛬ᚴᚱᛁᛋᛏᚢᚾᛁᛅ᛬ᚮᚠᛅᛁᚴ.png,w0,320,sin fuþorkhfuþorkhfuþork kristunia ofaik,ᛋᛁᚾ᛬ᚠᚢᚦᚮᚱᚴᚼᚠᚢᚦᚮᚱᚴᚼᚠᚢᚦᚮᚱᚴ᛬ᚴᚱᛁᛋᛏᚢᚾᛁᛅ᛬ᚮᚠᛅᛁᚴ,37,synth,train
syn_w0_000321_auk_help_musku_kistil_ᛅᚢᚴ᛬ᚼᛂᛚᛔ᛬ᛘᚢᛋᚴᚢ᛬ᚴᛁᛋᛏᛁᛚ.png,w0,321,auk help musku kistil,ᛅᚢᚴ᛬ᚼᛂᛚᛔ᛬ᛘᚢᛋᚴᚢ᛬ᚴᛁᛋᛏᛁᛚ,18,synth,train
syn_w0_000321_bota_rontr_kasla_uft_ᛒᚮᛏᛅ᛬ᚱᚮᚾᛏᚱ᛬ᚴᛅᛋᛚᛅ᛬ᚢᚠᛏ.png,w0,321,bota rontr kasla uft,ᛒᚮᛏᛅ᛬ᚱᚮᚾᛏᚱ᛬ᚴᛅᛋᛚᛅ᛬ᚢᚠᛏ,17,synth,train
syn_w0_000321_sta_firi_raknhiltr_þorlak_ᛋᛏᛅ᛬ᚠᛁᚱᛁ᛬ᚱᛅᚴᚾᚼᛁᛚᛏᚱ᛬ᚦᚮᚱᛚᛅᚴ.png,w0,321,sta firi raknhiltr þorlak,ᛋᛏᛅ᛬ᚠᛁᚱᛁ᛬ᚱᛅᚴᚾᚼᛁᛚᛏᚱ᛬ᚦᚮᚱᛚᛅᚴ,22,synth,train
syn_w0_000321_þurluf_rþur_mess_kira_ᚦᚢᚱᛚᚢᚠ᛬ᚱᚦᚢᚱ᛬ᛘᛂᛋᛋ᛬ᚴᛁᚱᛅ.png,w0,321,þurluf rþur mess kira,ᚦᚢᚱᛚᚢᚠ᛬ᚱᚦᚢᚱ᛬ᛘᛂᛋᛋ᛬ᚴᛁᚱᛅ,18,synth,train
syn_w0_000322_bæna_uas_ret_ueurþ_ᛒᚫᚾᛅ᛬ᚢᛅᛋ᛬ᚱᛂᛏ᛬ᚢᛂᚢᚱᚦ.png,w0,322,bæna uas ret ueurþ,ᛒᚫᚾᛅ᛬ᚢᛅᛋ᛬ᚱᛂᛏ᛬ᚢᛂᚢᚱᚦ,15,synth,train
syn_w0_000322_kulkR_kirkiur_ᚴᚢᛚᚴᛦ᛬ᚴᛁᚱᚴᛁᚢᚱ.png,w0,322,kulkR kirkiur,ᚴᚢᛚᚴᛦ᛬ᚴᛁᚱᚴᛁᚢᚱ,12,synth,train
syn_w0_000322_lhifuntr_uiþ_ᛚᚼᛁᚠᚢᚾᛏᚱ᛬ᚢᛁᚦ.png,w0,322,lhifuntr uiþ,ᛚᚼᛁᚠᚢᚾᛏᚱ᛬ᚢᛁᚦ,11,synth,train
syn_w0_000322_notu_inkialtr_ᚾᚮᛏᚢ᛬ᛁᚾᚴᛁᛅᛚᛏᚱ.png,w0,322,notu inkialtr,ᚾᚮᛏᚢ᛬ᛁᚾᚴᛁᛅᛚᛏᚱ,12,synth,train
syn_w0_000323_faskr_uar_sialum_ᚠᛅᛋᚴᚱ᛬ᚢᛅᚱ᛬ᛋᛁᛅᛚᚢᛘ.png,w0,323,faskr uar sialum,ᚠᛅᛋᚴᚱ᛬ᚢᛅᚱ᛬ᛋᛁᛅᛚᚢᛘ,14,synth,train
syn_w0_000323_hrulf_fuhl_niujil_suni_ᚼᚱᚢᛚᚠ᛬ᚠᚢᚼᛚ᛬ᚾᛁᚢᛃᛁᛚ᛬ᛋᚢᚾᛁ.png,w0,323,hrulf fuhl niujil suni,ᚼᚱᚢᛚᚠ᛬ᚠᚢᚼᛚ᛬ᚾᛁᚢᛃᛁᛚ᛬ᛋᚢᚾᛁ,19,synth,train
syn_w0_000323_istain_aadagas_nikulos_ᛁᛋᛏᛅᛁᚾ᛬ᛅᛅᛑᛅᚵᛅᛋ᛬ᚾᛁᚴᚢᛚᚮᛋ.png,w0,323,istain aadagas nikulos,ᛁᛋᛏᛅᛁᚾ᛬ᛅᛅᛑᛅᚵᛅᛋ᛬ᚾᛁᚴᚢᛚᚮᛋ,20,synth,train
syn_w0_000323_þbiss_þani_ukutu_ᚦᛒᛁᛋᛋ᛬ᚦᛅᚾᛁ᛬ᚢᚴᚢᛏᚢ.png,w0,323,þbiss þani ukutu,ᚦᛒᛁᛋᛋ᛬ᚦᛅᚾᛁ᛬ᚢᚴᚢᛏᚢ,14,synth,train
syn_w0_000324_litin_ᛚᛁᛏᛁᚾ.png,w0,324,litin,ᛚᛁᛏᛁᚾ,5,synth,train
syn_w0_000324_ria_hulmstain_risti_ᚱᛁᛅ᛬ᚼᚢᛚᛘᛋᛏᛅᛁᚾ᛬ᚱᛁᛋᛏᛁ.png,w0,324,ria hulmstain risti,ᚱᛁᛅ᛬ᚼᚢᛚᛘᛋᛏᛅᛁᚾ᛬ᚱᛁᛋᛏᛁ,17,synth,train
syn_w0_000324_sialfan_halbi_ᛋᛁᛅᛚᚠᛅᚾ᛬ᚼᛅᛚᛒᛁ.png,w0,324,sialfan halbi,ᛋᛁᛅᛚᚠᛅᚾ᛬ᚼᛅᛚᛒᛁ,12,synth,train
syn_w0_000324_þsa_skakli_þigsla_ᚦᛋᛅ᛬ᛋᚴᛅᚴᛚᛁ᛬ᚦᛁᚵᛋᛚᛅ.png,w0,324,þsa skakli þigsla,ᚦᛋᛅ᛬ᛋᚴᛅᚴᛚᛁ᛬ᚦᛁᚵᛋᛚᛅ,15,synth,train
syn_w0_000325_bri_sim_ᛒᚱᛁ᛬ᛋᛁᛘ.png,w0,325,bri sim,ᛒᚱᛁ᛬ᛋᛁᛘ,6,synth,train
syn_w0_000325_hialbi_raistu_hulmstain_ᚼᛁᛅᛚᛒᛁ᛬ᚱᛅᛁᛋᛏᚢ᛬ᚼᚢᛚᛘᛋᛏᛅᛁᚾ.png,w0,325,hialbi raistu hulmstain,ᚼᛁᛅᛚᛒᛁ᛬ᚱᛅᛁᛋᛏᚢ᛬ᚼᚢᛚᛘᛋᛏᛅᛁᚾ,21,synth,train
syn_w0_000325_lir_iaruntr_keitil_ᛚᛁᚱ᛬ᛁᛅᚱᚢᚾᛏᚱ᛬ᚴᛂᛁᛏᛁᛚ.png,w0,325,lir iaruntr keitil,ᛚᛁᚱ᛬ᛁᛅᚱᚢᚾᛏᚱ᛬ᚴᛂᛁᛏᛁᛚ,16,synth,train
syn_w0_000325_stin_uastr_ᛋᛏᛁᚾ᛬ᚢᛅᛋᛏᚱ.png,w0,325,stin uastr,ᛋᛏᛁᚾ᛬ᚢᛅᛋᛏᚱ,9,synth,train
syn_w0_000326_hafn_ᚼᛅᚠᚾ.png,w0,326,hafn,ᚼᛅᚠᚾ,4,synth,train
syn_w0_000326_iurunt_ᛁᚢᚱᚢᚾᛏ.png,w0,326,iurunt,ᛁᚢᚱᚢᚾᛏ,6,synth,train
syn_w0_000326_tua_ᛏᚢᛅ.png,w0,326,tua,ᛏᚢᛅ,3,synth,train
syn_w0_000326_þiRa_sten_ᚦᛁᛦᛅ᛬ᛋᛏᛂᚾ.png,w0,326,þiRa sten,ᚦᛁᛦᛅ᛬ᛋᛏᛂᚾ,8,synth,train
syn_w0_000327_ainiutr_asbiarn_kuþ_knu_ᛅᛁᚾᛁᚢᛏᚱ᛬ᛅᛋᛒᛁᛅᚱᚾ᛬ᚴᚢᚦ᛬ᚴᚾᚢ.png,w0,327,ainiutr asbiarn kuþ knu,ᛅᛁᚾᛁᚢᛏᚱ᛬ᛅᛋᛒᛁᛅᚱᚾ᛬ᚴᚢᚦ᛬ᚴᚾᚢ,20,synth,train
syn_w0_000327_giara_mari_ᚵᛁᛅᚱᛅ᛬ᛘᛅᚱᛁ.png,w0,327,giara mari,ᚵᛁᛅᚱᛅ᛬ᛘᛅᚱᛁ,9,synth,train
syn_w0_000327_nosst_þino_ᚾᚮᛋᛋᛏ᛬ᚦᛁᚾᚮ.png,w0,327,nosst þino,ᚾᚮᛋᛋᛏ᛬ᚦᛁᚾᚮ,9,synth,train
syn_w0_000327_þinsa_alan_fin_ᚦᛁᚾᛋᛅ᛬ᛅᛚᛅᚾ᛬ᚠᛁᚾ.png,w0,327,þinsa alan fin,ᚦᛁᚾᛋᛅ᛬ᛅᛚᛅᚾ᛬ᚠᛁᚾ,12,synth,test
syn_w0_000328_blena_ufir_þeta_finr_ᛒᛚᛂᚾᛅ᛬ᚢᚠᛁᚱ᛬ᚦᛂᛏᛅ᛬ᚠᛁᚾᚱ.png,w0,328,blena ufir þeta finr,ᛒᛚᛂᚾᛅ᛬ᚢᚠᛁᚱ᛬ᚦᛂᛏᛅ᛬ᚠᛁᚾᚱ,17,synth,train
syn_w0_000328_faþur_ᚠᛅᚦᚢᚱ.png,w0,328,faþur,ᚠᛅᚦᚢᚱ,5,synth,train
syn_w0_000328_kira_ᚴᛁᚱᛅ.png,w0,328,kira,ᚴᛁᚱᛅ,4,synth,train
syn_w0_000328_risþu_siok_ᚱᛁᛋᚦᚢ᛬ᛋᛁᚮᚴ.png,w0,328,risþu siok,ᚱᛁᛋᚦᚢ᛬ᛋᛁᚮᚴ,9,synth,test
syn_w0_000329_byryþr_ᛒᚤᚱᚤᚦᚱ.png,w0,329,byryþr,ᛒᚤᚱᚤᚦᚱ,6,synth,train
syn_w0_000329_hit_trakia_ᚼᛁᛏ᛬ᛏᚱᛅᚴᛁᛅ.png,w0,329,hit trakia,ᚼᛁᛏ᛬ᛏᚱᛅᚴᛁᛅ,9,synth,val
syn_w0_000329_tiR_nur_ᛏᛁᛦ᛬ᚾᚢᚱ.png,w0,329,tiR nur,ᛏᛁᛦ᛬ᚾᚢᚱ,6,synth,train
syn_w0_000329_þou_ᚦᚮᚢ.png,w0,329,þou,ᚦᚮᚢ,3,synth,train
syn_w0_000330_hin_bus_gyghia_ᚼᛁᚾ᛬ᛒᚢᛋ᛬ᚵᚤᚵᚼᛁᛅ.png,w0,330,hin bus gyghia,ᚼᛁᚾ᛬ᛒᚢᛋ᛬ᚵᚤᚵᚼᛁᛅ,12,synth,train
syn_w0_000330_ufag_ᚢᚠᛅᚵ.png,w0,330,ufag,ᚢᚠᛅᚵ,4,synth,train
syn_w0_000330_ulfR_suina_rgretu_lakþi_ᚢᛚᚠᛦ᛬ᛋᚢᛁᚾᛅ᛬ᚱᚵᚱᛂᛏᚢ᛬ᛚᛅᚴᚦᛁ.png,w0,330,ulfR suina rgretu lakþi,ᚢᛚᚠᛦ᛬ᛋᚢᛁᚾᛅ᛬ᚱᚵᚱᛂᛏᚢ᛬ᛚᛅᚴᚦᛁ,20,synth,train
syn_w0_000330_þins_sain_kuni_laþu_ᚦᛁᚾᛋ᛬ᛋᛅᛁᚾ᛬ᚴᚢᚾᛁ᛬ᛚᛅᚦᚢ.png,w0,330,þins sain kuni laþu,ᚦᛁᚾᛋ᛬ᛋᛅᛁᚾ᛬ᚴᚢᚾᛁ᛬ᛚᛅᚦᚢ,16,synth,test
syn_w0_000331_eftiR_ueþralti_þeiri_ᛂᚠᛏᛁᛦ᛬ᚢᛂᚦᚱᛅᛚᛏᛁ᛬ᚦᛂᛁᚱᛁ.png,w0,331,eftiR ueþralti þeiri,ᛂᚠᛏᛁᛦ᛬ᚢᛂᚦᚱᛅᛚᛏᛁ᛬ᚦᛂᛁᚱᛁ,18,synth,train
syn_w0_000331_hulmu_þorþr_þair_faþu_ᚼᚢᛚᛘᚢ᛬ᚦᚮᚱᚦᚱ᛬ᚦᛅᛁᚱ᛬ᚠᛅᚦᚢ.png,w0,331,hulmu þorþr þair faþu,ᚼᚢᛚᛘᚢ᛬ᚦᚮᚱᚦᚱ᛬ᚦᛅᛁᚱ᛬ᚠᛅᚦᚢ,18,synth,train
syn_w0_000331_krikum_ᚴᚱᛁᚴᚢᛘ.png,w0,331,krikum,ᚴᚱᛁᚴᚢᛘ,6,synth,train
syn_w0_000331_noar_ᚾᚮᛅᚱ.png,w0,331,noar,ᚾᚮᛅᚱ,4,synth,test
syn_w0_000332_kinla_ukis_friþi_ᚴᛁᚾᛚᛅ᛬ᚢᚴᛁᛋ᛬ᚠᚱᛁᚦᛁ.png,w0,332,kinla ukis friþi,ᚴᛁᚾᛚᛅ᛬ᚢᚴᛁᛋ᛬ᚠᚱᛁᚦᛁ,14,synth,train
syn_w0_000332_lonti_unr_raisti_ᛚᚮᚾᛏᛁ᛬ᚢᚾᚱ᛬ᚱᛅᛁᛋᛏᛁ.png,w0,332,lonti unr raisti,ᛚᚮᚾᛏᛁ᛬ᚢᚾᚱ᛬ᚱᛅᛁᛋᛏᛁ,14,synth,train
syn_w0_000332_onems_þaisi_iafurfost_ᚮᚾᛂᛘᛋ᛬ᚦᛅᛁᛋᛁ᛬ᛁᛅᚠᚢᚱᚠᚮᛋᛏ.png,w0,332,onems þaisi iafurfost,ᚮᚾᛂᛘᛋ᛬ᚦᛅᛁᛋᛁ᛬ᛁᛅᚠᚢᚱᚠᚮᛋᛏ,19,synth,train
syn_w0_000332_uani_kus_til_miR_ᚢᛅᚾᛁ᛬ᚴᚢᛋ᛬ᛏᛁᛚ᛬ᛘᛁᛦ.png,w0,332,uani kus til miR,ᚢᛅᚾᛁ᛬ᚴᚢᛋ᛬ᛏᛁᛚ᛬ᛘᛁᛦ,13,synth,train
syn_w0_000333_als_kuþuaukaR_liknuiar_litsi_ᛅᛚᛋ᛬ᚴᚢᚦᚢᛅᚢᚴᛅᛦ᛬ᛚᛁᚴᚾᚢᛁᛅᚱ᛬ᛚᛁᛏᛋᛁ.png,w0,333,als kuþuaukaR liknuiar litsi,ᛅᛚᛋ᛬ᚴᚢᚦᚢᛅᚢᚴᛅᛦ᛬ᛚᛁᚴᚾᚢᛁᛅᚱ᛬ᛚᛁᛏᛋᛁ,25,synth,train
syn_w0_000333_biur_ᛒᛁᚢᚱ.png,w0,333,biur,ᛒᛁᚢᚱ,4,synth,train
syn_w0_000333_iluki_isin_stenmerki_ustr_ᛁᛚᚢᚴᛁ᛬ᛁᛋᛁᚾ᛬ᛋᛏᛂᚾᛘᛂᚱᚴᛁ᛬ᚢᛋᛏᚱ.png,w0,333,iluki isin stenmerki ustr,ᛁᛚᚢᚴᛁ᛬ᛁᛋᛁᚾ᛬ᛋᛏᛂᚾᛘᛂᚱᚴᛁ᛬ᚢᛋᛏᚱ,22,synth,train
syn_w0_000333_þansi_tabu_ᚦᛅᚾᛋᛁ᛬ᛏᛅᛒᚢ.png,w0,333,þansi tabu,ᚦᛅᚾᛋᛁ᛬ᛏᛅᛒᚢ,9,synth,train
syn_w0_000334_kulauh_miR_ulkil_ᚴᚢᛚᛅᚢᚼ᛬ᛘᛁᛦ᛬ᚢᛚᚴᛁᛚ.png,w0,334,kulauh miR ulkil,ᚴᚢᛚᛅᚢᚼ᛬ᛘᛁᛦ᛬ᚢᛚᚴᛁᛚ,14,synth,train
syn_w0_000334_sbarlu_ᛋᛒᛅᚱᛚᚢ.png,w0,334,sbarlu,ᛋᛒᛅᚱᛚᚢ,6,synth,train
syn_w0_000334_ulf_suta_stein_ᚢᛚᚠ᛬ᛋᚢᛏᛅ᛬ᛋᛏᛂᛁᚾ.png,w0,334,ulf suta stein,ᚢᛚᚠ᛬ᛋᚢᛏᛅ᛬ᛋᛏᛂᛁᚾ,12,synth,train
syn_w0_000334_utfaru_ulfuiþ_resþi_merilit_ᚢᛏᚠᛅᚱᚢ᛬ᚢᛚᚠᚢᛁᚦ᛬ᚱᛂᛋᚦᛁ᛬ᛘᛂᚱᛁᛚᛁᛏ.png,w0,334,utfaru ulfuiþ resþi merilit,ᚢᛏᚠᛅᚱᚢ᛬ᚢᛚᚠᚢᛁᚦ᛬ᚱᛂᛋᚦᛁ᛬ᛘᛂᚱᛁᛚᛁᛏ,24,synth,train
syn_w0_000335_crru_þaim_roþkais_ᛍᚱᚱᚢ᛬ᚦᛅᛁᛘ᛬ᚱᚮᚦᚴᛅᛁᛋ.png,w0,335,crru þaim roþkais,ᛍᚱᚱᚢ᛬ᚦᛅᛁᛘ᛬ᚱᚮᚦᚴᛅᛁᛋ,15,synth,train
syn_w0_000335_fuþ_asm_selfan_ᚠᚢᚦ᛬ᛅᛋᛘ᛬ᛋᛂᛚᚠᛅᚾ.png,w0,335,fuþ asm selfan,ᚠᚢᚦ᛬ᛅᛋᛘ᛬ᛋᛂᛚᚠᛅᚾ,12,synth,val
syn_w0_000335_raistu_arni_ibiurn_skref_ᚱᛅᛁᛋᛏᚢ᛬ᛅᚱᚾᛁ᛬ᛁᛒᛁᚢᚱᚾ᛬ᛋᚴᚱᛂᚠ.png,w0,335,raistu arni ibiurn skref,ᚱᛅᛁᛋᛏᚢ᛬ᛅᚱᚾᛁ᛬ᛁᛒᛁᚢᚱᚾ᛬ᛋᚴᚱᛂᚠ,21,synth,test
syn_w0_000335_riþi_ᚱᛁᚦᛁ.png,w0,335,riþi,ᚱᛁᚦᛁ,4,synth,train
syn_w0_000336_aslacar_ᛅᛋᛚᛅᛍᛅᚱ.png,w0,336,aslacar,ᛅᛋᛚᛅᛍᛅᚱ,7,synth,val
syn_w0_000336_erlaifr_þni_ᛂᚱᛚᛅᛁᚠᚱ᛬ᚦᚾᛁ.png,w0,336,erlaifr þni,ᛂᚱᛚᛅᛁᚠᚱ᛬ᚦᚾᛁ,10,synth,train
syn_w0_000336_kmik_ᚴᛘᛁᚴ.png,w0,336,kmik,ᚴᛘᛁᚴ,4,synth,train
syn_w0_000336_uruku_sin_sialiR_fuþorkhniastb_ᚢᚱᚢᚴᚢ᛬ᛋᛁᚾ᛬ᛋᛁᛅᛚᛁᛦ᛬ᚠᚢᚦᚮᚱᚴᚼᚾᛁᛅᛋᛏᛒ.png,w0,336,uruku sin sialiR fuþorkhniastb,ᚢᚱᚢᚴᚢ᛬ᛋᛁᚾ᛬ᛋᛁᛅᛚᛁᛦ᛬ᚠᚢᚦᚮᚱᚴᚼᚾᛁᛅᛋᛏᛒ,27,synth,train
syn_w0_000337_ihuiþr_ᛁᚼᚢᛁᚦᚱ.png,w0,337,ihuiþr,ᛁᚼᚢᛁᚦᚱ,6,synth,train
syn_w0_000337_karua_ᚴᛅᚱᚢᛅ.png,w0,337,karua,ᚴᛅᚱᚢᛅ,5,synth,train
syn_w0_000337_kefluk_þeta_tre_ᚴᛂᚠᛚᚢᚴ᛬ᚦᛂᛏᛅ᛬ᛏᚱᛂ.png,w0,337,kefluk þeta tre,ᚴᛂᚠᛚᚢᚴ᛬ᚦᛂᛏᛅ᛬ᛏᚱᛂ,13,synth,test
syn_w0_000337_out_halkuþan_arebo_ᚮᚢᛏ᛬ᚼᛅᛚᚴᚢᚦᛅᚾ᛬ᛅᚱᛂᛒᚮ.png,w0,337,out halkuþan arebo,ᚮᚢᛏ᛬ᚼᛅᛚᚴᚢᚦᛅᚾ᛬ᛅᚱᛂᛒᚮ,16,synth,train
syn_w0_000338_faþur_frustin_rrn_ilati_ᚠᛅᚦᚢᚱ᛬ᚠᚱᚢᛋᛏᛁᚾ᛬ᚱᚱᚾ᛬ᛁᛚᛅᛏᛁ.png,w0,338,faþur frustin rrn ilati,ᚠᛅᚦᚢᚱ᛬ᚠᚱᚢᛋᛏᛁᚾ᛬ᚱᚱᚾ᛬ᛁᛚᛅᛏᛁ,20,synth,train
syn_w0_000338_irikr_guþ_ᛁᚱᛁᚴᚱ᛬ᚵᚢᚦ.png,w0,338,irikr guþ,ᛁᚱᛁᚴᚱ᛬ᚵᚢᚦ,8,synth,train
syn_w0_000338_uir_ᚢᛁᚱ.png,w0,338,uir,ᚢᛁᚱ,3,synth,train
syn_w0_000338_þonsi_skari_ulfua_hanarst_ᚦᚮᚾᛋᛁ᛬ᛋᚴᛅᚱᛁ᛬ᚢᛚᚠᚢᛅ᛬ᚼᛅᚾᛅᚱᛋᛏ.png,w0,338,þonsi skari ulfua hanarst,ᚦᚮᚾᛋᛁ᛬ᛋᚴᛅᚱᛁ᛬ᚢᛚᚠᚢᛅ᛬ᚼᛅᚾᛅᚱᛋᛏ,22,synth,val
syn_w0_000339_ata_osmunt_ᛅᛏᛅ᛬ᚮᛋᛘᚢᚾᛏ.png,w0,339,ata osmunt,ᛅᛏᛅ᛬ᚮᛋᛘᚢᚾᛏ,9,synth,train
syn_w0_000339_auk_riska_ᛅᚢᚴ᛬ᚱᛁᛋᚴᛅ.png,w0,339,auk riska,ᛅᚢᚴ᛬ᚱᛁᛋᚴᛅ,8,synth,train
syn_w0_000339_sain_lti_ᛋᛅᛁᚾ᛬ᛚᛏᛁ.png,w0,339,sain lti,ᛋᛅᛁᚾ᛬ᛚᛏᛁ,7,synth,train
syn_w0_000339_þita_ᚦᛁᛏᛅ.png,w0,339,þita,ᚦᛁᛏᛅ,4,synth,train
syn_w0_000340_iaru_ᛁᛅᚱᚢ.png,w0,340,iaru,ᛁᛅᚱᚢ,4,synth,train
syn_w0_000340_kunbiarn_intesede_ᚴᚢᚾᛒᛁᛅᚱᚾ᛬ᛁᚾᛏᛂᛋᛂᛑᛂ.png,w0,340,kunbiarn intesede,ᚴᚢᚾᛒᛁᛅᚱᚾ᛬ᛁᚾᛏᛂᛋᛂᛑᛂ,16,synth,train
syn_w0_000340_oliR_ᚮᛚᛁᛦ.png,w0,340,oliR,ᚮᛚᛁᛦ,4,synth,train
syn_w0_000340_yftir_rotne_ᚤᚠᛏᛁᚱ᛬ᚱᚮᛏᚾᛂ.png,w0,340,yftir rotne,ᚤᚠᛏᛁᚱ᛬ᚱᚮᛏᚾᛂ,10,synth,train
syn_w0_000341_iærlæ_þrutaR_runa_esbiarn_ᛁᚫᚱᛚᚫ᛬ᚦᚱᚢᛏᛅᛦ᛬ᚱᚢᚾᛅ᛬ᛂᛋᛒᛁᛅᚱᚾ.png,w0,341,iærlæ þrutaR runa esbiarn,ᛁᚫᚱᛚᚫ᛬ᚦᚱᚢᛏᛅᛦ᛬ᚱᚢᚾᛅ᛬ᛂᛋᛒᛁᛅᚱᚾ,22,synth,train
syn_w0_000341_karsi_uirlanti_ial_sikraif_ᚴᛅᚱᛋᛁ᛬ᚢᛁᚱᛚᛅᚾᛏᛁ᛬ᛁᛅᛚ᛬ᛋᛁᚴᚱᛅᛁᚠ.png,w0,341,karsi uirlanti ial sikraif,ᚴᛅᚱᛋᛁ᛬ᚢᛁᚱᛚᛅᚾᛏᛁ᛬ᛁᛅᛚ᛬ᛋᛁᚴᚱᛅᛁᚠ,23,synth,train
syn_w0_000341_lagþ_sikhialmr_fyri_fastar_ᛚᛅᚵᚦ᛬ᛋᛁᚴᚼᛁᛅᛚᛘᚱ᛬ᚠᚤᚱᛁ᛬ᚠᛅᛋᛏᛅᚱ.png,w0,341,lagþ sikhialmr fyri fastar,ᛚᛅᚵᚦ᛬ᛋᛁᚴᚼᛁᛅᛚᛘᚱ᛬ᚠᚤᚱᛁ᛬ᚠᛅᛋᛏᛅᚱ,23,synth,train
syn_w0_000341_purut_aut_sko_ᛔᚢᚱᚢᛏ᛬ᛅᚢᛏ᛬ᛋᚴᚮ.png,w0,341,purut aut sko,ᛔᚢᚱᚢᛏ᛬ᛅᚢᛏ᛬ᛋᚴᚮ,11,synth,train
syn_w0_000342_aft_ufteR_ᛅᚠᛏ᛬ᚢᚠᛏᛂᛦ.png,w0,342,aft ufteR,ᛅᚠᛏ᛬ᚢᚠᛏᛂᛦ,8,synth,train
syn_w0_000342_benatit_dyrum_uarþ_æcsi_ᛒᛂᚾᛅᛏᛁᛏ᛬ᛑᚤᚱᚢᛘ᛬ᚢᛅᚱᚦ᛬ᚫᛍᛋᛁ.png,w0,342,benatit dyrum uarþ æcsi,ᛒᛂᚾᛅᛏᛁᛏ᛬ᛑᚤᚱᚢᛘ᛬ᚢᛅᚱᚦ᛬ᚫᛍᛋᛁ,20,synth,train
syn_w0_000342_eft_ᛂᚠᛏ.png,w0,342,eft,ᛂᚠᛏ,3,synth,train
syn_w0_000342_eller_uniþik_anu_ᛂᛚᛚᛂᚱ᛬ᚢᚾᛁᚦᛁᚴ᛬ᛅᚾᚢ.png,w0,342,eller uniþik anu,ᛂᛚᛚᛂᚱ᛬ᚢᚾᛁᚦᛁᚴ᛬ᛅᚾᚢ,14,synth,train
syn_w0_000343_botraif_tiR_þor_iarl_ᛒᚮᛏᚱᛅᛁᚠ᛬ᛏᛁᛦ᛬ᚦᚮᚱ᛬ᛁᛅᚱᛚ.png,w0,343,botraif tiR þor iarl,ᛒᚮᛏᚱᛅᛁᚠ᛬ᛏᛁᛦ᛬ᚦᚮᚱ᛬ᛁᛅᚱᛚ,17,synth,train
syn_w0_000343_emink_æinar_ᛂᛘᛁᚾᚴ᛬ᚫᛁᚾᛅᚱ.png,w0,343,emink æinar,ᛂᛘᛁᚾᚴ᛬ᚫᛁᚾᛅᚱ,10,synth,train
syn_w0_000343_fraibiarn_sbankaR_kuþ_kulbi_ᚠᚱᛅᛁᛒᛁᛅᚱᚾ᛬ᛋᛒᛅᚾᚴᛅᛦ᛬ᚴᚢᚦ᛬ᚴᚢᛚᛒᛁ.png,w0,343,fraibiarn sbankaR kuþ kulbi,ᚠᚱᛅᛁᛒᛁᛅᚱᚾ᛬ᛋᛒᛅᚾᚴᛅᛦ᛬ᚴᚢᚦ᛬ᚴᚢᛚᛒᛁ,24,synth,val
syn_w0_000343_ualtrikr_ᚢᛅᛚᛏᚱᛁᚴᚱ.png,w0,343,ualtrikr,ᚢᛅᛚᛏᚱᛁᚴᚱ,8,synth,train
syn_w0_000344_funtin_aaa_ual_ᚠᚢᚾᛏᛁᚾ᛬ᛅᛅᛅ᛬ᚢᛅᛚ.png,w0,344,funtin aaa ual,ᚠᚢᚾᛏᛁᚾ᛬ᛅᛅᛅ᛬ᚢᛅᛚ,12,synth,train
syn_w0_000344_kirikium_oootttaaarrr_urnæ_þansi_ᚴᛁᚱᛁᚴᛁᚢᛘ᛬ᚮᚮᚮᛏᛏᛏᛅᛅᛅᚱᚱᚱ᛬ᚢᚱᚾᚫ᛬ᚦᛅᚾᛋᛁ.png,w0,344,kirikium oootttaaarrr urnæ þansi,ᚴᛁᚱᛁᚴᛁᚢᛘ᛬ᚮᚮᚮᛏᛏᛏᛅᛅᛅᚱᚱᚱ᛬ᚢᚱᚾᚫ᛬ᚦᛅᚾᛋᛁ,29,synth,train
syn_w0_000344_moni_ᛘᚮᚾᛁ.png,w0,344,moni,ᛘᚮᚾᛁ,4,synth,train
syn_w0_000344_þis_þik_æsata_loþin_ᚦᛁᛋ᛬ᚦᛁᚴ᛬ᚫᛋᛅᛏᛅ᛬ᛚᚮᚦᛁᚾ.png,w0,344,þis þik æsata loþin,ᚦᛁᛋ᛬ᚦᛁᚴ᛬ᚫᛋᛅᛏᛅ᛬ᛚᚮᚦᛁᚾ,16,synth,train
syn_w0_000345_iaruntr_ufakRs_þurbun_ᛁᛅᚱᚢᚾᛏᚱ᛬ᚢᚠᛅᚴᛦᛋ᛬ᚦᚢᚱᛒᚢᚾ.png,w0,345,iaruntr ufakRs þurbun,ᛁᛅᚱᚢᚾᛏᚱ᛬ᚢᚠᛅᚴᛦᛋ᛬ᚦᚢᚱᛒᚢᚾ,19,synth,train
syn_w0_000345_iii_saR_ᛁᛁᛁ᛬ᛋᛅᛦ.png,w0,345,iii saR,ᛁᛁᛁ᛬ᛋᛅᛦ,6,synth,train
syn_w0_000345_likr_ᛚᛁᚴᚱ.png,w0,345,likr,ᛚᛁᚴᚱ,4,synth,train
syn_w0_000345_stainulfr_stain_runa_ᛋᛏᛅᛁᚾᚢᛚᚠᚱ᛬ᛋᛏᛅᛁᚾ᛬ᚱᚢᚾᛅ.png,w0,345,stainulfr stain runa,ᛋᛏᛅᛁᚾᚢᛚᚠᚱ᛬ᛋᛏᛅᛁᚾ᛬ᚱᚢᚾᛅ,18,synth,train
syn_w0_000346_lata_nesbiorn_ᛚᛅᛏᛅ᛬ᚾᛂᛋᛒᛁᚮᚱᚾ.png,w0,346,lata nesbiorn,ᛚᛅᛏᛅ᛬ᚾᛂᛋᛒᛁᚮᚱᚾ,12,synth,train
syn_w0_000346_saen_uahR_þai_stan_ᛋᛅᛂᚾ᛬ᚢᛅᚼᛦ᛬ᚦᛅᛁ᛬ᛋᛏᛅᚾ.png,w0,346,saen uahR þai stan,ᛋᛅᛂᚾ᛬ᚢᛅᚼᛦ᛬ᚦᛅᛁ᛬ᛋᛏᛅᚾ,15,synth,train
syn_w0_000346_tuki_tauþr_reisti_kRkum_ᛏᚢᚴᛁ᛬ᛏᛅᚢᚦᚱ᛬ᚱᛂᛁᛋᛏᛁ᛬ᚴᛦᚴᚢᛘ.png,w0,346,tuki tauþr reisti kRkum,ᛏᚢᚴᛁ᛬ᛏᛅᚢᚦᚱ᛬ᚱᛂᛁᛋᛏᛁ᛬ᚴᛦᚴᚢᛘ,20,synth,test
syn_w0_000346_þikn_oui_boanta_ᚦᛁᚴᚾ᛬ᚮᚢᛁ᛬ᛒᚮᛅᚾᛏᛅ.png,w0,346,þikn oui boanta,ᚦᛁᚴᚾ᛬ᚮᚢᛁ᛬ᛒᚮᛅᚾᛏᛅ,13,synth,train
syn_w0_000347_raisti_fyri_rok_kka_ᚱᛅᛁᛋᛏᛁ᛬ᚠᚤᚱᛁ᛬ᚱᚮᚴ᛬ᚴᚴᛅ.png,w0,347,raisti fyri rok kka,ᚱᛅᛁᛋᛏᛁ᛬ᚠᚤᚱᛁ᛬ᚱᚮᚴ᛬ᚴᚴᛅ,16,synth,train
syn_w0_000347_uim_ᚢᛁᛘ.png,w0,347,uim,ᚢᛁᛘ,3,synth,train
syn_w0_000347_ystin_risa_ryþr_ᚤᛋᛏᛁᚾ᛬ᚱᛁᛋᛅ᛬ᚱᚤᚦᚱ.png,w0,347,ystin risa ryþr,ᚤᛋᛏᛁᚾ᛬ᚱᛁᛋᛅ᛬ᚱᚤᚦᚱ,13,synth,train
syn_w0_000347_þisu_orar_nikulos_ᚦᛁᛋᚢ᛬ᚮᚱᛅᚱ᛬ᚾᛁᚴᚢᛚᚮᛋ.png,w0,347,þisu orar nikulos,ᚦᛁᛋᚢ᛬ᚮᚱᛅᚱ᛬ᚾᛁᚴᚢᛚᚮᛋ,15,synth,val
syn_w0_000348_ladu_osbirn_guþrs_ᛚᛅᛑᚢ᛬ᚮᛋᛒᛁᚱᚾ᛬ᚵᚢᚦᚱᛋ.png,w0,348,ladu osbirn guþrs,ᛚᛅᛑᚢ᛬ᚮᛋᛒᛁᚱᚾ᛬ᚵᚢᚦᚱᛋ,15,synth,train
syn_w0_000348_nisauit_huskarl_ᚾᛁᛋᛅᚢᛁᛏ᛬ᚼᚢᛋᚴᛅᚱᛚ.png,w0,348,nisauit huskarl,ᚾᛁᛋᛅᚢᛁᛏ᛬ᚼᚢᛋᚴᛅᚱᛚ,14,synth,train
syn_w0_000348_runar_ᚱᚢᚾᛅᚱ.png,w0,348,runar,ᚱᚢᚾᛅᚱ,5,synth,train
syn_w0_000348_seli_briuti_tot_ᛋᛂᛚᛁ᛬ᛒᚱᛁᚢᛏᛁ᛬ᛏᚮᛏ.png,w0,348,seli briuti tot,ᛋᛂᛚᛁ᛬ᛒᚱᛁᚢᛏᛁ᛬ᛏᚮᛏ,13,synth,val
syn_w0_000349_bunt_raisa_ᛒᚢᚾᛏ᛬ᚱᛅᛁᛋᛅ.png,w0,349,bunt raisa,ᛒᚢᚾᛏ᛬ᚱᛅᛁᛋᛅ,9,synth,train
syn_w0_000349_eft_ᛂᚠᛏ.png,w0,349,eft,ᛂᚠᛏ,3,synth,train
syn_w0_000349_hiar_isakr_ᚼᛁᛅᚱ᛬ᛁᛋᛅᚴᚱ.png,w0,349,hiar isakr,ᚼᛁᛅᚱ᛬ᛁᛋᛅᚴᚱ,9,synth,train
syn_w0_000349_spi_sina_ᛋᛔᛁ᛬ᛋᛁᚾᛅ.png,w0,349,spi sina,ᛋᛔᛁ᛬ᛋᛁᚾᛅ,7,synth,train
syn_w0_000350_ide_ikuari_heruþr_sefari_ᛁᛑᛂ᛬ᛁᚴᚢᛅᚱᛁ᛬ᚼᛂᚱᚢᚦᚱ᛬ᛋᛂᚠᛅᚱᛁ.png,w0,350,ide ikuari heruþr sefari,ᛁᛑᛂ᛬ᛁᚴᚢᛅᚱᛁ᛬ᚼᛂᚱᚢᚦᚱ᛬ᛋᛂᚠᛅᚱᛁ,21,synth,train
syn_w0_000351_eyfti_sþi_raistþi_ᛂᚤᚠᛏᛁ᛬ᛋᚦᛁ᛬ᚱᛅᛁᛋᛏᚦᛁ.png,w0,351,eyfti sþi raistþi,ᛂᚤᚠᛏᛁ᛬ᛋᚦᛁ᛬ᚱᛅᛁᛋᛏᚦᛁ,15,synth,train
syn_w0_000352_ihi_sam_ᛁᚼᛁ᛬ᛋᛅᛘ.png,w0,352,ihi sam,ᛁᚼᛁ᛬ᛋᛅᛘ,6,synth,train
syn_w0_000353_bruþur_fuþorkh_ᛒᚱᚢᚦᚢᚱ᛬ᚠᚢᚦᚮᚱᚴᚼ.png,w0,353,bruþur fuþorkh,ᛒᚱᚢᚦᚢᚱ᛬ᚠᚢᚦᚮᚱᚴᚼ,13,synth,train
syn_w0_000354_fila_ᚠᛁᛚᛅ.png,w0,354,fila,ᚠᛁᛚᛅ,4,synth,train
syn_w0_000355_upa_sarfa_lfas_ᚢᛔᛅ᛬ᛋᛅᚱᚠᛅ᛬ᛚᚠᛅᛋ.png,w0,355,upa sarfa lfas,ᚢᛔᛅ᛬ᛋᛅᚱᚠᛅ᛬ᛚᚠᛅᛋ,12,synth,train
syn_w0_000356_tiR_uafra_taka_ᛏᛁᛦ᛬ᚢᛅᚠᚱᛅ᛬ᛏᛅᚴᛅ.png,w0,356,tiR uafra taka,ᛏᛁᛦ᛬ᚢᛅᚠᚱᛅ᛬ᛏᛅᚴᛅ,12,synth,train
syn_w0_000357_snialan_man_ᛋᚾᛁᛅᛚᛅᚾ᛬ᛘᛅᚾ.png,w0,357,snialan man,ᛋᚾᛁᛅᛚᛅᚾ᛬ᛘᛅᚾ,10,synth,train
syn_w0_000358_alfrik_auk_ᛅᛚᚠᚱᛁᚴ᛬ᛅᚢᚴ.png,w0,358,alfrik auk,ᛅᛚᚠᚱᛁᚴ᛬ᛅᚢᚴ,9,synth,train
syn_w0_000359_staþi_skefnig_ᛋᛏᛅᚦᛁ᛬ᛋᚴᛂᚠᚾᛁᚵ.png,w0,359,staþi skefnig,ᛋᛏᛅᚦᛁ᛬ᛋᚴᛂᚠᚾᛁᚵ,12,synth,train
syn_w0_000360_lokus_iftiR_tuwa_ᛚᚮᚴᚢᛋ᛬ᛁᚠᛏᛁᛦ᛬ᛏᚢᚹᛅ.png,w0,360,lokus iftiR tuwa,ᛚᚮᚴᚢᛋ᛬ᛁᚠᛏᛁᛦ᛬ᛏᚢᚹᛅ,14,synth,train
syn_w0_000361_sin_ᛋᛁᚾ.png,w0,361,sin,ᛋᛁᚾ,3,synth,train
syn_w0_000362_einn_buki_hiolbi_urbiaurn_ᛂᛁᚾᚾ᛬ᛒᚢᚴᛁ᛬ᚼᛁᚮᛚᛒᛁ᛬ᚢᚱᛒᛁᛅᚢᚱᚾ.png,w0,362,einn buki hiolbi urbiaurn,ᛂᛁᚾᚾ᛬ᛒᚢᚴᛁ᛬ᚼᛁᚮᛚᛒᛁ᛬ᚢᚱᛒᛁᛅᚢᚱᚾ,22,synth,train
syn_w0_000363_sahks_þinsi_þrutaR_ᛋᛅᚼᚴᛋ᛬ᚦᛁᚾᛋᛁ᛬ᚦᚱᚢᛏᛅᛦ.png,w0,363,sahks þinsi þrutaR,ᛋᛅᚼᚴᛋ᛬ᚦᛁᚾᛋᛁ᛬ᚦᚱᚢᛏᛅᛦ,16,synth,train
syn_w0_000364_her_ᚼᛂᚱ.png,w0,364,her,ᚼᛂᚱ,3,synth,train
syn_w0_000365_fiakurum_lit_sbiut_tuka_ᚠᛁᛅᚴᚢᚱᚢᛘ᛬ᛚᛁᛏ᛬ᛋᛒᛁᚢᛏ᛬ᛏᚢᚴᛅ.png,w0,365,fiakurum lit sbiut tuka,ᚠᛁᛅᚴᚢᚱᚢᛘ᛬ᛚᛁᛏ᛬ᛋᛒᛁᚢᛏ᛬ᛏᚢᚴᛅ,20,synth,train
syn_w0_000366_staki_ᛋᛏᛅᚴᛁ.png,w0,366,staki,ᛋᛏᛅᚴᛁ,5,synth,train
syn_w0_000367_muaR_trabu_ᛘᚢᛅᛦ᛬ᛏᚱᛅᛒᚢ.png,w0,367,muaR trabu,ᛘᚢᛅᛦ᛬ᛏᚱᛅᛒᚢ,9,synth,train
syn_w0_000368_una_ria_rual_ᚢᚾᛅ᛬ᚱᛁᛅ᛬ᚱᚢᛅᛚ.png,w0,368,una ria rual,ᚢᚾᛅ᛬ᚱᛁᛅ᛬ᚱᚢᛅᛚ,10,synth,train
syn_w0_000369_silu_yftir_ᛋᛁᛚᚢ᛬ᚤᚠᛏᛁᚱ.png,w0,369,silu yftir,ᛋᛁᛚᚢ᛬ᚤᚠᛏᛁᚱ,9,synth,train
syn_w0_000370_fastulfR_lar_mot_kirkia_ᚠᛅᛋᛏᚢᛚᚠᛦ᛬ᛚᛅᚱ᛬ᛘᚮᛏ᛬ᚴᛁᚱᚴᛁᛅ.png,w0,370,fastulfR lar mot kirkia,ᚠᛅᛋᛏᚢᛚᚠᛦ᛬ᛚᛅᚱ᛬ᛘᚮᛏ᛬ᚴᛁᚱᚴᛁᛅ,20,synth,train
syn_w0_000371_ndskrift_aura_ᚾᛑᛋᚴᚱᛁᚠᛏ᛬ᛅᚢᚱᛅ.png,w0,371,ndskrift aura,ᚾᛑᛋᚴᚱᛁᚠᛏ᛬ᛅᚢᚱᛅ,12,synth,train
syn_w0_000372_eft_nriþi_ᛂᚠᛏ᛬ᚾᚱᛁᚦᛁ.png,w0,372,eft nriþi,ᛂᚠᛏ᛬ᚾᚱᛁᚦᛁ,8,synth,train
syn_w0_000373_eftir_ᛂᚠᛏᛁᚱ.png,w0,373,eftir,ᛂᚠᛏᛁᚱ,5,synth,train
syn_w0_000374_austerpy_ᛅᚢᛋᛏᛂᚱᛔᚤ.png,w0,374,austerpy,ᛅᚢᛋᛏᛂᚱᛔᚤ,8,synth,train
syn_w0_000375_krani_nai_hær_ᚴᚱᛅᚾᛁ᛬ᚾᛅᛁ᛬ᚼᚫᚱ.png,w0,375,krani nai hær,ᚴᚱᛅᚾᛁ᛬ᚾᛅᛁ᛬ᚼᚫᚱ,11,synth,test
syn_w0_000376_iurn_uar_lit_kuriþaR_ᛁᚢᚱᚾ᛬ᚢᛅᚱ᛬ᛚᛁᛏ᛬ᚴᚢᚱᛁᚦᛅᛦ.png,w0,376,iurn uar lit kuriþaR,ᛁᚢᚱᚾ᛬ᚢᛅᚱ᛬ᛚᛁᛏ᛬ᚴᚢᚱᛁᚦᛅᛦ,17,synth,val
syn_w0_000377_sati_giarþe_mic_ᛋᛅᛏᛁ᛬ᚵᛁᛅᚱᚦᛂ᛬ᛘᛁᛍ.png,w0,377,sati giarþe mic,ᛋᛅᛏᛁ᛬ᚵᛁᛅᚱᚦᛂ᛬ᛘᛁᛍ,13,synth,train
syn_w0_000378_bonta_ᛒᚮᚾᛏᛅ.png,w0,378,bonta,ᛒᚮᚾᛏᛅ,5,synth,train
syn_w0_000379_þurstin_uaralt_uiþur_ᚦᚢᚱᛋᛏᛁᚾ᛬ᚢᛅᚱᛅᛚᛏ᛬ᚢᛁᚦᚢᚱ.png,w0,379,þurstin uaralt uiþur,ᚦᚢᚱᛋᛏᛁᚾ᛬ᚢᛅᚱᛅᛚᛏ᛬ᚢᛁᚦᚢᚱ,18,synth,train
syn_w0_000380_biurn_fecit_botildær_ᛒᛁᚢᚱᚾ᛬ᚠᛂᛍᛁᛏ᛬ᛒᚮᛏᛁᛚᛑᚫᚱ.png,w0,380,biurn fecit botildær,ᛒᛁᚢᚱᚾ᛬ᚠᛂᛍᛁᛏ᛬ᛒᚮᛏᛁᛚᛑᚫᚱ,18,synth,test
syn_w0_000381_lfR_ᛚᚠᛦ.png,w0,381,lfR,ᛚᚠᛦ,3,synth,train
syn_w0_000382_sialu_oun_auab_ᛋᛁᛅᛚᚢ᛬ᚮᚢᚾ᛬ᛅᚢᛅᛒ.png,w0,382,sialu oun auab,ᛋᛁᛅᛚᚢ᛬ᚮᚢᚾ᛬ᛅᚢᛅᛒ,12,synth,train
syn_w0_000383_gislar_salu_fuluki_ᚵᛁᛋᛚᛅᚱ᛬ᛋᛅᛚᚢ᛬ᚠᚢᛚᚢᚴᛁ.png,w0,383,gislar salu fuluki,ᚵᛁᛋᛚᛅᚱ᛬ᛋᛅᛚᚢ᛬ᚠᚢᛚᚢᚴᛁ,16,synth,train
syn_w0_000384_þna_mmmmmmmmmmmmmmmmmm_hbbh_kiara_ᚦᚾᛅ᛬ᛘᛘᛘᛘᛘᛘᛘᛘᛘᛘᛘᛘᛘᛘᛘᛘᛘᛘ᛬ᚼᛒᛒᚼ᛬ᚴᛁᛅᚱᛅ.png,w0,384,þna mmmmmmmmmmmmmmmmmm hbbh kiara,ᚦᚾᛅ᛬ᛘᛘᛘᛘᛘᛘᛘᛘᛘᛘᛘᛘᛘᛘᛘᛘᛘᛘ᛬ᚼᛒᛒᚼ᛬ᚴᛁᛅᚱᛅ,30,synth,train
syn_w0_000385_keni_ᚴᛂᚾᛁ.png,w0,385,keni,ᚴᛂᚾᛁ,4,synth,train
syn_w0_000386_þorfastr_aku_auk_ᚦᚮᚱᚠᛅᛋᛏᚱ᛬ᛅᚴᚢ᛬ᛅᚢᚴ.png,w0,386,þorfastr aku auk,ᚦᚮᚱᚠᛅᛋᛏᚱ᛬ᛅᚴᚢ᛬ᛅᚢᚴ,14,synth,train
syn_w0_000387_risa_karli_aftiR_kuina_ᚱᛁᛋᛅ᛬ᚴᛅᚱᛚᛁ᛬ᛅᚠᛏᛁᛦ᛬ᚴᚢᛁᚾᛅ.png,w0,387,risa karli aftiR kuina,ᚱᛁᛋᛅ᛬ᚴᛅᚱᛚᛁ᛬ᛅᚠᛏᛁᛦ᛬ᚴᚢᛁᚾᛅ,19,synth,train
syn_w0_000388_iftR_feþrka_naþi_rsti_ᛁᚠᛏᛦ᛬ᚠᛂᚦᚱᚴᛅ᛬ᚾᛅᚦᛁ᛬ᚱᛋᛏᛁ.png,w0,388,iftR feþrka naþi rsti,ᛁᚠᛏᛦ᛬ᚠᛂᚦᚱᚴᛅ᛬ᚾᛅᚦᛁ᛬ᚱᛋᛏᛁ,18,synth,train
syn_w0_000389_aue_ᛅᚢᛂ.png,w0,389,aue,ᛅᚢᛂ,3,synth,train
syn_w0_000390_tuþr_ristit_crist_biorn_ᛏᚢᚦᚱ᛬ᚱᛁᛋᛏᛁᛏ᛬ᛍᚱᛁᛋᛏ᛬ᛒᛁᚮᚱᚾ.png,w0,390,tuþr ristit crist biorn,ᛏᚢᚦᚱ᛬ᚱᛁᛋᛏᛁᛏ᛬ᛍᚱᛁᛋᛏ᛬ᛒᛁᚮᚱᚾ,20,synth,train
syn_w0_000391_asur_ᛅᛋᚢᚱ.png,w0,391,asur,ᛅᛋᚢᚱ,4,synth,train
syn_w0_000392_etiR_kaR_ᛂᛏᛁᛦ᛬ᚴᛅᛦ.png,w0,392,etiR kaR,ᛂᛏᛁᛦ᛬ᚴᛅᛦ,7,synth,val
syn_w0_000393_saul_asmutær_ghikl_ᛋᛅᚢᛚ᛬ᛅᛋᛘᚢᛏᚫᚱ᛬ᚵᚼᛁᚴᛚ.png,w0,393,saul asmutær ghikl,ᛋᛅᚢᛚ᛬ᛅᛋᛘᚢᛏᚫᚱ᛬ᚵᚼᛁᚴᛚ,16,synth,train
syn_w0_000394_ainiutr_ntils_uirt_oln_ᛅᛁᚾᛁᚢᛏᚱ᛬ᚾᛏᛁᛚᛋ᛬ᚢᛁᚱᛏ᛬ᚮᛚᚾ.png,w0,394,ainiutr ntils uirt oln,ᛅᛁᚾᛁᚢᛏᚱ᛬ᚾᛏᛁᛚᛋ᛬ᚢᛁᚱᛏ᛬ᚮᛚᚾ,19,synth,train
syn_w0_000395_alkuþan_efti_ᛅᛚᚴᚢᚦᛅᚾ᛬ᛂᚠᛏᛁ.png,w0,395,alkuþan efti,ᛅᛚᚴᚢᚦᛅᚾ᛬ᛂᚠᛏᛁ,11,synth,train
syn_w0_000396_ristu_hnias_dæi_kera_ᚱᛁᛋᛏᚢ᛬ᚼᚾᛁᛅᛋ᛬ᛑᚫᛁ᛬ᚴᛂᚱᛅ.png,w0,396,ristu hnias dæi kera,ᚱᛁᛋᛏᚢ᛬ᚼᚾᛁᛅᛋ᛬ᛑᚫᛁ᛬ᚴᛂᚱᛅ,17,synth,train
syn_w0_000397_uahR_rtr_lank_uoil_ᚢᛅᚼᛦ᛬ᚱᛏᚱ᛬ᛚᛅᚾᚴ᛬ᚢᚮᛁᛚ.png,w0,397,uahR rtr lank uoil,ᚢᛅᚼᛦ᛬ᚱᛏᚱ᛬ᛚᛅᚾᚴ᛬ᚢᚮᛁᛚ,15,synth,train
syn_w0_000398_karþi_ᚴᛅᚱᚦᛁ.png,w0,398,karþi,ᚴᛅᚱᚦᛁ,5,synth,train
syn_w0_000399_kuni_anut_boin_ᚴᚢᚾᛁ᛬ᛅᚾᚢᛏ᛬ᛒᚮᛁᚾ.png,w0,399,kuni anut boin,ᚴᚢᚾᛁ᛬ᛅᚾᚢᛏ᛬ᛒᚮᛁᚾ,12,synth,train
syn_w0_000400_fstkir_ᚠᛋᛏᚴᛁᚱ.png,w0,400,fstkir,ᚠᛋᛏᚴᛁᚱ,6,synth,train
syn_w0_000401_þonsi_kiari_ᚦᚮᚾᛋᛁ᛬ᚴᛁᛅᚱᛁ.png,w0,401,þonsi kiari,ᚦᚮᚾᛋᛁ᛬ᚴᛁᛅᚱᛁ,10,synth,train
syn_w0_000402_kunilt_risþi_rata_ᚴᚢᚾᛁᛚᛏ᛬ᚱᛁᛋᚦᛁ᛬ᚱᛅᛏᛅ.png,w0,402,kunilt risþi rata,ᚴᚢᚾᛁᛚᛏ᛬ᚱᛁᛋᚦᛁ᛬ᚱᛅᛏᛅ,15,synth,train
syn_w0_000403_help_ᚼᛂᛚᛔ.png,w0,403,help,ᚼᛂᛚᛔ,4,synth,train
syn_w0_000404_liutr_kuþu_ᛚᛁᚢᛏᚱ᛬ᚴᚢᚦᚢ.png,w0,404,liutr kuþu,ᛚᛁᚢᛏᚱ᛬ᚴᚢᚦᚢ,9,synth,train
syn_w0_000405_stain_kul_helka_ᛋᛏᛅᛁᚾ᛬ᚴᚢᛚ᛬ᚼᛂᛚᚴᛅ.png,w0,405,stain kul helka,ᛋᛏᛅᛁᚾ᛬ᚴᚢᛚ᛬ᚼᛂᛚᚴᛅ,13,synth,train
syn_w0_000406_kallo_tas_ᚴᛅᛚᛚᚮ᛬ᛏᛅᛋ.png,w0,406,kallo tas,ᚴᛅᛚᛚᚮ᛬ᛏᛅᛋ,8,synth,train
syn_w0_000407_iki_ᛁᚴᛁ.png,w0,407,iki,ᛁᚴᛁ,3,synth,train
syn_w0_000408_niltaR_krus_ᚾᛁᛚᛏᛅᛦ᛬ᚴᚱᚢᛋ.png,w0,408,niltaR krus,ᚾᛁᛚᛏᛅᛦ᛬ᚴᚱᚢᛋ,10,synth,train
syn_w0_000409_kiRi_hru_blmR_ᚴᛁᛦᛁ᛬ᚼᚱᚢ᛬ᛒᛚᛘᛦ.png,w0,409,kiRi hru blmR,ᚴᛁᛦᛁ᛬ᚼᚱᚢ᛬ᛒᛚᛘᛦ,11,synth,train
syn_w0_000410_biargi_faþ_ᛒᛁᛅᚱᚵᛁ᛬ᚠᛅᚦ.png,w0,410,biargi faþ,ᛒᛁᛅᚱᚵᛁ᛬ᚠᛅᚦ,9,synth,test
syn_w0_000411_siulu_sun_rauþr_ᛋᛁᚢᛚᚢ᛬ᛋᚢᚾ᛬ᚱᛅᚢᚦᚱ.png,w0,411,siulu sun rauþr,ᛋᛁᚢᛚᚢ᛬ᛋᚢᚾ᛬ᚱᛅᚢᚦᚱ,13,synth,train
syn_w0_000412_lefuine_hanz_tuki_ᛚᛂᚠᚢᛁᚾᛂ᛬ᚼᛅᚾᛎ᛬ᛏᚢᚴᛁ.png,w0,412,lefuine hanz tuki,ᛚᛂᚠᚢᛁᚾᛂ᛬ᚼᛅᚾᛎ᛬ᛏᚢᚴᛁ,15,synth,train
syn_w0_000413_sihraifr_suarthþa_raisa_resa_ᛋᛁᚼᚱᛅᛁᚠᚱ᛬ᛋᚢᛅᚱᛏᚼᚦᛅ᛬ᚱᛅᛁᛋᛅ᛬ᚱᛂᛋᛅ.png,w0,413,sihraifr suarthþa raisa resa,ᛋᛁᚼᚱᛅᛁᚠᚱ᛬ᛋᚢᛅᚱᛏᚼᚦᛅ᛬ᚱᛅᛁᛋᛅ᛬ᚱᛂᛋᛅ,25,synth,train
syn_w0_000414_þur_ᚦᚢᚱ.png,w0,414,þur,ᚦᚢᚱ,3,synth,train
syn_w0_000415_eklanti_ᛂᚴᛚᛅᚾᛏᛁ.png,w0,415,eklanti,ᛂᚴᛚᛅᚾᛏᛁ,7,synth,train
syn_w0_000416_anpiorh_uaR_ᛅᚾᛔᛁᚮᚱᚼ᛬ᚢᛅᛦ.png,w0,416,anpiorh uaR,ᛅᚾᛔᛁᚮᚱᚼ᛬ᚢᛅᛦ,10,synth,train
syn_w0_000417_arfaitr_sin_usti_ᛅᚱᚠᛅᛁᛏᚱ᛬ᛋᛁᚾ᛬ᚢᛋᛏᛁ.png,w0,417,arfaitr sin usti,ᛅᚱᚠᛅᛁᛏᚱ᛬ᛋᛁᚾ᛬ᚢᛋᛏᛁ,14,synth,train
syn_w0_000418_rum_kaiRmuntr_ᚱᚢᛘ᛬ᚴᛅᛁᛦᛘᚢᚾᛏᚱ.png,w0,418,rum kaiRmuntr,ᚱᚢᛘ᛬ᚴᛅᛁᛦᛘᚢᚾᛏᚱ,12,synth,train
syn_w0_000419_hialbi_mik_uisiti_sihuiþr_ᚼᛁᛅᛚᛒᛁ᛬ᛘᛁᚴ᛬ᚢᛁᛋᛁᛏᛁ᛬ᛋᛁᚼᚢᛁᚦᚱ.png,w0,419,hialbi mik uisiti sihuiþr,ᚼᛁᛅᛚᛒᛁ᛬ᛘᛁᚴ᛬ᚢᛁᛋᛁᛏᛁ᛬ᛋᛁᚼᚢᛁᚦᚱ,22,synth,train
syn_w0_000420_iskir_maþios_tusa_ᛁᛋᚴᛁᚱ᛬ᛘᛅᚦᛁᚮᛋ᛬ᛏᚢᛋᛅ.png,w0,420,iskir maþios tusa,ᛁᛋᚴᛁᚱ᛬ᛘᛅᚦᛁᚮᛋ᛬ᛏᚢᛋᛅ,15,synth,train
syn_w0_000421_kuinu_ana_tik_ᚴᚢᛁᚾᚢ᛬ᛅᚾᛅ᛬ᛏᛁᚴ.png,w0,421,kuinu ana tik,ᚴᚢᛁᚾᚢ᛬ᛅᚾᛅ᛬ᛏᛁᚴ,11,synth,train
syn_w0_000422_rþa_ᚱᚦᛅ.png,w0,422,rþa,ᚱᚦᛅ,3,synth,train
syn_w0_000423_kirkiu_sibi_auk_ᚴᛁᚱᚴᛁᚢ᛬ᛋᛁᛒᛁ᛬ᛅᚢᚴ.png,w0,423,kirkiu sibi auk,ᚴᛁᚱᚴᛁᚢ᛬ᛋᛁᛒᛁ᛬ᛅᚢᚴ,13,synth,train
syn_w0_000424_Rtst_runa_ᛦᛏᛋᛏ᛬ᚱᚢᚾᛅ.png,w0,424,Rtst runa,ᛦᛏᛋᛏ᛬ᚱᚢᚾᛅ,8,synth,train
syn_w0_000425_uiþa_ᚢᛁᚦᛅ.png,w0,425,uiþa,ᚢᛁᚦᛅ,4,synth,train
syn_w0_000426_stokum_ᛋᛏᚮᚴᚢᛘ.png,w0,426,stokum,ᛋᛏᚮᚴᚢᛘ,6,synth,train
syn_w0_000427_rita_onut_ᚱᛁᛏᛅ᛬ᚮᚾᚢᛏ.png,w0,427,rita onut,ᚱᛁᛏᛅ᛬ᚮᚾᚢᛏ,8,synth,train
syn_w0_000428_intaþr_int_guþ_ᛁᚾᛏᛅᚦᚱ᛬ᛁᚾᛏ᛬ᚵᚢᚦ.png,w0,428,intaþr int guþ,ᛁᚾᛏᛅᚦᚱ᛬ᛁᚾᛏ᛬ᚵᚢᚦ,12,synth,train
syn_w0_000429_hrinsniþla_raistu_fyri_ᚼᚱᛁᚾᛋᚾᛁᚦᛚᛅ᛬ᚱᛅᛁᛋᛏᚢ᛬ᚠᚤᚱᛁ.png,w0,429,hrinsniþla raistu fyri,ᚼᚱᛁᚾᛋᚾᛁᚦᛚᛅ᛬ᚱᛅᛁᛋᛏᚢ᛬ᚠᚤᚱᛁ,20,synth,train
syn_w0_000430_haima_ᚼᛅᛁᛘᛅ.png,w0,430,haima,ᚼᛅᛁᛘᛅ,5,synth,val
syn_w0_000431_smiþur_ᛋᛘᛁᚦᚢᚱ.png,w0,431,smiþur,ᛋᛘᛁᚦᚢᚱ,6,synth,test
syn_w0_000432_mudløg_þua_iai_stątR_ᛘᚢᛑᛚᚯᚵ᛬ᚦᚢᛅ᛬ᛁᛅᛁ᛬ᛋᛏᚬᛏᛦ.png,w0,432,mudløg þua iai stątR,ᛘᚢᛑᛚᚯᚵ᛬ᚦᚢᛅ᛬ᛁᛅᛁ᛬ᛋᛏᚬᛏᛦ,17,synth,train
syn_w0_000433_sbialbuþi_ikuars_birt_ᛋᛒᛁᛅᛚᛒᚢᚦᛁ᛬ᛁᚴᚢᛅᚱᛋ᛬ᛒᛁᚱᛏ.png,w0,433,sbialbuþi ikuars birt,ᛋᛒᛁᛅᛚᛒᚢᚦᛁ᛬ᛁᚴᚢᛅᚱᛋ᛬ᛒᛁᚱᛏ,19,synth,train
syn_w0_000434_mia_þen_ᛘᛁᛅ᛬ᚦᛂᚾ.png,w0,434,mia þen,ᛘᛁᛅ᛬ᚦᛂᚾ,6,synth,train
syn_w0_000435_inkriþ_reisa_broþur_kunu_ᛁᚾᚴᚱᛁᚦ᛬ᚱᛂᛁᛋᛅ᛬ᛒᚱᚮᚦᚢᚱ᛬ᚴᚢᚾᚢ.png,w0,435,inkriþ reisa broþur kunu,ᛁᚾᚴᚱᛁᚦ᛬ᚱᛂᛁᛋᛅ᛬ᛒᚱᚮᚦᚢᚱ᛬ᚴᚢᚾᚢ,21,synth,train
syn_w0_000436_ruþur_ont_ᚱᚢᚦᚢᚱ᛬ᚮᚾᛏ.png,w0,436,ruþur ont,ᚱᚢᚦᚢᚱ᛬ᚮᚾᛏ,8,synth,train
syn_w0_000437_kiara_katrin_itki_ᚴᛁᛅᚱᛅ᛬ᚴᛅᛏᚱᛁᚾ᛬ᛁᛏᚴᛁ.png,w0,437,kiara katrin itki,ᚴᛁᛅᚱᛅ᛬ᚴᛅᛏᚱᛁᚾ᛬ᛁᛏᚴᛁ,15,synth,train
syn_w0_000438_þet_uiþur_aþisl_ᚦᛂᛏ᛬ᚢᛁᚦᚢᚱ᛬ᛅᚦᛁᛋᛚ.png,w0,438,þet uiþur aþisl,ᚦᛂᛏ᛬ᚢᛁᚦᚢᚱ᛬ᛅᚦᛁᛋᛚ,13,synth,test
syn_w0_000439_haimaltr_haursi_ᚼᛅᛁᛘᛅᛚᛏᚱ᛬ᚼᛅᚢᚱᛋᛁ.png,w0,439,haimaltr haursi,ᚼᛅᛁᛘᛅᛚᛏᚱ᛬ᚼᛅᚢᚱᛋᛁ,14,synth,train
syn_w0_000440_tueir_muþiR_ᛏᚢᛂᛁᚱ᛬ᛘᚢᚦᛁᛦ.png,w0,440,tueir muþiR,ᛏᚢᛂᛁᚱ᛬ᛘᚢᚦᛁᛦ,10,synth,train
syn_w0_000441_þaR_uaR_ketilfas_ysti_ᚦᛅᛦ᛬ᚢᛅᛦ᛬ᚴᛂᛏᛁᛚᚠᛅᛋ᛬ᚤᛋᛏᛁ.png,w0,441,þaR uaR ketilfas ysti,ᚦᛅᛦ᛬ᚢᛅᛦ᛬ᚴᛂᛏᛁᛚᚠᛅᛋ᛬ᚤᛋᛏᛁ,18,synth,train
syn_w0_000442_uikik_ᚢᛁᚴᛁᚴ.png,w0,442,uikik,ᚢᛁᚴᛁᚴ,5,synth,train
syn_w0_000443_þurbiourn_ᚦᚢᚱᛒᛁᚮᚢᚱᚾ.png,w0,443,þurbiourn,ᚦᚢᚱᛒᛁᚮᚢᚱᚾ,9,synth,train
syn_w0_000444_sten_þorstin_rui_ser_ᛋᛏᛂᚾ᛬ᚦᚮᚱᛋᛏᛁᚾ᛬ᚱᚢᛁ᛬ᛋᛂᚱ.png,w0,444,sten þorstin rui ser,ᛋᛏᛂᚾ᛬ᚦᚮᚱᛋᛏᛁᚾ᛬ᚱᚢᛁ᛬ᛋᛂᚱ,17,synth,train
syn_w0_000445_rest_kuþfastr_uaR_zion_ᚱᛂᛋᛏ᛬ᚴᚢᚦᚠᛅᛋᛏᚱ᛬ᚢᛅᛦ᛬ᛎᛁᚮᚾ.png,w0,445,rest kuþfastr uaR zion,ᚱᛂᛋᛏ᛬ᚴᚢᚦᚠᛅᛋᛏᚱ᛬ᚢᛅᛦ᛬ᛎᛁᚮᚾ,19,synth,train
syn_w0_000446_þæir_faþur_ᚦᚫᛁᚱ᛬ᚠᛅᚦᚢᚱ.png,w0,446,þæir faþur,ᚦᚫᛁᚱ᛬ᚠᛅᚦᚢᚱ,9,synth,train
syn_w0_000447_þigsla_ąsa_ąsbiarnaR_gRra_ᚦᛁᚵᛋᛚᛅ᛬ᚬᛋᛅ᛬ᚬᛋᛒᛁᛅᚱᚾᛅᛦ᛬ᚵᛦᚱᛅ.png,w0,447,þigsla ąsa ąsbiarnaR gRra,ᚦᛁᚵᛋᛚᛅ᛬ᚬᛋᛅ᛬ᚬᛋᛒᛁᛅᚱᚾᛅᛦ᛬ᚵᛦᚱᛅ,22,synth,train
syn_w0_000448_siaul_amuti_ᛋᛁᛅᚢᛚ᛬ᛅᛘᚢᛏᛁ.png,w0,448,siaul amuti,ᛋᛁᛅᚢᛚ᛬ᛅᛘᚢᛏᛁ,10,synth,train
syn_w0_000449_kuþ_ᚴᚢᚦ.png,w0,449,kuþ,ᚴᚢᚦ,3,synth,train
syn_w0_000450_þorstin_ᚦᚮᚱᛋᛏᛁᚾ.png,w0,450,þorstin,ᚦᚮᚱᛋᛏᛁᚾ,7,synth,train
syn_w0_000451_aok_sitn_iutska_aftR_ᛅᚮᚴ᛬ᛋᛁᛏᚾ᛬ᛁᚢᛏᛋᚴᛅ᛬ᛅᚠᛏᛦ.png,w0,451,aok sitn iutska aftR,ᛅᚮᚴ᛬ᛋᛁᛏᚾ᛬ᛁᚢᛏᛋᚴᛅ᛬ᛅᚠᛏᛦ,17,synth,train
syn_w0_000452_ernkisl_ᛂᚱᚾᚴᛁᛋᛚ.png,w0,452,ernkisl,ᛂᚱᚾᚴᛁᛋᛚ,7,synth,test
syn_w0_000453_shunar_muþiR_ᛋᚼᚢᚾᛅᚱ᛬ᛘᚢᚦᛁᛦ.png,w0,453,shunar muþiR,ᛋᚼᚢᚾᛅᚱ᛬ᛘᚢᚦᛁᛦ,11,synth,train
syn_w0_000454_iukiR_ftR_ᛁᚢᚴᛁᛦ᛬ᚠᛏᛦ.png,w0,454,iukiR ftR,ᛁᚢᚴᛁᛦ᛬ᚠᛏᛦ,8,synth,train
syn_w0_000455_lfa_ᛚᚠᛅ.png,w0,455,lfa,ᛚᚠᛅ,3,synth,train
syn_w0_000456_uil_bruþ_ᚢᛁᛚ᛬ᛒᚱᚢᚦ.png,w0,456,uil bruþ,ᚢᛁᛚ᛬ᛒᚱᚢᚦ,7,synth,train
syn_w0_000457_tre_ronuig_tuþr_ᛏᚱᛂ᛬ᚱᚮᚾᚢᛁᚵ᛬ᛏᚢᚦᚱ.png,w0,457,tre ronuig tuþr,ᛏᚱᛂ᛬ᚱᚮᚾᚢᛁᚵ᛬ᛏᚢᚦᚱ,13,synth,train
syn_w0_000458_rfæi_ᚱᚠᚫᛁ.png,w0,458,rfæi,ᚱᚠᚫᛁ,4,synth,train
syn_w0_000459_urnbura_ᚢᚱᚾᛒᚢᚱᛅ.png,w0,459,urnbura,ᚢᚱᚾᛒᚢᚱᛅ,7,synth,train
syn_w0_000460_hamnta_rais_ide_gisl_ᚼᛅᛘᚾᛏᛅ᛬ᚱᛅᛁᛋ᛬ᛁᛑᛂ᛬ᚵᛁᛋᛚ.png,w0,460,hamnta rais ide gisl,ᚼᛅᛘᚾᛏᛅ᛬ᚱᛅᛁᛋ᛬ᛁᛑᛂ᛬ᚵᛁᛋᛚ,17,synth,train
syn_w0_000461_æft_kuþs_ᚫᚠᛏ᛬ᚴᚢᚦᛋ.png,w0,461,æft kuþs,ᚫᚠᛏ᛬ᚴᚢᚦᛋ,7,synth,train
syn_w0_000462_saifok_sikat_ᛋᛅᛁᚠᚮᚴ᛬ᛋᛁᚴᛅᛏ.png,w0,462,saifok sikat,ᛋᛅᛁᚠᚮᚴ᛬ᛋᛁᚴᛅᛏ,11,synth,train
syn_w0_000463_skari_ᛋᚴᛅᚱᛁ.png,w0,463,skari,ᛋᚴᛅᚱᛁ,5,synth,train
syn_w0_000464_þuri_suni_ᚦᚢᚱᛁ᛬ᛋᚢᚾᛁ.png,w0,464,þuri suni,ᚦᚢᚱᛁ᛬ᛋᚢᚾᛁ,8,synth,train
syn_w0_000465_þorkutr_þaiRa_mes_afr_ᚦᚮᚱᚴᚢᛏᚱ᛬ᚦᛅᛁᛦᛅ᛬ᛘᛂᛋ᛬ᛅᚠᚱ.png,w0,465,þorkutr þaiRa mes afr,ᚦᚮᚱᚴᚢᛏᚱ᛬ᚦᛅᛁᛦᛅ᛬ᛘᛂᛋ᛬ᛅᚠᚱ,18,synth,train
syn_w0_000466_kisila_ᚴᛁᛋᛁᛚᛅ.png,w0,466,kisila,ᚴᛁᛋᛁᛚᛅ,6,synth,train
syn_w0_000467_sau_þas_stin_ᛋᛅᚢ᛬ᚦᛅᛋ᛬ᛋᛏᛁᚾ.png,w0,467,sau þas stin,ᛋᛅᚢ᛬ᚦᛅᛋ᛬ᛋᛏᛁᚾ,10,synth,train
syn_w0_000468_arli_þurkil_sum_ᛅᚱᛚᛁ᛬ᚦᚢᚱᚴᛁᛚ᛬ᛋᚢᛘ.png,w0,468,arli þurkil sum,ᛅᚱᛚᛁ᛬ᚦᚢᚱᚴᛁᛚ᛬ᛋᚢᛘ,13,synth,train
syn_w0_000469_sum_mun_ᛋᚢᛘ᛬ᛘᚢᚾ.png,w0,469,sum mun,ᛋᚢᛘ᛬ᛘᚢᚾ,6,synth,train
syn_w0_000470_folki_buruþR_ᚠᚮᛚᚴᛁ᛬ᛒᚢᚱᚢᚦᛦ.png,w0,470,folki buruþR,ᚠᚮᛚᚴᛁ᛬ᛒᚢᚱᚢᚦᛦ,11,synth,val
syn_w0_000471_bro_kre_ᛒᚱᚮ᛬ᚴᚱᛂ.png,w0,471,bro kre,ᛒᚱᚮ᛬ᚴᚱᛂ,6,synth,train
syn_w0_000472_kaum_tua_kør_tuu_ᚴᛅᚢᛘ᛬ᛏᚢᛅ᛬ᚴᚯᚱ᛬ᛏᚢᚢ.png,w0,472,kaum tua kør tuu,ᚴᛅᚢᛘ᛬ᛏᚢᛅ᛬ᚴᚯᚱ᛬ᛏᚢᚢ,13,synth,val
syn_w0_000473_hos_ᚼᚮᛋ.png,w0,473,hos,ᚼᚮᛋ,3,synth,train
syn_w0_000474_ast_ᛅᛋᛏ.png,w0,474,ast,ᛅᛋᛏ,3,synth,train
syn_w0_000475_rauniki_þino_biu_atoi_ᚱᛅᚢᚾᛁᚴᛁ᛬ᚦᛁᚾᚮ᛬ᛒᛁᚢ᛬ᛅᛏᚮᛁ.png,w0,475,rauniki þino biu atoi,ᚱᛅᚢᚾᛁᚴᛁ᛬ᚦᛁᚾᚮ᛬ᛒᛁᚢ᛬ᛅᛏᚮᛁ,18,synth,train
syn_w0_000476_fuþur_ᚠᚢᚦᚢᚱ.png,w0,476,fuþur,ᚠᚢᚦᚢᚱ,5,synth,train
syn_w0_000477_sin_fuþbuk_roþkaiR_þair_ᛋᛁᚾ᛬ᚠᚢᚦᛒᚢᚴ᛬ᚱᚮᚦᚴᛅᛁᛦ᛬ᚦᛅᛁᚱ.png,w0,477,sin fuþbuk roþkaiR þair,ᛋᛁᚾ᛬ᚠᚢᚦᛒᚢᚴ᛬ᚱᚮᚦᚴᛅᛁᛦ᛬ᚦᛅᛁᚱ,20,synth,train
syn_w0_000478_kuinu_iuf_kuþ_fiavit_ᚴᚢᛁᚾᚢ᛬ᛁᚢᚠ᛬ᚴᚢᚦ᛬ᚠᛁᛅᚡᛁᛏ.png,w0,478,kuinu iuf kuþ fiavit,ᚴᚢᛁᚾᚢ᛬ᛁᚢᚠ᛬ᚴᚢᚦ᛬ᚠᛁᛅᚡᛁᛏ,17,synth,train
syn_w0_000479_gyriR_kri_ᚵᚤᚱᛁᛦ᛬ᚴᚱᛁ.png,w0,479,gyriR kri,ᚵᚤᚱᛁᛦ᛬ᚴᚱᛁ,8,synth,train
syn_w0_000480_bid_ide_sun_ᛒᛁᛑ᛬ᛁᛑᛂ᛬ᛋᚢᚾ.png,w0,480,bid ide sun,ᛒᛁᛑ᛬ᛁᛑᛂ᛬ᛋᚢᚾ,9,synth,train
syn_w0_000481_ikifastr_arinbiorn_fyrri_buþa_ᛁᚴᛁᚠᛅᛋᛏᚱ᛬ᛅᚱᛁᚾᛒᛁᚮᚱᚾ᛬ᚠᚤᚱᚱᛁ᛬ᛒᚢᚦᛅ.png,w0,481,ikifastr arinbiorn fyrri buþa,ᛁᚴᛁᚠᛅᛋᛏᚱ᛬ᛅᚱᛁᚾᛒᛁᚮᚱᚾ᛬ᚠᚤᚱᚱᛁ᛬ᛒᚢᚦᛅ,26,synth,train
syn_w0_000482_uþær_ᚢᚦᚫᚱ.png,w0,482,uþær,ᚢᚦᚫᚱ,4,synth,train
syn_w0_000483_stin_istbliR_fum_sakiR_ᛋᛏᛁᚾ᛬ᛁᛋᛏᛒᛚᛁᛦ᛬ᚠᚢᛘ᛬ᛋᛅᚴᛁᛦ.png,w0,483,stin istbliR fum sakiR,ᛋᛏᛁᚾ᛬ᛁᛋᛏᛒᛚᛁᛦ᛬ᚠᚢᛘ᛬ᛋᛅᚴᛁᛦ,19,synth,train
syn_w0_000484_hialbi_ᚼᛁᛅᛚᛒᛁ.png,w0,484,hialbi,ᚼᛁᛅᛚᛒᛁ,6,synth,train
syn_w0_000485_faþ_uiþi_ᚠᛅᚦ᛬ᚢᛁᚦᛁ.png,w0,485,faþ uiþi,ᚠᛅᚦ᛬ᚢᛁᚦᛁ,7,synth,train
syn_w0_000486_gibidæþfo_ifiti_iRu_ᚵᛁᛒᛁᛑᚫᚦᚠᚮ᛬ᛁᚠᛁᛏᛁ᛬ᛁᛦᚢ.png,w0,486,gibidæþfo ifiti iRu,ᚵᛁᛒᛁᛑᚫᚦᚠᚮ᛬ᛁᚠᛁᛏᛁ᛬ᛁᛦᚢ,17,synth,train
syn_w0_000487_þurstin_soþni_ᚦᚢᚱᛋᛏᛁᚾ᛬ᛋᚮᚦᚾᛁ.png,w0,487,þurstin soþni,ᚦᚢᚱᛋᛏᛁᚾ᛬ᛋᚮᚦᚾᛁ,12,synth,train
syn_w0_000488_brim_stain_RkRkriþnr_ᛒᚱᛁᛘ᛬ᛋᛏᛅᛁᚾ᛬ᛦᚴᛦᚴᚱᛁᚦᚾᚱ.png,w0,488,brim stain RkRkriþnr,ᛒᚱᛁᛘ᛬ᛋᛏᛅᛁᚾ᛬ᛦᚴᛦᚴᚱᛁᚦᚾᚱ,18,synth,train
syn_w0_000489_honom_ᚼᚮᚾᚮᛘ.png,w0,489,honom,ᚼᚮᚾᚮᛘ,5,synth,train
syn_w0_000490_aftR_ᛅᚠᛏᛦ.png,w0,490,aftR,ᛅᚠᛏᛦ,4,synth,train
syn_w0_000491_minum_rista_ᛘᛁᚾᚢᛘ᛬ᚱᛁᛋᛏᛅ.png,w0,491,minum rista,ᛘᛁᚾᚢᛘ᛬ᚱᛁᛋᛏᛅ,10,synth,test
syn_w0_000492_bRrþ_fyrst_kuþr_dauþum_ᛒᛦᚱᚦ᛬ᚠᚤᚱᛋᛏ᛬ᚴᚢᚦᚱ᛬ᛑᛅᚢᚦᚢᛘ.png,w0,492,bRrþ fyrst kuþr dauþum,ᛒᛦᚱᚦ᛬ᚠᚤᚱᛋᛏ᛬ᚴᚢᚦᚱ᛬ᛑᛅᚢᚦᚢᛘ,19,synth,train
syn_w0_000493_bænætik_ᛒᚫᚾᚫᛏᛁᚴ.png,w0,493,bænætik,ᛒᚫᚾᚫᛏᛁᚴ,7,synth,train
syn_w0_000494_raisa_isþu_bietr_rdum_ᚱᛅᛁᛋᛅ᛬ᛁᛋᚦᚢ᛬ᛒᛁᛂᛏᚱ᛬ᚱᛑᚢᛘ.png,w0,494,raisa isþu bietr rdum,ᚱᛅᛁᛋᛅ᛬ᛁᛋᚦᚢ᛬ᛒᛁᛂᛏᚱ᛬ᚱᛑᚢᛘ,18,synth,train
syn_w0_000495_roþen_tufa_lus_ᚱᚮᚦᛂᚾ᛬ᛏᚢᚠᛅ᛬ᛚᚢᛋ.png,w0,495,roþen tufa lus,ᚱᚮᚦᛂᚾ᛬ᛏᚢᚠᛅ᛬ᛚᚢᛋ,12,synth,train
syn_w0_000496_ulfuR_stu_þansi_hiabi_ᚢᛚᚠᚢᛦ᛬ᛋᛏᚢ᛬ᚦᛅᚾᛋᛁ᛬ᚼᛁᛅᛒᛁ.png,w0,496,ulfuR stu þansi hiabi,ᚢᛚᚠᚢᛦ᛬ᛋᛏᚢ᛬ᚦᛅᚾᛋᛁ᛬ᚼᛁᛅᛒᛁ,18,synth,train
syn_w0_000497_suafa_aslakR_hannes_ᛋᚢᛅᚠᛅ᛬ᛅᛋᛚᛅᚴᛦ᛬ᚼᛅᚾᚾᛂᛋ.png,w0,497,suafa aslakR hannes,ᛋᚢᛅᚠᛅ᛬ᛅᛋᛚᛅᚴᛦ᛬ᚼᛅᚾᚾᛂᛋ,17,synth,train
syn_w0_000498_lma_abt_ᛚᛘᛅ᛬ᛅᛒᛏ.png,w0,498,lma abt,ᛚᛘᛅ᛬ᛅᛒᛏ,6,synth,train
syn_w0_000499_rato_afi_þuruþr_ᚱᛅᛏᚮ᛬ᛅᚠᛁ᛬ᚦᚢᚱᚢᚦᚱ.png,w0,499,rato afi þuruþr,ᚱᛅᛏᚮ᛬ᛅᚠᛁ᛬ᚦᚢᚱᚢᚦᚱ,13,synth,train
syn_w0_000500_þorbon_iacobus_bruþiR_son_ᚦᚮᚱᛒᚮᚾ᛬ᛁᛅᛍᚮᛒᚢᛋ᛬ᛒᚱᚢᚦᛁᛦ᛬ᛋᚮᚾ.png,w0,500,þorbon iacobus bruþiR son,ᚦᚮᚱᛒᚮᚾ᛬ᛁᛅᛍᚮᛒᚢᛋ᛬ᛒᚱᚢᚦᛁᛦ᛬ᛋᚮᚾ,22,synth,train
syn_w0_000501_litu_kulifs_ᛚᛁᛏᚢ᛬ᚴᚢᛚᛁᚠᛋ.png,w0,501,litu kulifs,ᛚᛁᛏᚢ᛬ᚴᚢᛚᛁᚠᛋ,10,synth,train
syn_w0_000502_guþ_ᚵᚢᚦ.png,w0,502,guþ,ᚵᚢᚦ,3,synth,train
syn_w0_000503_hiuk_ubbi_ᚼᛁᚢᚴ᛬ᚢᛒᛒᛁ.png,w0,503,hiuk ubbi,ᚼᛁᚢᚴ᛬ᚢᛒᛒᛁ,8,synth,train
syn_w0_000504_muþurbruþur_þori_resti_llul_ᛘᚢᚦᚢᚱᛒᚱᚢᚦᚢᚱ᛬ᚦᚮᚱᛁ᛬ᚱᛂᛋᛏᛁ᛬ᛚᛚᚢᛚ.png,w0,504,muþurbruþur þori resti llul,ᛘᚢᚦᚢᚱᛒᚱᚢᚦᚢᚱ᛬ᚦᚮᚱᛁ᛬ᚱᛂᛋᛏᛁ᛬ᛚᛚᚢᛚ,24,synth,train
syn_w0_000505_faþur_uinsciþ_bonta_ᚠᛅᚦᚢᚱ᛬ᚢᛁᚾᛋᛍᛁᚦ᛬ᛒᚮᚾᛏᛅ.png,w0,505,faþur uinsciþ bonta,ᚠᛅᚦᚢᚱ᛬ᚢᛁᚾᛋᛍᛁᚦ᛬ᛒᚮᚾᛏᛅ,17,synth,train
syn_w0_000506_litu_funum_tir_ᛚᛁᛏᚢ᛬ᚠᚢᚾᚢᛘ᛬ᛏᛁᚱ.png,w0,506,litu funum tir,ᛚᛁᛏᚢ᛬ᚠᚢᚾᚢᛘ᛬ᛏᛁᚱ,12,synth,val
syn_w0_000507_aukli_runar_tumisnis_ᛅᚢᚴᛚᛁ᛬ᚱᚢᚾᛅᚱ᛬ᛏᚢᛘᛁᛋᚾᛁᛋ.png,w0,507,aukli runar tumisnis,ᛅᚢᚴᛚᛁ᛬ᚱᚢᚾᛅᚱ᛬ᛏᚢᛘᛁᛋᚾᛁᛋ,18,synth,train
syn_w0_000508_gla_aufa_stain_ᚵᛚᛅ᛬ᛅᚢᚠᛅ᛬ᛋᛏᛅᛁᚾ.png,w0,508,gla aufa stain,ᚵᛚᛅ᛬ᛅᚢᚠᛅ᛬ᛋᛏᛅᛁᚾ,12,synth,train
syn_w0_000509_snalt_uku_ᛋᚾᛅᛚᛏ᛬ᚢᚴᚢ.png,w0,509,snalt uku,ᛋᚾᛅᛚᛏ᛬ᚢᚴᚢ,8,synth,train
syn_w0_000510_asualt_iærlæ_ᛅᛋᚢᛅᛚᛏ᛬ᛁᚫᚱᛚᚫ.png,w0,510,asualt iærlæ,ᛅᛋᚢᛅᛚᛏ᛬ᛁᚫᚱᛚᚫ,11,synth,train
syn_w0_000511_nesbiarn_kiarþi_ᚾᛂᛋᛒᛁᛅᚱᚾ᛬ᚴᛁᛅᚱᚦᛁ.png,w0,511,nesbiarn kiarþi,ᚾᛂᛋᛒᛁᛅᚱᚾ᛬ᚴᛁᛅᚱᚦᛁ,14,synth,train
syn_w0_000512_trink_eftir_ᛏᚱᛁᚾᚴ᛬ᛂᚠᛏᛁᚱ.png,w0,512,trink eftir,ᛏᚱᛁᚾᚴ᛬ᛂᚠᛏᛁᚱ,10,synth,train
syn_w0_000513_walhakurne_inkialtr_þkuþr_likr_ᚹᛅᛚᚼᛅᚴᚢᚱᚾᛂ᛬ᛁᚾᚴᛁᛅᛚᛏᚱ᛬ᚦᚴᚢᚦᚱ᛬ᛚᛁᚴᚱ.png,w0,513,walhakurne inkialtr þkuþr likr,ᚹᛅᛚᚼᛅᚴᚢᚱᚾᛂ᛬ᛁᚾᚴᛁᛅᛚᛏᚱ᛬ᚦᚴᚢᚦᚱ᛬ᛚᛁᚴᚱ,27,synth,train
syn_w0_000514_dionisius_kisl_ᛑᛁᚮᚾᛁᛋᛁᚢᛋ᛬ᚴᛁᛋᛚ.png,w0,514,dionisius kisl,ᛑᛁᚮᚾᛁᛋᛁᚢᛋ᛬ᚴᛁᛋᛚ,13,synth,train
syn_w0_000515_iuta_litu_ᛁᚢᛏᛅ᛬ᛚᛁᛏᚢ.png,w0,515,iuta litu,ᛁᚢᛏᛅ᛬ᛚᛁᛏᚢ,8,synth,train
syn_w0_000516_finlandi_þan_iftir_ᚠᛁᚾᛚᛅᚾᛑᛁ᛬ᚦᛅᚾ᛬ᛁᚠᛏᛁᚱ.png,w0,516,finlandi þan iftir,ᚠᛁᚾᛚᛅᚾᛑᛁ᛬ᚦᛅᚾ᛬ᛁᚠᛏᛁᚱ,16,synth,train
syn_w0_000517_hons_sit_ᚼᚮᚾᛋ᛬ᛋᛁᛏ.png,w0,517,hons sit,ᚼᚮᚾᛋ᛬ᛋᛁᛏ,7,synth,train
syn_w0_000518_afi_ᛅᚠᛁ.png,w0,518,afi,ᛅᚠᛁ,3,synth,train
syn_w0_000519_runar_krikiaR_krimar_ristu_ᚱᚢᚾᛅᚱ᛬ᚴᚱᛁᚴᛁᛅᛦ᛬ᚴᚱᛁᛘᛅᚱ᛬ᚱᛁᛋᛏᚢ.png,w0,519,runar krikiaR krimar ristu,ᚱᚢᚾᛅᚱ᛬ᚴᚱᛁᚴᛁᛅᛦ᛬ᚴᚱᛁᛘᛅᚱ᛬ᚱᛁᛋᛏᚢ,23,synth,train
syn_w0_000520_þialfi_ᚦᛁᛅᛚᚠᛁ.png,w0,520,þialfi,ᚦᛁᛅᛚᚠᛁ,6,synth,train
syn_w0_000521_blna_hui_linkntiþt_ᛒᛚᚾᛅ᛬ᚼᚢᛁ᛬ᛚᛁᚾᚴᚾᛏᛁᚦᛏ.png,w0,521,blna hui linkntiþt,ᛒᛚᚾᛅ᛬ᚼᚢᛁ᛬ᛚᛁᚾᚴᚾᛏᛁᚦᛏ,16,synth,train
syn_w0_000522_huatr_ᚼᚢᛅᛏᚱ.png,w0,522,huatr,ᚼᚢᛅᛏᚱ,5,synth,train
syn_w0_000523_fly_ᚠᛚᚤ.png,w0,523,fly,ᚠᛚᚤ,3,synth,train
syn_w0_000524_lfs_atli_ᛚᚠᛋ᛬ᛅᛏᛚᛁ.png,w0,524,lfs atli,ᛚᚠᛋ᛬ᛅᛏᛚᛁ,7,synth,train
syn_w0_000525_kara_ᚴᛅᚱᛅ.png,w0,525,kara,ᚴᛅᚱᛅ,4,synth,train
syn_w0_000526_stain_uihielbr_slit_hielbi_ᛋᛏᛅᛁᚾ᛬ᚢᛁᚼᛁᛂᛚᛒᚱ᛬ᛋᛚᛁᛏ᛬ᚼᛁᛂᛚᛒᛁ.png,w0,526,stain uihielbr slit hielbi,ᛋᛏᛅᛁᚾ᛬ᚢᛁᚼᛁᛂᛚᛒᚱ᛬ᛋᛚᛁᛏ᛬ᚼᛁᛂᛚᛒᛁ,23,synth,train
syn_w0_000527_siin_lit_mik_ᛋᛁᛁᚾ᛬ᛚᛁᛏ᛬ᛘᛁᚴ.png,w0,527,siin lit mik,ᛋᛁᛁᚾ᛬ᛚᛁᛏ᛬ᛘᛁᚴ,10,synth,train
syn_w0_000528_sti_ᛋᛏᛁ.png,w0,528,sti,ᛋᛏᛁ,3,synth,train
syn_w0_000529_rist_siriþaR_ᚱᛁᛋᛏ᛬ᛋᛁᚱᛁᚦᛅᛦ.png,w0,529,rist siriþaR,ᚱᛁᛋᛏ᛬ᛋᛁᚱᛁᚦᛅᛦ,11,synth,train
syn_w0_000530_ligær_tuma_aka_ᛚᛁᚵᚫᚱ᛬ᛏᚢᛘᛅ᛬ᛅᚴᛅ.png,w0,530,ligær tuma aka,ᛚᛁᚵᚫᚱ᛬ᛏᚢᛘᛅ᛬ᛅᚴᛅ,12,synth,val
syn_w0_000531_hans_bont_stura_biarn_ᚼᛅᚾᛋ᛬ᛒᚮᚾᛏ᛬ᛋᛏᚢᚱᛅ᛬ᛒᛁᛅᚱᚾ.png,w0,531,hans bont stura biarn,ᚼᛅᚾᛋ᛬ᛒᚮᚾᛏ᛬ᛋᛏᚢᚱᛅ᛬ᛒᛁᛅᚱᚾ,18,synth,train
syn_w0_000532_pazs_ᛔᛅᛎᛋ.png,w0,532,pazs,ᛔᛅᛎᛋ,4,synth,train
syn_w0_000533_ifti_ᛁᚠᛏᛁ.png,w0,533,ifti,ᛁᚠᛏᛁ,4,synth,train
syn_w0_000534_bloþ_ᛒᛚᚮᚦ.png,w0,534,bloþ,ᛒᛚᚮᚦ,4,synth,test
syn_w0_000535_sumarleþi_þurstain_hariwolafR_ᛋᚢᛘᛅᚱᛚᛂᚦᛁ᛬ᚦᚢᚱᛋᛏᛅᛁᚾ᛬ᚼᛅᚱᛁᚹᚮᛚᛅᚠᛦ.png,w0,535,sumarleþi þurstain hariwolafR,ᛋᚢᛘᛅᚱᛚᛂᚦᛁ᛬ᚦᚢᚱᛋᛏᛅᛁᚾ᛬ᚼᛅᚱᛁᚹᚮᛚᛅᚠᛦ,27,synth,train
syn_w0_000536_moþ_ᛘᚮᚦ.png,w0,536,moþ,ᛘᚮᚦ,3,synth,train
syn_w0_000537_luh_kunuak_orka_ᛚᚢᚼ᛬ᚴᚢᚾᚢᛅᚴ᛬ᚮᚱᚴᛅ.png,w0,537,luh kunuak orka,ᛚᚢᚼ᛬ᚴᚢᚾᚢᛅᚴ᛬ᚮᚱᚴᛅ,13,synth,val
syn_w0_000538_muþu_tuka_ᛘᚢᚦᚢ᛬ᛏᚢᚴᛅ.png,w0,538,muþu tuka,ᛘᚢᚦᚢ᛬ᛏᚢᚴᛅ,8,synth,train
syn_w0_000539_ift_riuRkaiR_ᛁᚠᛏ᛬ᚱᛁᚢᛦᚴᛅᛁᛦ.png,w0,539,ift riuRkaiR,ᛁᚠᛏ᛬ᚱᛁᚢᛦᚴᛅᛁᛦ,11,synth,train
syn_w0_000540_uataruek_bestr_ᚢᛅᛏᛅᚱᚢᛂᚴ᛬ᛒᛂᛋᛏᚱ.png,w0,540,uataruek bestr,ᚢᛅᛏᛅᚱᚢᛂᚴ᛬ᛒᛂᛋᛏᚱ,13,synth,train
syn_w0_000541_baþ_karþi_ᛒᛅᚦ᛬ᚴᛅᚱᚦᛁ.png,w0,541,baþ karþi,ᛒᛅᚦ᛬ᚴᛅᚱᚦᛁ,8,synth,train
syn_w0_000542_þahn_ᚦᛅᚼᚾ.png,w0,542,þahn,ᚦᛅᚼᚾ,4,synth,train
syn_w0_000543_mir_sua_bruþur_ᛘᛁᚱ᛬ᛋᚢᛅ᛬ᛒᚱᚢᚦᚢᚱ.png,w0,543,mir sua bruþur,ᛘᛁᚱ᛬ᛋᚢᛅ᛬ᛒᚱᚢᚦᚢᚱ,12,synth,train
syn_w0_000544_etiR_faþu_bul_ᛂᛏᛁᛦ᛬ᚠᛅᚦᚢ᛬ᛒᚢᛚ.png,w0,544,etiR faþu bul,ᛂᛏᛁᛦ᛬ᚠᛅᚦᚢ᛬ᛒᚢᛚ,11,synth,train
syn_w0_000545_raistu_ndskrift_kanuiþ_iiift_ᚱᛅᛁᛋᛏᚢ᛬ᚾᛑᛋᚴᚱᛁᚠᛏ᛬ᚴᛅᚾᚢᛁᚦ᛬ᛁᛁᛁᚠᛏ.png,w0,545,raistu ndskrift kanuiþ iiift,ᚱᛅᛁᛋᛏᚢ᛬ᚾᛑᛋᚴᚱᛁᚠᛏ᛬ᚴᛅᚾᚢᛁᚦ᛬ᛁᛁᛁᚠᛏ,25,synth,train
syn_w0_000546_hala_ᚼᛅᛚᛅ.png,w0,546,hala,ᚼᛅᛚᛅ,4,synth,val
syn_w0_000547_kai_uasati_skagi_fta_ᚴᛅᛁ᛬ᚢᛅᛋᛅᛏᛁ᛬ᛋᚴᛅᚵᛁ᛬ᚠᛏᛅ.png,w0,547,kai uasati skagi fta,ᚴᛅᛁ᛬ᚢᛅᛋᛅᛏᛁ᛬ᛋᚴᛅᚵᛁ᛬ᚠᛏᛅ,17,synth,train
syn_w0_000548_smiþ_sin_defeisio_þænnna_ᛋᛘᛁᚦ᛬ᛋᛁᚾ᛬ᛑᛂᚠᛂᛁᛋᛁᚮ᛬ᚦᚫᚾᚾᚾᛅ.png,w0,548,smiþ sin defeisio þænnna,ᛋᛘᛁᚦ᛬ᛋᛁᚾ᛬ᛑᛂᚠᛂᛁᛋᛁᚮ᛬ᚦᚫᚾᚾᚾᛅ,21,synth,train
syn_w0_000549_garþi_broþir_hugi_ᚵᛅᚱᚦᛁ᛬ᛒᚱᚮᚦᛁᚱ᛬ᚼᚢᚵᛁ.png,w0,549,garþi broþir hugi,ᚵᛅᚱᚦᛁ᛬ᛒᚱᚮᚦᛁᚱ᛬ᚼᚢᚵᛁ,15,synth,train
